player,name
0x0004df58332be821ebd0a2f498c211873e3b8f2c,gerva7
0x000b7b9b19317ad64d1859f5945b6ae44bfbba3b,Gnosis Developers
0x000e7af46fd72d4613e9e31add57565e5c9639a8,mettodo
0x0011a6740e9c340231fdc8f59f0f98452c4f55e8,Teenage Engineering PO-14
0x0011bf86bf0362c6cba402f3857177a2faf42643,The Inner Circle-mint-handler
0x001d5d9cdb1a59eca27fe8c89d1c25fd977f47fd,Obande
0x002ccee4c3e4cacd665d244793f52584ccf7f93d,corot
0x002d979ec5044ca58eeb49d9c1f63b507b20d1f4,InvitationModule
0x0034769cf7c11f4ecad80fa4b3331fb89840933f,NFT Ticket Seller
0x0038b3a7fa3c57b7faaf925a6225dc85ecfb43de,Dollarbill
0x003d222fea904941bf28402422acb2013e84300f,Dollar Auction Hub
0x00442664ab638d8c96f40b1a96881548a3cfdc7d,DEFG
0x004a071adb39bcf0a952b4b218205570cd0c6344,Stok2Vel-mint-handler
0x004cdbb763c2ae3393cf740d6c10d145a08b39d8,Juan Cuevas
0x004ce0006564f2b3e6df8c7e7dd0dffc3ce4b76b,Tobias
0x00501c7216c82742fa77d658c07eff61308d3d51,matteo83
0x006195c2fa680076f6f92955b3f7a80cc62dd9cf,Will there be more than 8k  - No
0x006ed9f21b658f8676cdd5399c07e4884a76400a,yogimickalla
0x006fb0f3fddda1f4388bcc464feb975925fa5156,Aletheia-treasury
0x006fe4d46fca9bc5a37f1130791c3ccd5f793e9b,bertux0x
0x00724cf9c3661629888ef9f2bb061c9a5f42dbe2,axel
0x00738aca013b7b2e6cfe1690f0021c3182fa40b5,InvitationModule
0x0079d71120eb42f667c240e020f301f006334f6d,charitos
0x007e0e80f51bbdc6b6801678f0ff374e4c049ace,bellisan
0x007e9156c7136ae95ce5ef3bc2275f7eec07c101,Circles-Faucet
0x007f49c84e756a3916cd0f6ec492ddca565e7727,hash
0x00855e5295f9f791f7ea5e50afe23e069c4c39fe,Gnosis-treasury
0x008c3a081e7991e4d4280f56dc7af615356f13b0,parkienator
0x009626daded5e90aecee30ad3ebf2b3e510fe256,Thor
0x00a1ece59cd9c672475a62cb0395ab3fe066263b,gricelda
0x00c18fd7bf7b5df9a74b4497c8f4045cd9c95e7a,TestG
0x00c1a56da8b7460140c511f7d73ab3b33113a92d,Aleks
0x00c6644005335b295f4fe3466ae9897e54f41d43,rgreg
0x00c702d67fa8d34445f11dd7e17b9c413d57158c,Builder Support Hub
0x00cde26d3bf26d3e698c493bacc3fee656f50295,0x00cd...0295
0x00cfaf33146942d1be77396e633e8a15a52cd81d,minhoryang.eth
0x00ddd13cd17b90e145a22808c19acd81da8f99c1,godlove1
0x00de016e32cff6f3e41d65ab638ff56df7e48492,Kelvin Carneiro
0x00eb7ab0b9576071a92f36533d866b62670fff0e,testaccount9
0x00f75383391de4d08f487e479eade905b9cd3c15,krystyna@ethcc
0x00ff9d20fbe926efcb51882a16dc53fc0138a529,Milan
0x011615c81664da8a0d8aa352bbfb412f2933c497,afro
0x011ccd3386cbb468e01590f888774b2d8d410391,My new group 4
0x011de3eaeb918f74c73815e1caf3545bb4ecfddf,Nido
0x0124dc995e5d23915f453955923d5840563e2a47,CryptoRastas
0x0139f23fd9019140fa63d44653aa96ba0fff8e66,nt1764781
0x013ce2f72eae7c87e4d05a3ddce50ef91787dc91,Andrea
0x013d8f8227dce534876bba8b3441cd93a7a241f9,TestTVS
0x013e0f460742e870fa966a638533bfe1ede13d67,GNO Bonus
0x0143ec0a43eceb96cf04b2d5ec7e6438d8627f65,Ruwahe
0x014a0de68cca7b53e71a336f0d16b21dd6ba0fc3,Krish
0x014ac07172e1e059d5e11a7049d5b1414784b50d,Mehrwert-treasury
0x0155f207a72597fbad8f61b32f7468ee0646268f,Qban
0x015a0f9a013cdcf40eb469a2c6c0d977d996c845,Star-struck-treasury
0x015ed0234f367607bf60089ee59f8171dbc0c5d3,MaCos
0x016cc008a500b624ef0c6fa9f3d0b39e912fa20d,Syamala
0x016ee9b7495bebab393560020ae2ce930afdbe18,Jeroen Doensen
0x017b2238e04c7f6cf22ed8e81840829cfae6755f,empty5
0x017ef05bf9ce53ee050b72f27b967bacee862c42,maikyman
0x01835e6ba4866bd28c21d61941463b5f47ff8a0e,LaborToken
0x018adc4a38e07184a501a3c22b35ffae73575c4c,Unden1961@jourrapide.com
0x0192caa5969bba09b406a63e267460f3b4073231,Buzzy8
0x01936625664756335fd469b1120f93ae617ce511,dgroup-mint-handler
0x019e84a78e1137539bd6474652088ebdc158ad84,dydymoon
0x01a590a8c429afb793069d23d963abf342ced44f,shrntest2-lp
0x01a7d360dd1347b3f475e4bd7bec1fbcd7b70291,Sunday
0x01b3e3d9ed93edc0319af4ca737fbcb321763743,ging
0x01b4fa5ef585232b6fc518cbd618e78d950b560c,Jairo David Ochoa Arroba
0x01cf1aa8ccb298bf70e6cee04d6acc5d97b77015,Jayme
0x01d7863a5fb56f552d9645f089d20882cb2e7a00,Buen
0x01d8b36a576a147ee62ab096294e061cf96f2d8a,Anton
0x01ea99c87c9d8ee0f3d6931a4e6995f6c38fbb1a,KRAKE
0x01f3501451f35879fae83b231bd7990038d733aa,jukkako
0x01fb4973bc6ec3fe822db1392382d659fcf7ad56,Paul's personal group
0x0202ad5b682c0858c167be39b910de61a844a254,jmackow
0x020b712a430694e09967b1389e91c1b5aa15d4d9,Rebound-treasury
0x020f6a2278ff89ee44b2f3246cd68cbdba1f99d8,osystem800
0x021918258e08729be71f465da8439ec4b1b044e8,vb-lottery-test-2
0x021c5268e1bb11c9c55e12bd7ed179cc4a1b6d1f,gregerger
0x0220b9c91b8dc5cb88b7959e93451929499248cb,BAABEETest
0x02218f0fd9ae6caabb59087088e74caa294d479a,Gabi Fifi
0x0228ea75e0385fdabd476e38549c5f7de48bf444,test2-lp
0x022bb689ecbe40e5c5532992a20b783b2fec4985,screlen
0x022c808b194c647e8dc3f57f96dac4da147fafa4,cypherfreak
0x023597f2c7aa844d7b3054799dc6f7b2c6bda6af,CoqMalin.fr-mint-handler
0x02399ab59bcbfd08c9f39d2d16a7075c4f23e539,CRC Auto Minter
0x024a08b22ef0000d2e049954bd7cfbdbd606f978,jniset
0x024be84107f4fb960911b8d4d4f80c491c41d39b,Dj Killah 021
0x024ccefd0beb4e4045bfd4a83580792d7c0fee63,Taproot
0x025d4fc91e76769c8b1f2e07233803d66f09074b,quang6947
0x026057c361d9d66f7af8762552827d52767b00c5,sureshadev.py
0x0263dc79268463bea7b18e854a5c292a6c1ec511,Jack emery
0x026c9e8329136d1847ce59b63340609e10094450,Saut1932@dayrep.com
0x027bf655e88c1502ff81df849f742b33a3fe5688,h-minter
0x0281703251309fd132ca12eac9ffafc368f97a7c,testttt-treasury
0x0281a57bb35abb201deb142a6e51eed5954b39ae,Marguerite
0x02835de0eeec5cb648f22bbbba6b7fcd8d6f6e9d,Hamza
0x02854cd66b22c6d9562d32ac5aed2b2e5e5a0d17,LAMBO
0x028b7789ce8a6796d693b85b439c8aba924229bf,my first test group-minter
0x029b28da5a0e72b4ce98b26502936122695b12be,perfection
0x029ea4366cc7c75b7f5f5737752862cfaa9c2b0e,MoosGarden
0x02a6b43e10c3f8f98dc7e9a4819eb7ff7440ddf1,gr
0x02b1d0d5b940d01782aee185d0d9df94eda7a804,Space Cadets
0x02b50e87c577084b9659a625870b4a6e8a8e9238,houndbee
0x02bb02014f4f0d3e7562e2326926723bd550c0db,Yukiko
0x02befa435c36416d22dfc79eee14245e3d7f5790,javi
0x02c927df2991cd3f2b990be180646a3081775070,DevGroup-treasury
0x02cdd5907805836b290d4a834fee4f6a611b775b,dudeamir
0x02d748d571730c12cfa2e9e88968f6677cca9a09,Boar Maria
0x02d86dd70ff1be27879f040a98dbd4f70569cf25,Liberal Republic
0x02da7c698f0b77731afb0764e39a4f6dc705f6bc,Pieter
0x02e1ea7119cc8a9d36fb9955cf1b3890891b195a,Christos
0x02e6bd0d85ada38f62dbbec48f71b05f605ebc75,0x02e6...Bc75
0x02e93e1b04237408c67b66ed58ac85ecb26d0388,Deliw
0x02ead19c3a3384414c45aed86cefbf9067db392f,0x02Ea...392f
0x02ec661817b66134ad7f8f870e62937f063bfd7f,Kiki Le Cochon Sorcier
0x02f702cdad30147ac12b176e2c8c5817eadf7ef8,„””””
0x02faab461e21f3bf22f44e82079ce6ba3171e48e,Linda
0x02feb5f4fda123757b1b182b6fb5ec370be6c876,testmemo-mint-handler
0x0300b95dbcab78b2308899900a511f073c51d6a6,dododj
0x03059e70be461d2d47cbe8db8812531828577187,Spiderman
0x0307017f8dcbe9aba19b2b4e5e249a08a102b9fd,TestGroup-treasury
0x030b300041e9c0ce9e918aa0d77fc34c93aeeab3,R0MCY
0x030cafe74114a37bb7396b1cdc464f838d0673d7,Microsoft
0x030ceeeb874515296704180a2b6b555b529503e9,minerknight
0x030fa58dd5dfa70aae7057a7e61da36480eea0ee,shadowvibex
0x03107d6faefc3fe323ec703152d725a8de96f99e,bben
0x031b22ddb6fc0a258d33903b34f59342ed1d5879,TestGroup-mint-handler
0x03209a18b6faf5a1a4783b8eb8c4d761b60b7cf5,dinahbliss
0x032719a38e6d32a190ffd5f1e8db28acc99772ab,0x0327...72aB
0x032c2201ea7a242f47e9f6dfec5f9fda6c0e91df,Circles Coop Berlin-mint-handler
0x0331c56d3c0bab38010066bc08108e8f1924af33,Martin Õismaa
0x0333a86670dabc1955572220c80fbf63278cc977,sophia
0x0337b8bc0eb78a39639ba8e1a067522f04684dce,Luis
0x033910d3f6b3e2664e3835d6c604692907f71c19,miniorg365
0x033f251d787beaf541fa8788f36e5c443199b23d,ILoveTesting
0x034a0303cf01ca85f8f688de24d7d6c0b3c15585,Camila
0x034b2046e76675180d19cbb86d126de8855598f7,0x034b...98F7
0x03533631b38d71cfa2296b64b8ad51e72b4236e7,DeployBase
0x0357ce22b18c8b51e974f7b6767843355aefcfa5,exchange
0x037dfd9b00ab1d4976b868a4654f8be4fcea2736,KBN-minter
0x0385d1ffae39ea95c9b20336e296cab066fdd0a3,Will more than 75.1k CRC b - sub
0x0397a5b09242ced0a251fa5814ac7f823bf42c32,New org
0x03aa3edb3c751521ccbf59caa2065878d14267d0,Cathy
0x03c034f7765b1a8f5ff6f87ba3ddbc14ac62eee0,Indy
0x03c0786e45c44ca66fc74b4bca173250380c7687,Emma
0x03cb3dfd3271b21b546703ce43b3e56ff75619cb,carol20377
0x03cc4268ecf4b11042218fe4b811f813d9c54750,testiv
0x03d0681a868911905d58e59e9b431c2b2d872fee,Dashboard
0x03d8581db18275b6231c99952ba9c48e01044fad,marissaposner
0x03dae159e1392da3dadbcdf6cbe3abe9615a4372,Test k-sterio #2
0x03ea149506c2c13b6baaabbd683db7d9f5d794ba,Michael K
0x03ea8e0d004f24326047856d40007e688e0c66f5,scout demo-minter
0x03f937f2d7b0fba7bf6a3350f617a8a7560a4f43,t3 crc safe _1
0x04038c972dd71fb9caeceb0fd275d7c2dc9bfbd3,Will more than 1000 humans  - No
0x04161ea4849dda2accc964937ecb0bd73d0b10f5,Duck
0x041eac9df1a909ef66c95860b39d10ce6d10504a,testitesti-1-treasury
0x042486aa3cb46ae01330441703e58a526ca5dff7,Lourizza
0x042bc236d020df3c8d1723f35cd4516b61282a03,tenzin
0x042c6f96eb14afc4b3fab066876d8b3c2585bee1,efwefwe-treasury
0x042f66a5c3b822aa732c6689e286bb868c17f9b7,Guidz
0x043c95f3027b2ca5503f1b3436afdf2febf3db7b,testAlen
0x044cd8fee90ae45116c79b22881e2e39ef540c5d,Selling 5 USDC for 100 CRC
0x046cb8a628881e1d0eb946e0fe0ba8de5f5c8d98,clementinegautreau
0x0491ffc6c8bce80f4438f624f18dfa4014297d1d,Luxembourg-mint-handler
0x0498c4b160e91e5d99b03ceff50b059a52772baa,Eric Brignier
0x049a86b31a320c8a6c7cc9d3c462183bfa1310ac,testreal
0x049c76b832dab51373f89d94112fdf03a7cf1f65,0xLev1
0x049cfacd98df63b44d184b75fb05f647a9c95b35,livewithkkt
0x049dab8836e658c3bc7b9ccd435ae302caa05e00,taren
0x049f44dbad9880bbe979d6c0bc5e022d14ecd01a,bure1986dayrepom
0x049fa8cbb56cadc379b80842e6c941d18f3c7bd7,Eliseo
0x04a02581a5f032ce8b850e74acee7ed28ee351a3,arthur
0x04a2d5136f9b73bbcd341a6c3a310f00bca57798,USDT
0x04b865775b897cb0b646842cbaa62a546dc474ff,katerine
0x04b9e6ece00721da1b2bb8b05ed12fc86d745595,mariainforest
0x04bb4e906f18445154a027bc3badebd6c58dfe87,gregerger-mint-handler
0x04bd16e0b4352333113d0b09da7c416b66f74a13,chuko
0x04cd1e34baa4d2818aa43ab26e4051d1ebaa90e6,Thumbs-up CRC-mint-handler
0x04d766cb6cbf405e915769cf28db11be051916a2,Monique
0x04e8081c98ee79a9385bef5fa3c1945440bd8cab,Everest DAO
0x04ea0740810f60e474537d36221eada3940ada5c,Jaimie
0x04ec16fcae1edbf9ff0b004662ceb11cd8b6cf40,johanna
0x04ed2a54cdb8a00d117ea5554cfdd122fbc792a8,Andrea Nobel
0x04ffdbdb42303f09d8d772ea466da39c01a808c8,commanderriker
0x050596a872ff6981e1a80d1c3f1a18e686f5be33,dwdefqwffedsfe
0x050945cc2c0d5e6501efd488e579c7751a070532,LizTyler
0x050e70a68805d89b8c1f82072405e4e8164fcbc5,Berna
0x050e8cc802f79255a33bfc3d9823254e15ba5407,WesleyCharlesBlake.eth
0x051279de569da28ec89320ac2d537b4ff1af6197,Moonchild
0x05148523d230a298d50a60ca90647e81caf7b3ee,testdev23
0x0518c663e33fcb4a3c656086b00860014b8cffe2,Pedro Pernias
0x0524da24ed9ddda9f2f5dddbb13c8b492a9c8e5c,Domen Hadalin
0x05272d98b4d8f712500e4febe931ff84f964a11f,deb
0x05294fb321302cb2ba6dc24a29519a340d362c34,Andrew Pisher
0x0529861f76ddfb25f216dac07020ee8791875083,Web3soldier0
0x052b4793d50d37fd3bfcbf93aac9cda6292f81fa,Martin Savings
0x05361014cac3549ae81cd0d4f50a0dfc278f751c,Peter Test-mint-handler
0x053e9a1153186d8f8893bdf5701c2b80f078142c,bybeg
0x0552daeb16f6cfa502f9f87d39cccc2079b23e10,Collins
0x055b3f356a6521b661df6dbd64ea514746162d47,karl
0x05613f2200c870ac5306befac8c055d15ba4d74b,thewanderingeditor
0x056babf2fb31c8ce700c2953dd8cb1a9c01d4e1d,anderson
0x056e4e73edb47582f08b23116e3eec9cea997ed9,Matas
0x056ecd4638c79faa374faa0632504cf6e55730ae,JakubNowak
0x056f7fb52f3fcf255a0160aeeabf6dadc789ab88,James
0x057764ba67f51963e5ee9fbb61dc6628b946cd83,testiv1
0x058a7b13d657aeefcd4f14fea1278849f5e75124,NFT
0x058dcf7f6bbb9a3443decc9544cd50afa8a78d4c,gaurang
0x0592fe7c9ccd7be2f831e608c1dbc8bf8390c121,Test group 2-treasury
0x059c2088012f505779b53121385efc528e3af8be,olaneemah
0x05a3a92212d8033579a7fe1710d4e39a220a1503,dakata
0x05a84b2a46a57b298e65fb59b5e9c36da5809b23,carlosazeredomesquita
0x05a9a37df716bc8c63fd3428143ce9803b7b94c2,michael
0x05b6811154c618d6eedc8d8893f823eb70b7957f,Maribel
0x05c3294373ca47c7cadf87e7111a87493213ce47,capybara owner
0x05c3f86fb089b9579266d2bbb03ff186e418bb32,franco81
0x05c4cab85fd6083d48da4c455027c58017c8b8fc,Fadil
0x05c6bba359b27449cdc7a731083c90a0bab9b667,Test Group
0x05c6f03e1c87e4f5fbce6d23e69bed00899458cf,forestsilence
0x05dd4adc1efdd4cbe5b1ca418d9dd44b9ff11e90,CLI
0x05e56dc4c374fb441bd2dc76d4576c2c85fab935,rdr
0x05eccf6ffe2ffc1934de45f188e01764a0b1151a,Papillon
0x05f82aef2abe7ddfa05b489f2789dda45d6aafbb,Evan
0x05fc6bcb6cbf8d304f498bde92ca81957e1578ff,Pooja Sanwal
0x06015183ddd7f9ee01959c6ef993e17fcdd2b584,shorn-test1
0x0616c8d2d76530b3ebed4101d271642b412cd568,Test
0x061e4cc9ef759b27e39e043533feed70da7485f2,Leya
0x0624fd865305e58f07ba9fcd3f69d8435fe85803,innie N
0x062922500e83b33639db1cddf80f717941af1d9e,Precious
0x06366c174265c3f4f3f5063c3c5ca181936b20c5,George
0x064124ed8f996c93be20cb7a3db62f64950e4ba1,Gérald
0x06421111cb7e37b1b8143f394725ef8afdcf3ca4,AliceTest
0x06633295e4d12ddb3a642be0e606436da3932fa0,berteotti
0x0663ceb483c73b7458b4d6790ec1e83b0269827c,Bbaronmike
0x06792195665ac2dbd4667ddb906e8715061618f2,louise kelly
0x067f4df29e4e9273aa2ba8370d0f810c0d9939dd,erna
0x068185ceac3087e45c34913e67e5fb7b17ced2b2,David Friedman
0x06824c17a6601c3574141c421a926fb346c92095,Proof Of Humanity-LBPStarter
0x06871ea7fd9f349834435dc304032dd54d9fdd3e,TestGroup-treasury
0x068ba312c646622932abe37dd11153f7167db4d6,damon
0x068bde35fdb878fcaa03f0a92c1f6a81f7e7dd7a,AJverse
0x0690d6f3c461a7e4240a3e5660c5e9d021f505c8,etheria
0x06923dfa7afd6c8a8f5ee928571a3298e6d74055,0x0692...4055
0x069f5be4348281b468289af2075dc43d65f7aa05,gasperx93
0x06aa4c99cfad8708808d945a4d01e380fd0bb53b,PrincessRewards
0x06ad765afcb6a91e5964dd7cb62993e747262732,LM Liquidity
0x06bf8a360486f036ffce2b1646bea4720587eea1,CRC-SepETH offer-1
0x06c93f3f9656cf4b871d583d830b11d719088d2d,Oskars
0x06cb5536496da3af77c0e5541072ecdcdbced137,0xpink
0x06d4ecf19adf9654a63441e8855b0c261dac53ac,ari
0x06dd38c39e70086cdc4061b0ad2fd58cdb852a1e,konfeature
0x06fcfafc757e627cd4c43dc4937a277357b8803e,star4real4ever1
0x0701c6305bef46a67c5e4a79e1bf24dc57d15c3c,Eloy
0x0707a4680de3712e8b1eb736ebfc19e3c2a4ed29,solanaa
0x071816011c37787cada08b1333a3f10b73bdc0f7,Sammy Balkasem
0x071e85801e7c30f53e14aa7abbb3ac35b78f1400,onur
0x071fd576af3bf23d338d572ff132116fbd16696c,Henri
0x073544791ffe0c5dfc4dcdebd49de521d4f0dfec,CRC to BZZ
0x0736a3d86915c073e69d00446cba2259164dd5e2,MinaAl
0x073b15b1e473db7d1a50bb5c581ad0d8306c4029,shrntest2
0x0748db6ee8a5a027deed67899bfd66e67ad41583,Liliyan
0x074c1cc5223e330b20cadc0f7ae8a2b58a825190,Oerne
0x074cb8c409f4ce87c883a7646be94f3587306765,vanessamarie
0x074e695604c9c6f2eb397e94ffcf86c95991d3fa,Wilbur
0x075a9d7002f319015213bf296872a23f8bb2d87f,sarbani
0x075c74ca9fc40fee42b576e69562be94001b07ba,cruz
0x076bff2c8787f319e3de189cc284fe20828e6933,Jacinda
0x076cd72d0d89eaec2a09be1718047a70cc4f1c8d,BEde
0x07785e2a6a27556b746d0f86b7cd832f2447fdda,falko
0x07933a4bca2840f3910aa6176ea7ac280db1cfde,miletus
0x07ae05b0cdd7bc914c03822b2e838a18f30e277f,cristina20
0x07be77ba94796e0a3698797868d884369c68c508,Henri
0x07d875f423542aede0d7be77faae6ad9b0f33d0a,Godeanu
0x07d91326272197854cb7a7987af4fa3ca0ca22d6,dragonfly
0x07ddf84a596e49b9ae51e3d556a98ab0f7609e55,Bruno Rosa
0x07e816c3d3e8fbdf6048838cf4b8f1784b64aca7,Mupo
0x07f46ccaee9f7005a07ac8af733b209c7127683e,estelle.zr
0x0801ba34502902ed72cb7cda458060f2f2f101e2,k-lp
0x081f04f13da12d487798e8f2e2c6114c63e21dfa,kupermind
0x083133efe61168d135aa037e81090576cddee823,Cathal
0x08350f80ba80e1984ced645da916ccf52f58d6fc,Fabio
0x08432eb09c757cf634a4c4aca24eec8d0a69238e,otakun_0x
0x0845ba464f98a36d8126cc5ee6ba358c66c50f19,automation main user1
0x085d2970be7c471f488a2f12fa95b97e44017278,Bassam Jaoudy
0x0860d4b76546be80c875760dab6b3013bbfefc84,ooxx
0x08671d7c85436496572421caaa7b60cc884b9a4a,KINGJAY👑
0x0868efaed2b5efaf18d17dec6b165fd6e09f16c2,Truth
0x086b4b656f1f328658fc202f55320ae63b099a6c,stest
0x08754341f372d04824ac2ddeb743f1b480263ec9,moni
0x087638b8cbc52b0b2336f513c723b96dae5bf265,julia1
0x087c58c773d31c25db862c0674281589a807b077,No1Osmis
0x087fd8cda78595e6fb8e272b58436a7af3818011,geosnow
0x0880416a9872e023dba70780ca62007a747dbfa3,FullNodeDummyGrp-minter
0x088512d13ea5e162fc51569be4b286b5db6ac443,Ann_TestGroup-mint-handler
0x08884e0ab4eaeff9bafd9dd9ed721e4b9a65c39c,1harbey
0x0893f895619faf333d24149b04b6e27055b56b7f,Tilde🩷
0x089d9ef7ed9687271ada23eb0ae17b9739270910,munra
0x089eb578b63d0ea98d83cf564ca81c4e4352ac3f,Baku1964
0x08a11afda31d9dfe7915940e3a384368fea92ae8,shrntest2
0x08a8ea1a1c76819727be7b4a508effc35836d966,hattie
0x08abc5397b76d4fe2fe9254ec279be9313788b0e,imisi
0x08ad3641960797e88deb541fc7f1dcdb0aa72fe1,fnord
0x08b185f617910e3f14464f52b1977e91bab86156,yingli
0x08b7bc2d800674ae065bf8cbca35b44eb611e990,ruby
0x08bde1d34183c940804496df94a69568b6b7c028,Roberto Ferrucci
0x08bf64a22c24f789b733ffc46b0e34a30b4a2139,malditaako
0x08cedd4fd7b17cd94f04434cd2d84c499bebc3da,Luca bolzoni
0x08d00a02f9fff363928fe0cc0f425797e6fb56a2,Elshan
0x08d61eeeed518c51ac73c25cb45a6061a810fc92,yourfriend123
0x08defb0e7f5c8ec18fef291544d1f0430b052d89,Αναστάσιος Φουρίκης
0x08e00eb0e27a189dd84986e757df8023d7b286f9,bruno2
0x08e023242a08c1cb09f4916e6cd18daafe7adc54,vb_test_group1
0x08e67f0f22c67dabfa7876ce78908eb448336b45,Zanti's Man Cave
0x08eb6b76d27f0e6ff90a8f114f2ee1ae59527f21,Ruzzlekix
0x08fca132413a0bab08bb6e6e81b1abc234d82bf3,Cheche
0x0900354ec16f73e85d0c71d49725dd0a5aae0dfc,Simon Robin
0x0902c5866fbf7b30a4a2e26d37a97097eefe8243,sami
0x0909e1072d30237688eb26f6bcd32d1e94806ac7,ddsg-mint-handler
0x090d62966454269f256004915da551a6611a4e93,Hansie
0x0910406779f2dd07e3d7b9d1abb3a42fb01729c9,Dominique
0x0915162f63021d7a210b9f0e3eca54814907e859,Sefa
0x091ebb914eddb56b4aa141ee67cffbcc5b2330fe,prospero
0x091f0812b4d0da6e70fe4ab2858422c7da537d90,My group name
0x092fc645e5de637d003f8b1b3d85d1b4b6974882,ila
0x09497adb86b5fe6dbbbb19e0f4c670d89f430a81,NewSdkGroup-minter
0x09543432cc631bb52a9b65ac0f19f031bfd2ab18,Astronauts
0x09561e62a36f8b31ec2a33a58f75589f038b3e3b,Paul Burg
0x095e194302e851e1ddbd2795c0180b889ad01fef,GnosisDAO CRC Holdings
0x0960f67444da487fad5bf53ac043d80fc55ad6d2,lukas
0x096801284b0b211dbd33e6a6a27a4aa697c93550,Palmer
0x0977eb48457db37af72f351621e88597d651bc7a,Charmaine Mutsau
0x097b0e58b717f71a15d0c220511289eb69a1065e,satvik
0x097e7cd4c365dc4c293dc11903a21e325cb04f68,akosikat
0x0980da7879d2d02a53db705ca0286d6c035bb587,Jules
0x0983365e2294e922a20544e9d51a70245b56cf4f,Jani Penttilä
0x09853797e6a5fea102f0956e84c5f6ed66c14da6,prem
0x098888d8720d1b62bca41db6bc159f9a09ebefc8,hmb
0x0990f75a119c73f96d39c2cea45103e44a441d91,refate
0x099444e4636368ad2d202add6b066b6f5d5ff462,MD IMRAN HASAN
0x09948ed3a023a79fcac7881a96af958b399f346d,okwme
0x099e917389b19532be64051867be38c2003545ca,Owl v2
0x09a4700452567d6302dba4ea3ccee46ccc53fabb,Edita Durikova
0x09adf5197f17afd11b9d56e9b6a4000d35d34296,0xRoan
0x09c24767a7f9f7b1d021189b68f7a5aea3cee458,twalther
0x09c38936d58718ae768700d3c5aed124f84afe07,munawar
0x09cccfb1281463b72a75c4e25094bd7bc2de2c7a,CirclesPorto-treasury
0x09dc3994449e39f3694256a5ca28e5a2b8c8867b,Kelly.xyz
0x09dea24c36035468a2b3a2b9bfd15bc6eda12734,Adware
0x09e835e9d341f20d0e26cf815ae8a4a6ea1c0ce3,ollyjjones
0x09edec520b30a950de69848083d285cee534e536,Naby
0x0a09dba74021b3357a6b2eccb4a8ccfeeef93af5,Vadlamudi
0x0a136fbe4669992abc205db844d43154731cc62d,Face0ff
0x0a15ff9284147d4eedc59a3f052efc5d3ff7f6eb,Volodymyr Napadovskyi
0x0a16c9e9b2bd849695eed5aa4b596cc73f7fd952,Wisdom
0x0a1c45fb0b407968af7edfee658047c818762167,Circles Italia-mint-handler
0x0a21cd05b2dca48014d4578c72a3272c8977ca6d,Konstantin Lindner
0x0a2546d772aeffad3c01fdd48d0135047f03d5b6,ETHCC-mint-handler
0x0a295567eec63bda2e5e3343fc7d877789460972,Vocdoni
0x0a3dfde3db68fde7b7c15022b1e18fb6053afd06,Luca
0x0a417e1b97b93fc20c4e2f0ad2345ef9aed28c08,Daniel Murphy
0x0a45cfca9160354dafd54c64f2653a0505f9ed5d,romona
0x0a48fe4ae8f8810eea073927c89c3bcfac60cf61,elonbrooks
0x0a499ee20f073ca0a704d559875daf6c7aaacfee,Ashen Wijayarathna
0x0a4c56f193e3f5db7486e252c53b2195c3e4b2ed,MintTestGroup-mint-handler
0x0a5130189d421336ae0db80615a0068e2a24fb97,Momo........
0x0a58eafe1632b298042aec1afad671d7fe78f703,Hermes
0x0a5d58dd573679dce65421ea5de095475aedcc2a,Mistermo
0x0a60b36bb8e11de3b23d3d49b133f63755a4e877,Jem
0x0a64149149ed211be5d400129e754c2ec6c1e686,k06a
0x0a69039528c6e0a6c8c164cb094ce8e13d6364af,empty2-treasury
0x0aa9267c8770f3e01ecc5dd6fc782f302489ffda,Test Self Group
0x0aaf7ccc8deb37c39f400387ae2a767bbfa884fc,xqtstrategy
0x0abff9ddb82a6be2499a9daa3b18cc82c59bffc1,danielgavrilov
0x0accb3fc2382cce8a397444e3d249d9489e781ff,SDKGroup-lp
0x0adc22315d3ae9a12dbaf5658d87588d019c3fb7,Sulong
0x0aea4282fbeef29c7df3de467f10d1cb8eb5b463,Money Glitch-mint-handler
0x0aea87f5bf3c33c5736c1feb517d7984fff1be52,Forect@jourrapide.com
0x0aed4ded1807e6b1a0db422b96df317d2b1ad405,r4bbit
0x0aee998d3ea81c8dc250eff28f76d7b59afbf215,Ross
0x0afd8899bca011bb95611409f09c8efbf6b169cf,Gnosis App Filter Org
0x0b0048a902f5d4be28e3a361597f72bbf2576155,TestGroup-mint-handler
0x0b011b67d8b519e8a1ffbc5911e40594f3dfd860,Paulo Pires
0x0b022f73295730df1beaa2dba8cedf1f601dc46e,gabagaba
0x0b042f0b3048ef06c4a5b76d1a1b5a54c8ec7e7c,Circles Italia
0x0b0c3d8bd2276938bad1e450202cc39cb5797c12,Dianajade
0x0b0dcf87f71fbcdef57c38ce2537b158616b8ec4,Greg
0x0b1065a9a4026758ca12c1fe6c9ce91cbf426880,Alfonsooo94
0x0b1085da14056900625d4adb644052d109d796e5,anonkid
0x0b15c3cebb7cac3c526db19403a9a77842ac0dd1,AtomicPersonalArb
0x0b1a4be6b37367d2934ff1fafeaae87f1b832230,0vni9010
0x0b1b27c0fda1de2f0c4db6a93776bb6a943d925b,kanaan
0x0b1b54e8c5428e1d2ab1ff20b431cb1b430a7313,Antônia
0x0b28476c8125823fb7d0f36480f7a83364ee51e6,TestGroup-treasury
0x0b2983927dac0fffadebae2c012b3296c44621df,Circles-Faucet
0x0b2bd889ddb2174dacbec6e8c335d1b3aa568f7c,Coolhom
0x0b303fc7db6218403f020242a8df24ae077f312e,XuLiPing
0x0b320417785952779be310846cb255caeca692e1,ashanti14
0x0b42ba3d64d35b08bd0c79b15fd7411f19a0c123,dsheets.new-minter
0x0b49e9f8d392d4ba5022b5134888c5ab59cbb8c8,Mely.eth
0x0b4c10b1f8c4ee2902c1cad00b3fa555c4afff05,ochamproux
0x0b584cbd7532afe9415e430a95f7c387c3c6df8f,Ofero Network
0x0b598388f83f1dbaca515728d28529f7b3b3cc7f,The Owl Backers-mint-handler
0x0b604d7566e31ee96b67fea43881f37731832b49,test dc25
0x0b6c35a6def5da6d829664635bc43abc0313e7b1,Brainbot Alumni-treasury
0x0b775cc88b25fcd656b11d50114e817d50ca7741,Maximus
0x0b7c9de3e941afb304aab5fe9abe580d52d0d39c,sleejw
0x0b7f99e0bb10baf17093fcba6fc04a5d1cc9b38a,n0xygen
0x0b837ce8ebe83e0a9b7e69553b881976b67c56f5,loop3
0x0b9192445f2cf4f381dbd6be285d041cc846517a,Gladys
0x0b93244086c90542b5aaeb3adf40b64f8ab16bc9,NeuroCircles-minter
0x0bab744a5d9c69f7f650a0ed3295d922ea09cec6,testshrn18
0x0bb4c6414e0d566d0f5cbea10ca695dd9a3ffb97,Arbbot Crawler 1
0x0bb64824d82f4b66dd54917905405b09666fa344,figinican
0x0bc1610c471cba7e1dbee74c8ecb51a0e5f42542,Freddy
0x0bcb982da881fe5fdea9eaba68ded06cfd928da1,Danny
0x0be2a1aa163c9d7f9ec762c19785a8c9704753b5,TestGroup-mint-handler
0x0be2d85ad540254d6caeb5050d74d53dc13d9e59,Pedro Vicente
0x0bebdef34f0f257b97b22abc412a69153959a965,Brian
0x0bfeccd9de0ae454e9379078262135d3316d7339,Jordi
0x0c04f5965c387ea658165f7a44c919f5d748d0f9,Leomiller
0x0c0c8c792b6aabd43090954ec1b67c71a5fb1a3b,Fabio Siciliano
0x0c1bf81da03f1530d1b31ab43158f3be8953aa76,circle-facuet
0x0c21f09c85fc33bb8b42f867ff63614d1149b745,pepo
0x0c2395037830c8fe1b813d16296f31f6f39946a2,capybaras unite-mint-handler
0x0c294e9319843922436e621af3d3a74ee01f23f2,Tragic
0x0c2af634e825a260467ddb4f68ecd15d539bf609,Rechil10
0x0c2e289335052e6ab260deb1e3e391eae9ff3f02,Dona Xica
0x0c3f6166d3cabb3f736fa21c1ae691c95501638d,anneleite
0x0c4bf2e085f307539edea02df51ea373b16b27ac,Miguel Tamayo
0x0c54baf59609cf70647e5ad33b80beacbfd45530,JefMarshall
0x0c5f3e4491fec7aa256e150c5dd1b4fcdab74b18,ola
0x0c606a2f0de9bff454ee981ef046061b7eb685d2,serguei
0x0c66a3016b2a19fa6d2be1d89c247c83033ce894,Canada
0x0c78880037222179105387f2fa7ddd5f3ccd78a0,CRC Auto Minter Group
0x0c8110c96e2efb7c1c1e2ad6d1d09b40f4cd61c6,euwyn
0x0c8c2d636baf1d9ce3081cb2d355c4be81545543,Will Circles reach at leas - sub
0x0c8c747f838dc2641040a1bbc330edc346e31d99,Matheus
0x0c9508ee4ba6500b18ae94e9b5854fd6fe33281c,Limbo
0x0ca5a479603f8488aedf0a665bb84d317c69b77d,My Group Name-minter
0x0cb058e6e8efde70a14c4e6a2dfad2edb01056f3,Parallel Society-treasury
0x0cb19e24b95f8bfc881006423878dd9e0796a879,Nikolaos Kouranos
0x0cb49cfc4d74bed2aaab25ac92d902b446dc3150,benleb
0x0cb583e5aae7c877f0d7ffb666eba56bda301f3f,Dionysios Gkikas Kalogeropoulos
0x0cb986df2d0ad3d8ae00b18600035e2fb2e58ad4,fwefawefw
0x0cbf0726163a0ded2eaf7bb30df9e2f2702f872f,João Muacho
0x0cc035ddf238cc4ba7b81d5096880c264f0a42a1,TestMigration
0x0cc98bf87f029275e06aadb149f81dffea97bfdd,TestCMG-02-redeemer
0x0cced353512a40afe8c4f1b41d15b5c9edb98ecb,autumnsun
0x0cd0fb61de1f646e94a6b1f295515381f8c239fb,Dirk Jäckel
0x0cd2ac62fa6a65485821ac64023b96f3c5d4cc37,April
0x0cd335ea5062f9e86369ff239f65b274e22a7d7e,twometerman
0x0cd429f773882c679fda1a76942388a82a9eef4c,Masha
0x0cd5a798609cf50b4a5fe8b42ad34695f8955838,Stefan8169
0x0cd76763f65ee9e07f57ca410206d79436061b1e,0BTC Life
0x0cda23400719f6d9e6e07456b3762e433df678e2,jmcds
0x0cdd40c3ddc6ac6e9c15afa77defdeae77656a08,0xhworangTK
0x0cdf4ec51a5eb430a07aeb8704d4217699eadd4c,th3d
0x0ce89da15fa9a6a40d18db3b3f83aa19b1911d8a,physical-item-shop-payments
0x0cee1f0577f38847e08e97bef6a5febeb243e2ce,jeca
0x0cef47050b0d9ef5f7c52f3c37fd684c38b211e1,bons1991eleworm
0x0cf2cd18f2b0de0b52dde09fe186442dca1352f2,Auction
0x0cfc2b652a5e61d79dbf999413ee1bb764dc83e2,iamone
0x0d0d3d138a6e1f137c3ea72acb27d24225905f57,gateway2
0x0d0df0572e249f36cf48cd5cda9909d23d55a9a3,antonin
0x0d14ba3f9a18c5916bb9c9751bf87e6cacfb4850,111
0x0d198587d049ab50bfd36cda75dd5ec3f370400d,Vilson Sefolli
0x0d1d9788796e285e3d4a39ff518376ed3f229253,pkstevenz
0x0d1dec511059a9a7aa194b8cd81a0a2e8d832b17,seblw
0x0d1e75179a5ac4c8159472296214a138bbabdcb7,Gnosis en Espanol-LBPStarter
0x0d229d2797121b7adbe8b7bbf1a054a8874139d1,Notonchain
0x0d284800d881f94acf16b91c0fd262cec05e7858,istarengwa
0x0d2a55f50391873abdc45afea769d1221d39486b,Will Circles reach at leas - Yes
0x0d2f6e6de7c1586bf482700b20497f5bf6402850,i2e.nl GRUPO
0x0d3a6c998c8f93e565cefd01bf90eb262a546e96,akakTest
0x0d3f32caa18c6cae58adf2b14db6b8ac1a380ac1,lashay
0x0d48aced5a552ab887c19884d1eb347ff9cb5ea2,Recap Time Squad
0x0d5244d88e7c5cd2f3ce810b4d824ad2885ae556,mattia
0x0d56cebee9a88f94b1ed914363268bf9eeb13de8,test payment gateway
0x0d59547f20d10659cac7dbf6a0527e6c1a445c5b,taras stakhorsky
0x0d5db8eadb36533b0e04155dd8a67ca1f910e813,empty2
0x0d6c9b45507507d9c12878333059007027cb2990,bubonik
0x0d71642cdcef142dce35dad5175496cab6de2ba7,dacc
0x0d77b815ec82b6d9e5e827fabba97e511769c230,PANDAHK
0x0d7ba53b4f6faec6ab250cd251aa96d0cec3a299,kpk-1
0x0d83df21d0477702d232ec2ca58ea6a19f3b6f13,Spintacle
0x0d849e50e81b69d7fe2938b746a35893907997cb,kaytech
0x0d8535c8b320b3d8eb2ee777ded50a4480a93870,scout demo-lp
0x0d88042734b9d0f11ae6a745e5b616074595873b,ducc
0x0d8a07b07a5c1291effccda66c326688ff538706,Noor
0x0d8bfa3e583f28ebcf8004fdcd09fc808b8675f6,Bern
0x0d9c306f205a95d703e827d55e160fbd099838ad,shorn-test1-group
0x0da08e3b5c9ee397ff82ab70a68663d876b62614,aquestion
0x0dabec1dc9d0bafb95678bae8c6fd7921908e9a4,TestGrp-lp
0x0dbb19565b02f81e3a92bfee28a9dcc8bd05ee0a,Meeraj
0x0dbd1cf56d1344125a01d7934222d6b3a8f34eec,Test New
0x0dc23bbfd21b79a61d7c9b027287ba0d2eb9f99f,Edvinas
0x0dc2c9301cb079e4c8e87e9b45e6ce44922ad605,mosesadeniyi
0x0dc3aad943d2594caa09add54234bfa458e076d4,Test Group-mint-handler
0x0dc6d5093d38e3d6f7635cd0bb6b883b5cdc6bca,Hunters Group-treasury
0x0dc923a3cfd6586b29e8dec1c38874bba94ddf4b,free_soul_22
0x0dcbb51f7c87768c2f14a21a67b4286aeb019573,Nils Hartmann
0x0dd139c94eef4befdf48e87c657bed6cfc07f15e,Carlou
0x0dd6ba286b683ec649ebaebb4245ea2967038eaa,Test Circle Group-treasury
0x0ddaec25d729055a14d0ee61ed687a0375c39bc5,Zehra Yay
0x0ddb6ab8f4da58bb814466360d00de4b22712c93,pedrovilela
0x0dde446d0ea1fad66a3b3cb637c6fc10c7c563a4,Center
0x0de5234b6a0263d391a4ff45840700d53d39952e,Christos Partasidis
0x0debc9b6c9b5c5f9ee60e876bd9e290ea414cb25,Mikhail Ognyaner-Leykin
0x0df4cef63187037b4882a8b17a6c9abc58309c17,edwefewf
0x0df69561e4e78e10d042c35ac5d25a5ed660541c,0x0Df6...541c
0x0df6a71c60e843653e2a19de987118f418b46189,Monis
0x0dfa95fdad98d1b44b2db4fc513657e5426b1006,Circles-Faucet
0x0e068117d334d9862a3a27dcaff38542064e0025,vb_group_dev_3-mint-handler
0x0e07b11ae1bed6f5c99060d172e06541a0fd1c2b,Crypto Royale-mint-handler
0x0e0a5ddb477bacd1233efb3b039d3d4e008ed274,testbng1
0x0e16ef9bad35f05306448a88fbd7e9c007b90df0,Crypto Goblin
0x0e1b050b7dd57550baced45a6acc4bff87424e69,kushnir
0x0e227429d2688718f0c56f1cb9b331572d728fef,Agustín Suárez
0x0e234040f7de5ed2dd76b7ae4a1387cdca8a81fb,Kostiantyn
0x0e240a26eca8492d6e69dd23b7ff296921989e53,Discord OG Group
0x0e2493dea9438efcd76440afbddacb2c95ad4ab8,Davo
0x0e286c50d0678590e71480c4d8a9833ba4c03a64,Brenda Carvalho
0x0e4c02b5562c7db176813a5626c97032e79984b5,0x0E4c...84b5
0x0e57a0b9f3f65162ceded04795c9432db025f3e6,frankco
0x0e62788a9c484157bac5f2d548d431395fd68775,golim
0x0e63be1c64a98a5aed8f66b27a524abfd758c0fb,Giustino
0x0e64c83bad7e848c9616529191705da4e5970e57,Vladyslav Bochok
0x0e6ab4ebc525684529efb870a8bac8214ccd6134,CirclesPorto
0x0e72eec8c5afe44f67fbd6ff1bbbe9325d208696,Garya Ho
0x0e7bf1848240602b18e875ba098c7c4a20f4009b,Eirlys
0x0e8c9e403f19090970bd1f5d03d99d1f09fc88b1,Xeonus
0x0e90a90a5c1c1ce838f6c4b62ebfa38186babc28,tonytony
0x0ea83de5cfdf088aa38279bbce54565b54a46525,Orangemarmelada
0x0ea8ef32ed790dd8eeaa34bc4ef01d57da3484f9,Tara_singh
0x0ebc7960dcc705a16eaabd01deb3852bab9ef497,CirclesLisboa
0x0ec842710193a5325ed7dc9ccc3636b1220b6247,David Chibuike Enetanya
0x0eeaf7f3330af2e06640620948c8eba13a695b1c,Willie
0x0f0324b07e1b897faf0e5b51fadacd680c4fe5cf,ETHDam
0x0f06a46fba818f86e9d6929c123ed9e313cfa964,André Valente
0x0f0f83486785f75213ba1653b49e23938bfc1efc,ZararDk
0x0f13c417c85cbaf8c6d61325db64586d4481ec6f,NFT Ticket Test1
0x0f1d75d29a8e889f912cd5dc69f48d6e1389300d,mark developer
0x0f2a5a55ce90270a29c9020370ae4776f579c08f,Tharvyn
0x0f329df4f5e5ed34342e29af40f295a487f870e8,crowe
0x0f37f742c0fd1e2e3745ecc024bf8a1ff7061965,moonbird
0x0f59abb188784c85b03b6db10e6dd8f45c2745f9,0vni1093
0x0f6d427f672abbb513fba704f867442308fb5c90,Tomas Piskule
0x0f6ef8b59dac95cf5ea6c0f0c22490bff9172a7e,William
0x0f7411cefa85d30568c84011b21e245a2ce2ba75,Janis Luste
0x0f779987bee28d94b504fb89c02e321fdb8af189,Test_group
0x0f7c9c40e3f8c2fa5a239b03e8d6e8a5824009be,BitPay
0x0f892241203f1ccb32ef3d23b3eeb11735a6010b,rozanne
0x0f89b5285fd29368d1af29af14a19c58ec7e2286,dylanhunter
0x0f8c848d97c273dfbf2a34fb36f53eeaef74ebe3,Marco Sousa
0x0f959f7ab572a90addfb06b9aaf17e415cd2e34b,prasuna
0x0f9a62986beb645cf0dba8dfb710f5394cced6cd,christina
0x0fb2b3dcc84a12aa2b3fdb651edbd257aab6dc16,CRC-TEST-treasury
0x0fb7901237ab3c2b63cbf1ee38ab40ee6b58273d,werkaerka
0x0fd4f6027afa071104f2dde5320fdb645b5fb3a1,Test
0x0fea035d434f34c7afe794c1f2668fe1f7a739b7,Vladimir Vasilev
0x0fefb6ae2cb5a3c6fbb91d331d4f3129714e54b3,maxservais
0x0ff638e8c29f70173c20f6649eb4c94fa28f459a,Juanis Favorites
0x101242ec0cac1fa26a3da43f1155782479056414,Max
0x1019efc5b852fd38263eaf69a1475949355885f7,Chrysanthos Chrysanthou
0x101fd5e95a397a43e7c102cf4e0870b1174daaf9,Priscilla Azilafu
0x1023b39cef1d73a419f1af44e78a61cb81103a64,Adam Samuhel
0x1026bf04ad8787c33ccc9d32f971f605493b5b4f,holobiontmatter
0x1033286198feee81dca67df20b4c943002012c35,Mike
0x103bd784bd3c0e438f71fedcfeb94121e6ca083c,WIKI
0x1045493624b6eca62aa830cb585e95cccdf2664e,SanaJaved
0x104d5858cae9e57031c9e7f6c1cf9ec90a14868a,Dandelion-treasury
0x105b51f2a67c1f371cd20a8c275c6c18c829855a,pugson
0x105d2a48223106bb3c05ff82190bf3ba32af46ef,baler
0x108572c4ac8bf038edb00d3c8a73e8560a3b1282,clemens
0x108c8bc7db20c95f68aab5077f21c48ef029784d,A_of_Anarquism
0x108f549aee1657cfd24bf31c6e9f99f3d8ce0627,anacunha
0x109f833210d5e8413d12a05a148086cc866f21e6,dunghoangw
0x10a7ad77852e4edf65b6f44b9c538f5232ca0c5c,GMC Group
0x10af26746ee304749ca43521da14c88390494773,henriette
0x10b3f9b8061cac43bf9ed26ffe36bad229807829,Pasanaku
0x10c35486888759bc5199eece695ec5502f99b5ee,kpk-1
0x10d5d9fff7c2731d4ceb42ea4848372279393c0c,Nathanaël Havez
0x10de1b12a6d5f578e909e722b50925d59c61428f,Nina
0x10e4cce522f477360f4ba03bd5555adb018d4771,ELEVEN
0x10f6ef1c82ee8edf3d1118ec599fd0254e95b0be,test5
0x10f737adde16bd0ff1a479fdeb5671b21bf1620e,Kandi
0x10f77ee379e2df791d60627f2c7dec05c1a674c0,olamilekan
0x10fb890651bb8fc0c712797e12568a14c0789850,Yasir
0x10fcfe6e80c7e150b07f8c0c586fb7fdb1d568db,Pie II
0x1100ab828c9f40b6c34ad5e261261ffe5118937b,Antho_les_bons_tuyaux
0x110a09390877918ad372fb2b083f93300d6f8c7c,agustin152
0x110f47d991d10e50ea1e4ec179260507d21953a1,sucramx
0x111ca3f63f1731e82e1d31cbc3f8ac173b526f4f,fredo
0x112b5cee910a077e4bd28ec158e35653b3ac2350,vb_test_jan82
0x112ba671baa55b44d1a41791615a5c717fe6bc2d,Enitandaoeth
0x112e6f3d9ad15862b7895b9fa34ba2bf048d5d09,lobrigasm
0x1137e9f2465d466cde0ed6be3837c7e09a7ef1e9,william crevier
0x113fa2d67d5b3181d422c19fdb21765543a28187,Aroha
0x1145d7f127c438286cf499cd9e869253266672e1,NFT Ticket Seller test1
0x114776dbd5ac0e060a599b2b5d4d51a90f43858a,JSUK
0x114e0cb7fbf3ad560f20aa23e2de61ad3926c68a,nyvoran
0x1158a69fa271c469f6b24455812b992e187e47b0,Gnosis
0x1159c371d616458223251e08466bf97e904154cf,Petromir
0x115b5a970ba6b8c0ff01e8f3fc6984dceb0a47c1,Pedro Ferreira
0x1163c2192e26703d6b27e05d270226f481178def,NFSociety-mint-handler
0x116d97fc614912f0168eeea8961c944a977e969b,KryptoSpace-mint-handler
0x1176d6bf7c1d7a60c0999abb8b702134e9bec636,Kj-inUK
0x118802eab9c5df74e6736405d313b3e2c5094e94,maddinst
0x118888281e025ecc97db02e257dedd912df9682e,0x1188...682E
0x118ae24d6594e63b67be2c10adc140f24993f5dd,SG1 - test 1-redeemer
0x11939248b233954c5ab62bbef21c530e755259ca,ethan
0x119e22ab2d6af370f0eb414f5a3bff1f9bfef34c,Louis
0x11a843454086180a31709e66f0867073e4541ea6,Will the median price of C - sub
0x11acffbe296a0ee382773a8088171b438d24ba9e,komarudin
0x11b0d6488055dbd4bf7f205f2a00106cf7505ad9,RateYourWorld-treasury
0x11ba123c08e7a8b1016256a1c6da0f6c6013e594,Maya Dotan
0x11c23accba131a4230c54b8dfe76ea1e91a02dcd,Lars Eriksson
0x11c61fa368e4a8c8255f98a622b4319e6d3f3406,Rumaisa Adnan
0x11ca8241d0d6df04308e82a27201896aab26e2bb,0x11ca...E2Bb
0x11cc0e3da11d23c09c79ecdaa285d1d798ff07bb,Furqan
0x11d3a15be2f4ace3496385508b5a5a466b5a2190,Safe DFF
0x11d3baff4b853087578ba46bb9d0ae98a3a2a5ca,CRCTEST-treasury
0x11dd7ca70e005c02a1f774e92dd6aefe1f010893,0vni09283
0x11dfbd7b1809f8542c9459e6159aeaa6a950b687,Nordin TheWiz
0x11e597eab3d7930cd30d602e46e84a0c163c2e17,Alberto Jorge Santos Costa Leitão
0x11e986edb527d55982d3b2673dd18ed362dcb6c3,AP1
0x11f3da4953141e599949e97cc74a7d08a8a5e541,thedi
0x11f64dd9835f1a68cf86d206b8aaab9933e2e0af,test_offer_2
0x11f7a4c971fe11f85d23cca85a758c2923bce88f,wakame
0x11ff94269dbe5737ff0857d0d6db78a28bbf1204,Matthaeus
0x1204f13535f1259d42b7db50fcb44a0ef5953b0d,Dream BIG Group -mint-handler
0x12155f6908537b2fa32480fe2876e35d78e070f9,springzhe
0x1224671c1667a5d29377f3724eb9d7c60bd0e2aa,Stefan
0x122832c93e7c7bd7191b960513583d1a85735942,aya
0x1242ce268ad2fccb6148904d08ccfa4b5e7d9423,Arbbot KPK
0x1248d4388a179e61deab16b66a0a25a011c01dcd,caro
0x12497978b252d62b25e6a2af98eb68a1e535f83a,Samuel
0x124a68bb0b10c45b2eb6857377776187fad838f6,HDGL-group-wrapper
0x124b92d44bc1f520252cc95db52b1ab84bfccfd4,Fernande
0x125349f0d2d7e84b5f89c3ff2b1274ef4999cfcd,Joshua
0x125ac0e30e698a51ae7020c8a00d0a90779adc94,t3 crc safe _6
0x126aa30a13ca913b89154207972cc905129434f5,Kiko
0x126b49e0a07789c42d898df5a6399d819b2016ea,Andrea
0x126c50ba4f07ffb56623cd5400720a8d11405efc,Jordanreyes
0x1272b6e1a262e62b61c50651a064d216b981780d,Kenneth
0x1275718eabec79c55ca16ecb5dd5f89a0c035e5a,TestLottery
0x127d32fc924f4df8653dd18432c7eb6fe63150b8,Bashkim
0x127f61d59a4eb810d36c2f37368651442c043e70,Aris
0x128a5bcb1015a37df2d64c7a0cfbed20a7ec9f50,Beth
0x128fc2e4455a6677e4d814a09c436a52197f8f36,QUORA
0x129538d2e17e23b4eebd6a67cd0cd8cc4bb5debb,hildobby
0x12a6a9d81a8f61841527dd59c907a1bba77f3237,Dollar Auction Test
0x12b0563fbe93b4416d187e93260622763c7cd970,old group
0x12b3c499ebc49d95091dc3f6c3c31c94f55a6959,murgatroyd
0x12b6bab1ce6d7c5a20ef2103aba47c35c37f2487,myriam
0x12b7ad0887b784c1bc9d6e4d64c35491987960e5,tst
0x12b7f49e5777d3b61af1ca7ff763c9aa88e43b28,Selling 5 USDC for 100 CRC
0x12c341e1a35c3f6f4f7f95abeca113854c3e2176,ETHDam-mint-handler
0x12c5e49cd8a6e5f89bc4db1f5c6c7aa2df5ba3e2,Tim
0x12dfed45783d61c093706a6567404a9d3ab3d1b8,CRC-GNO offer week--4
0x12e1712154a0f7773d63871da684b5b7a602df18,Jesus
0x12ec0c4fd046973265b5c54e6dbe33a773fb2e38,AtomicPersonalArbV3
0x12f68d3d7a4b8fb5a30f315b903584662d255962,elfasm
0x12f81d54adcd1bbf4ecbe8611498244aac4a510f,Nataniel
0x1301737ce79efc29b96de442bc43587865428fbb,Tuuli
0x13060feb14e6e23cd6649d40eb799de5b85bbaa6,Batman
0x132182b8f9fcc54f8a38194557613e170a70a50e,Berlin Full Node-LBPStarter
0x1327c3cf61c6df3e0cf69faa4590281d6f675ce5,TestAccountHelloWorld!
0x132d96b2d3a13f175dfee5db2a088ae6746ed33e,Glenn
0x133733c747fc567edd113d025ed378ae7eea97a2,Gokhandmo
0x1343462181e6a3d82af59a7b739e7bb326c414c3,dulex
0x1345b7b9947e179ab80fd676c55ba23fe6454d38,Giveth-mint-handler
0x13486400a3bb42c10f947f132177cb7d1333b44d,genevieve
0x134c1a6add36b1bd96535d1276afc6fafb65ca08,Bart
0x1356c6c0335cf587426a6429a3b613fbf1fb0219,Lily
0x1368dd2adf86b255fc8624da2ac9a7437de5d4ed,Decolonizing Money
0x136ae6409ad90a93a470e9df128cb2c30945e87d,terrie
0x136db2eb1b910a2bbc998fc83aed263a01d58928,0vni777
0x137685c8101e6f4361068f8b5fa60b4646d3d749,lisa
0x13789d1d66ba8643edb783557585023425cc8782,Hameaced
0x139d4b6cdccf59ec9448c110b4e852fcdf356dac,yubi
0x13a7d72a51c3be6348e81d33726b5e19e253a639,NFT
0x13ae0dd3236ecf8879b69959cd13be78670d7ffc,Jessica
0x13b32bcf913e721ecda58227bcf74c9fa79bdfa5,uranuswch
0x13c1d200c1a436ce7a8f4321d71b768556e16979,syldhen
0x13ce2e1b10a317552fc4efa6dca715a57b83ee84,Max
0x13d786f0a391825145f8a528f4b61f2456ecfad4,France
0x13d7ac3f6febd020caace3498866e09c4c7713a9,ion carlo
0x13da5afbaeaf1bde37f3a86a3f0270f640bc3aa2,khuyenmai10
0x13e482172a502f66423d0099691855a343d9bfbf,FIFA crypto launch by June - Yes
0x13efc4e06208d8e0b499b49d0acd40ab2fe37572,L-lp
0x13f8777d0d88a52007fd415794b6d448b40e3dfd,TEST-CRC-mint-handler
0x1402b59477b287afe0d12234eaaecec04cbbe479,P*
0x1403404482246f00e29296593847bfd6a14cfd34,CryptoAnya
0x14094927ab74739372a0a9b18fa73f89413a3832,Mign1935@armyspy.com
0x140d290cb330dc8ec46a26bf12792135018bcdbb,Muhammad Mavia
0x140f1139f9a009fa40e16e88c705862931c99209,789
0x1412f6537c9855f43c2a596ec4f452d2e9469d40,Mantis7108
0x14148799fe85fc11ae08e604976f53d10532b726,coder
0x1424aa1dc250509a79aefda10ad91f8531d2eb94,Phynx
0x1425502552917111cf727894f346a2e77f80aaee,Maximiliano Vargas Barrera
0x1427a9fa024e93ee801deed0765bb5c8989c9c71,Test base group-mint-handler
0x1428629c5215dee3a05c12a0e61a8c8c811de0c8,Manolle
0x1430da6133c5d361e7da03e43a6c5652cbe08c45,Onitemi91
0x14337b933417d379fab4de7ae1c0642901a6e216,SimonJNugent
0x143df11299888a0497b21898fc0dbabd060a9dd7,hoangdu3940
0x144e1547ad7be53ed5f751406a661540b860d522,CryptoRastas
0x144fd6bbbaedca2e691c21e586ad93ee9a885692,nakesha
0x14537d9903dd78b2242e4e26d77dbae8e0747fda,314
0x146189a464915f1d09d43caba724f20885b49da9,New Test Group
0x146438a235a75dc0fa807f8a34b8edb18fcd14d4,(Joe)lefeveje
0x1464f68f2ae57df9c07e2cec222295fcbaafb705,Iason Bakirtzis
0x14742775b4f180eadb4bb6615ab8b9df4e7592af,Valentyna Kozlova
0x1474fc696dd1a55257654da9b09a0301ef42a758,pp
0x149ff6add1848df2b2b11b5e9fce8f7bfcdba76b,f7group-mint-handler
0x14a046a7d0fb6d995669567cfd250404bfd9e8dc,testmemo
0x14a7da4f02f3ab6f93f23cf20dc1ec214085da5d,Yassir
0x14aab8d72b68c79cbb7873d003585a7c3ef98633,Yevgeniy
0x14ac04fb293e73d1359ba4f8bbd7f2f5122fe5af,😎
0x14af3fa930ff08b28fd9eefa4aa8830109ca3829,vipe0x
0x14b03666f6f3ced5e3254a352d9fff058c2834b0,NolanV
0x14b05b93ef2f9f013e19dbdec879abcdff763381,Fundz
0x14b0de071d4d36b6577b38257ed4fa02bda021d8,Paulo Carvalho
0x14b31a052964143b4c455e3650164ff6c91f81be,jaensen test org
0x14b365dccdf54852783e5eeef95397b42e993086,aata
0x14c13264a6825611d9e2a10d88c8ac4a8b9c50e0,tshem
0x14c16ce62d26fd51582a646e2e30a3267b1e6d7e,ben
0x14c36651815545c12805fc48551b563df0896ee1,vladimir hudec
0x14d3fa07ec23de1f2e8ee9300791fd0f11e9c3f0,yyTestYYaa
0x14d462db14d051d2fef3e86ffe09c138c4b720e9,test903495034t
0x14db36e2fb426fa48bb2d089be404fe90c0ec4c1,testDataDAO-mint-handler
0x14db82877fc28576abe2727b61a1f721598bbcd1,Lido CSM
0x14dcb3406e42d06b0a00a22edbd98a551a3f94c3,joshua
0x14de5c5ac17946c6bacd16db2c45f58fd0ad064f,Gerrald Johnson
0x14e03ebb34c7ade0d002fb712da6348675dcdec3,YourMom
0x14e38c1356c4fca017019941785c920294231d5a,faith
0x14ebe772e8c84cba64f727b37d36d3d9a65a356a,Test Group NEW
0x14ed358a31ba2fbd31bd04ce77dcf42214a18395,Luci
0x14ee64b5c41fe256362e697829d6b82e3ee550ec,JTest-lp
0x14fe55b59a6dcaf1950fbe9d1e0e6e10643ab7dc,usermnhbm3blu7ha
0x150205d9e2ac18b279a8726f1fa3d9705db5b233,Egyptie
0x152d8e3777988730b8aac37659499fb091f0ef24,TRUFFLE
0x153f06b6b46072dfb42e85405bbfd3325e985db1,Rising Star Group
0x15400459313253e55be2abd351e3ac61a896bb64,sparx
0x1543ea8390aae394e002b55a6978dbf9f1d02f53,yk
0x154a278e4860071704ffbd3e8bdbbb128d5d396a,Paco Rb
0x154dc25740fa2eb1b582c99b6ada8939dd857830,0vni1011
0x155191dca0d6803e715fc648ef967f835acfc89e,zeptimus
0x1557376109ca7564b124e7ac9e96978b21806ae3,42 Berlin
0x155d14574ee15e2c17a9bd3a4a36b13947490b01,vtrush
0x1563e8f8ba5dc4519317a9599fb674ee651fef8b,hayormide
0x156afbc4d5fb4498f5b31cb4601d67dc8d546ce9,Aavegotchi
0x157c287839a616a2e73a447c228662899621990b,winterr
0x1580dfac8be5f766f291b02016c7f6d67393f2d4,mike11
0x158a0ec28264d37b6471736f29e8f68f0c927ed5,cryptosnf
0x15967469ff88d7dcd893223e22c655cb55408fd2,jaensentestorg
0x15a58de17309360d56647854a6fabe263eb100c9,Joseph2Crypto
0x15a999183d7060ff3c9a032b1cf5a50f716d5718,LogGroup-redeemer
0x15b140e556f6ef45f78094715d9e4cc906c9d185,marchhill
0x15b1818724e7ba721c09ae6f49339d33292e1a75,Philippe
0x15b509275f94e4875e542c723e7da8aa7d723243,Viacheslav Baranov
0x15be89708053cbc405f29095ecf803d51b5812c7,Tekrox.eth
0x15d025fb86508bab9b2dd172797a4d71dc02e3f1,carlos3
0x15d0686a493e0e4012e86f7e4d38ad622adb9813,geet
0x15d34d5af9a42988564565c95cc63bf7243bd336,eusebio
0x15d3958abc6d7b3a0caf3109ecd8556dcd7fd497,TestGrupNotWorking-minter
0x15dbf1eaa90dd06cd250a20e8d5495daeb1e1902,hisel1932
0x15e44aff516073cb16188d966b388e08dd1b01fa,revolut
0x15e49aa929e45a2341d9b8a502886b55f489a579,deno
0x15ece2a5fc9fd924c174ea9b267cd110b5b7c553,KBN-redeemer
0x15ef9fb2a81140655192eb83e2ac88f44a99a9b6,Ofisat
0x15f160fe175be389c13c1e20478bb752da5c041e,Melograno-mint-handler
0x161cbd2a3501c092dcdf04834d56768d3c15490a,one four one four
0x1620beebf9f823f305efcb29715fb34ab6812263,losingdave
0x1626a8927109725f36813244d51b2c47bad0debb,shop_yann
0x16286a0f9e910316926d8e741680fc59f18112ee,Test Circle Group
0x1628b774cf3605ef942059d07d0dcaf7e10c0746,Daily 100 USDC - June 13th
0x16348303189c3ebaaff21c8e4fe66f919dec3d26,PureGold
0x1638213952fa4b2bc779a869d9da7f6e53887d62,TestCMG-LBP-01-redeemer
0x164449dc812f160b0f3a762ce20b5b0a4479e76a,lexus
0x1648610b8d538a3ce6f74697e4eabb000bc1cf7a,hbj
0x1649b07f3269aacbaebe5f45a454c62349ef2a21,blubb
0x164c4cde23c4ab0468a6d4b690f7fc767769f407,cherry
0x164c50081581b18dc4022ff7b2266c66a75518c8,Vero
0x164ca62a2f7b52e6dca31bbea588785ed1f11eef,Ionas Rezk
0x1655c87d06c77a3c71db56bbae98fed0276a5c3f,Kris Simeonov
0x1656fd54766e94bf3dd190c293ab62335d20f3a3,0vni1011
0x165854bc9c8f5e34f1cae8d033131040bc387ae2,Jur
0x165dc0aa128a3d5bbe7e3ced0683712bbccecef0,Breadchain-mint-handler
0x166edf6d7e47eeea9e66615a02911e31ab121aff,Subi Group
0x16706e67de3fcad6d559a9232ad3aa7ea0f1ffbe,remix snippets
0x1674ae4cb0f138acb582f32ccd3bafe6786b02ef,0x1674...02eF
0x16858579a44c889645c64cfa839f9b88a11c1f52,TempBaseGroupMintRouter
0x168fa383662c18660b7a703bedac029c6daabb14,Vladi
0x1693b9ec56cf41e6878f3ed7a29bd5a9b14a257e,PrincessRewardsGRP-mint-handler
0x169841b13ee116c8aae1d1dd85e5aac6d841a14e,Whale
0x169fb7ca2fa31ad9a86341534f6850f933acbef0,skatromb
0x16a18fffe7f57684c2caf750643ec612864994cf,Jessica
0x16a1a4f754cb15da70a56cd88a03f2a9c1253def,gavin o sullivan
0x16ad7437fc0fe045010e0431c49008aaac6e91cd,Thomas
0x16add2e878fb1b15ce0f8763254c81cf82be4492,Will Circles reach at least - No
0x16b81355ad12e56d21a54ad6a4b1c50a8df805eb,Matylda
0x16bae7a8126b602128d46952962c2d8b4b7bc2ef,tbar_eth
0x16d480dc05c95ebcfb928ce514ba2b19b2638a25,ryanycw
0x16d5ce79f5390f75b5f4e6851012097894ac035e,Erika Hesková
0x16e604610a0b4993bb248ea627cce040e7180133,james
0x16fe9fcc8c068d58ce45379c41dae71f358e8e66,Lizhophardt
0x1706f0b0bf526983c310f8fc1ab45f8fab523f84,Lion
0x1708882d860dd96e4d1998e40a61061cd610b907,testG4564
0x1709fad61034a82893b1f62a1396455e5cf223fd,Effie Kavoura
0x170c9920124c7a3cffde7c6b1145c01e4dded637,Staking Rewards
0x170d111c17840dda339d97339427ea7eccfc9cba,aTEst002
0x171d6fb00f3273d6ec8b451cf6e859ca1add97ea,group-inflationary-wrapper
0x171ee1ad0bd5b76290f9d58eb4720349f589ae4c,ETHDam-treasury
0x1729771b9e1347de2fccea18fccbd1a7f6f29045,Nat
0x17396a62eafd1e0893e5ab2a2db1083407e063fa,TestGrupNotWorking
0x1749b32a818c539bc83da4c140b127f41a60a069,olex
0x174b7e5d5e87545a8a1cb00b3bb08ec3bbd0a405,Allen
0x1750603ceed9c7ad34ecddffebacfab489c2028c,Tores1988@einrot.com
0x175708847311c5b6e2a3a5692bd036c37e1db6fa,bluemoon
0x1758f45ef98622f0ebef7e6e9738627816d1b7b0,ThisOneIs1.3
0x17625ef97f97e7896c4c93ecb26780fa3c668a72,kingsharp
0x1762953b836dc7fa07df52c702af00fe898e9cdd,Peace
0x176ce110dcdc67a9d5d1bb9b839d609b2ac28109,CRC-TEST
0x1776530f97c250da722b411789aa89d774f5cb7d,0x1776...cB7d
0x1776b2aea88c5f1eafb61ad5967961b7ac8861c0,DashboardGroup-redeemer
0x177cd38f83b10ec65d9af02fbc161ee47b32e05a,Lioncub
0x1786b379c9f4f497f32c01a556f4d0a40219d1c9,dtehrani
0x178f2ef9fa5183cab9e103605f21bd0883512753,Shannon
0x179f85c613b493f5f6e2ea9ecbc1ce72ea1cc206,Hillary
0x17ae88967eafa3108a630d21dac1ca29500b6cf7,Daisylight
0x17b1163bcafdf9b0231244f10293f42af0c780e6,Radar
0x17b996bccc94b3e95fe3fd276202b2abc6b8d385,ambrosion
0x17bc3e4fb26964231db0d5edbe91c19201083e0f,diego
0x17bc505e5f5337b9edfe4265904ff22774d3b6c0,Diane
0x17c4009349686db4a31d91db12e1d42bae784907,ensmaxisnft
0x17c961e85dff93fc1d38af9bd781d5b23b632874,Nicholas
0x17e17cdb85318e628bfb153d57a024cf1d40b0a3,Ace
0x17f0c51c112fd19f27384f39fb0bfd06b11f2e36,Aavegotchi-mint-handler
0x17f1f07b788cd75a361584771d8617981958f12d,Rouaud
0x180faaeee791c00b1473da3815ca3727500ce22a,Alessandro Arminante
0x18282f2f1cb0f1395ad81946774268a28991df7f,Shuvalov Vladimir
0x183b0982fdf5c27ab96248ecee7838e6fda74448,pollll-treasury
0x1844a2b8fd486787975ebed681efe02adea3fcfb,Samuele Bigazzi
0x184904c1196546aab522e0d46474d9d56386987e,adam
0x184fe10bc249a492ed23836fa6a94c0e8f60b454,sifon
0x185a2c7d80dfa4f5749d284988a792a41da82111,kirill
0x185b136887f01e03f2e5d7a16fe9b5a577fec8e3,XIIIB
0x185d2c76a8b8a47db753019cdfa29ad9d5c19c0c,raffo
0x1868c390ec1d7eb5dfd2e4de649123e3b34e24cb,huetar.red
0x186e0b4ec46366e7fc07191b314eb4ee64d52b13,San Clemente
0x18723138a6cf940c1c8d11b0a5eeccdc9e58e301,panas
0x1878cb6fdee42ea31d2df00a11766091e653de7f,syed
0x187d7e76a4b62be71fbdba88946a670e56c77a8b,charlyn
0x188198005aec9bd35aa4655341c554b1b026bbe0,kpk-1
0x1882880e2c0a930862343da504e0739ff6b174d9,Manuel Vale
0x188bacf78e4457c7795d5a83267bd04de6ca54c6,thomas
0x1899c077058dbcd762dc9f9652f4c192dc8cfa28,ABER
0x18ac13f91cd60aa95d20659e270a1654772967fe,Nathan
0x18b1cf8603721eba7c9f1520cbfec7ad55de45f0,eyeswithoutheface
0x18c09d08a75ff57b9b6ae9bd3eeaf281e0bb9c3b,chainverse
0x18c1af2ff848d0684eb323e7b87140f215fb531a,Bet contract #0 - outcome 0
0x18cb40a9dd195c1618544c1dd9522dea71618aab,0x18cb...8aab
0x18cd1f235bf378e5139b4c03a78836b78f9396d6,WarrenBuffett
0x18d07f17eefa82c8f70757971d8832d98535ee6d,Gregory Lee Butler
0x18e18b4696b631e70ea7cdbc86d6fc9cf33d4312,Luxembourg-mint-handler
0x18e959d0a90abb39410e6e7d1118a0bdae3ba84e,Oscar
0x18f78017c72bed2e3dc6236325ec0d36847b8f25,sergiompimentel
0x18f7ff9551e7b862e8a879614432b7844d3871b1,theblackstallion
0x18f8259fad59aee5e7041a901f1423bd8749dd2b,Circles 4th Anniversary
0x18f8ca40ce841f231dc084dc6e128b7fa39d07f2,tony
0x19060507ae00108106d9ae5b5cfae8a615a133c8,bitverse
0x190f574123bfe71922e797fd5a70b739817f75fa,Secret Garden Deployer
0x191326078e0e3b5c6c57d2347a09f6b020f85ba8,Pandario
0x191c6305b03590d5396c9981fef270b07f910e1b,erlend_sh
0x19240b2d8e8846a812ff71597c3d5c6284e86ced,test for ETHcc
0x19292451ed0ca4a1fc4c3882dfb956ae5af5938d,123Group-lp
0x192ae1ab431c3e2658cf8a94bfa8d3c0d251af81,Frutero Club-mint-handler
0x1938577bbdb284d110e91db96efe96d18afcafaa,France-mint-handler
0x193aba58ad7450e06b7abb0ce59c2174746458b5,gretaschneider
0x19429a06d235efe6b60516f1181bb748299d00e9,Jevgeni Kuznetsov
0x1947c45c8c94827743214fd87766895ccc7bec04,Dan iOS testing 1
0x194cebbf5486c5458a9a46c2a8496db096799b9b,bubu
0x194edc53074d504858a6620f21ea2c3b487a1101,BuBeTestV4
0x1958d9d5eac9866acdc4c24b33f6ec150c9156fb,sekuba
0x196769abdfbe10683e274739ea3f52227c84aff6,Craig Mc Gregor
0x1970bc0886dbd1026aa58abb12908dc2b56b7eb6,manos
0x197a8b97b6c3ed2a8569457c13a448847a76197c,Sherell
0x1991579d40d29499ab692e688cf5b014dd05ef73,Yuri Amado
0x199660e1d177896aefd61734267a2fa4eb4fe42c,shadowchaser
0x199d2212509f4f3cb4f0161a3d49d876e636a0c1,Circles India
0x199e9b2b6241269b64aa2b9c174840449bdfb6fc,alen
0x19a76f2061d79094f6e7fee7be3476adf69185dc,Test POH2
0x19b1f840dea19fd512385c9539b0e7ab9ab5d685,nerijus
0x19b315e961cf2ca6d627b3fda8cdb576cfd79638,PoH Group (Test)
0x19b7543c65674ba77a5f16ec0de41d526db124d8,alvinsu
0x19bd93aa109fb179454596cf6e1e3871d6d9bfb3,Emmanuel
0x19c75213d0b5cbe69dd0f7a0b23776e5453fc681,Melograno
0x19ca4d08968a2b948fbe7d3dd29d7fe65929be63,VRPunk
0x19dd3ad7728d0019a716c700b202638d7c6568ca,Jimmy
0x19dfc7a7d6d761d0a0161304685bd711acfb2945,Will the number of CRC bac - Yes
0x19e18f163c33fc19456d9d1349a55639dabbb45b,Yeezz.305
0x19e986640cbb1254cbfaa9c762f96c569a92c0df,Daily 100 USDC - June 7
0x19ea40acc847b3db7ab530fd703aeee861d1f65a,Joseph Francis
0x19eee936c65ddfc7f98c4aac3fb94b62ff174da7,john
0x1a052a45c8adcd91a5bc12c46a2704e990a75c56,Ivan
0x1a077ce2402cc93489ab7cb7a9ad101a7e70d02c,gonemultichain
0x1a077dc3e059d4f3ee72f6f0b05484bfeea6d80f,thesammie23
0x1a11ae06f468f9761833f34b03f486b6b75a74cd,matteo
0x1a14a5c963bad5f10801ab0ea5a8dc87090da96a,Si Her DAO
0x1a24ca0d93293e1bb587dce8843b9223bd9577fe,Timothy
0x1a24d8b3c424dad750423af7955a56aef3912905,saschagoebeldv
0x1a2b4b2ce559760193f150801873472e43779be8,Shaima
0x1a2c401049da18c160933f323ae92ddc3c075beb,elliot
0x1a310390a05f2e8a74228302d9fb0a703d520ad0,subh0x
0x1a3221e5a1daf12b39bfff0ef8a066029e50e6fe,GnosisDAO CRC LiqMgmt
0x1a33b0cc4b8a2d39b54ee0cd83aa4c8b52f60ee4,Rabeea Qureshi
0x1a4c717b5c441e9dfaf7ed7e22e88a23f045d843,weckl
0x1a50dfb30beb441c69f8f1df12d10509cedde0e0,0x1a50...E0e0
0x1a5623a969b94868cb9befbfd14e9912ecf51cf3,Bruno Salgueiro
0x1a5a59e1809cd7e634ebee0edd5089c619b65023,sendbird
0x1a5b542d5c318bc33f906d9f5d439f5f3e161c60,kitk4t
0x1a7489fddd3d6584380e3dc9a116225e8a0b91b9,elonmusk
0x1a75d4750097604ced1185f00bb5c30b3c9fb386,Gr3g
0x1a80eb00af4bd22621fd4cc5ef537a9263da0db3,gp-mint-handler
0x1a861f698b660034fcda99d6f234ccb8d0a03f0d,Diogo
0x1a9f47e7a2f9c555ed701924523044254c8b06c5,WHALESHARK
0x1aace82c2cd0d7fc119905a347b1182b6b94d78d,djaksnfjkaenf
0x1aae6819a0e2982817a604a95d2659a0b4a43af7,Felix sporer
0x1abcaec6c4dee8c144f493e42eac6ada5e20b6c5,HelloWorld
0x1ac3e569313eb58bc6c58bf10fa419a1f303650a,Eoghan Barrett
0x1aca75e38263c79d9d4f10df0635cc6fcfe6f026,Circles Backers
0x1acc2c4cfe1cbeddb5ffb5592f7651eddecd969d,lisanne
0x1ae1c824d2f031b6ea446b70110fd94ad42e44fc,elden
0x1ae8c8a3b70403308dd4ab66ca977ba14438678d,Oriol
0x1af7f6ca67067d6f679e10cfe205de039f05d14d,byArto
0x1afc470f3fea53f64469f59da48b8b66846d4513,notsospecial
0x1b11d2adb59f24c0b1fdaf92908821d21ad99347,Argalaprohis
0x1b1246d65c422521f24798707884cdea27fbc068,Gabrielle
0x1b13bf243fe7a5262670a9d2e15278bee0694fe7,Harrytsiri
0x1b1c5d877c4efc9572f78226ca79afb09cf35e56,Student Futures-mint-handler
0x1b1ec60d7f1bd2efca07c4d9792dc4adf00a3a43,0xtokenpath
0x1b2b1b72d457659ba3606d18e2b3b8d1a80cc9db,BB
0x1b2c58913ea224a10fd6a2523de3998a6197f6ef,wer bin ich?
0x1b2f55eeb24bec6d6ee7eb860f5c5a8e5b87c108,LobsterDAO
0x1b3854b2c55135b1d0ef74ba1bbd9715672a0e4f,Etherium Foundation-mint-handler
0x1b3c76a8d006b6e2913e69a95ce65bca6d76de24,Guillaume
0x1b3dcc16b0badd8dc36628d45c844103638e67eb,Sasha's_friends
0x1b3eac8c813a7b8838b11a7422faf2f15a3ef662,Sent 300 CRC - Get 0.04 GNO
0x1b4f9a820ac4d58274fd62c7c591f3976a77caf8,ruby007
0x1b51f01ed3a02e930999daa434a9855aa3a2c7a2,le3na
0x1b60446cc562d8f12400e3485e07db8a3a87aa8a,Zanti's Man Cave-LBPStarter
0x1b631b30754297c14428a6d00df00918b3d49dd7,Liviu
0x1b78be634c256fe15d630dcbb08c825bfe667f38,TestFallback
0x1b7f13ea442443d0e111085a1764c6e30dcbe5c3,Bucherons Rentables-treasury
0x1b844252d854ab90061a431833d47f254343ccbd,vcc
0x1b8a34b23023ccbe4707bc750239062ea2439d7f,crcu
0x1b8b96044685c7bfa823da42c823fc14bf0cd807,notyou
0x1b9a95a9a16980e6f8d3c704f384082279a3b447,The Hacking Project
0x1ba7e02a4509e788e62e7ac56674e9629d1c9950,negro
0x1ba861a4da21c7c2fa6c9a25b7668df8d645bc74,Francesco Lauciello
0x1bab5e0e32916d72792b4986be3a3782aca01926,Robyn
0x1bbab56ce4fb5ef80cb4fc5a5bc8a12e4669d4d3,loveme
0x1bbe544d079449d92e4e9f29921b3faf0b869244,h0ngcha0
0x1bc03b7f55ae497fcb804384ff30c1f0054db645,Vinzbond007
0x1bc16205e23e416916a04fced2acc827378114f8,marcus
0x1bc96d11de8fff286c67a9db188c5b7379b58a62,Josué Gonçalves
0x1bd2e9109470df8bb620286de028a5d621296c82,circle-facuet
0x1beac37dda9317a0ff36715b397700b26fc731f4,haele
0x1bf242d53a7a0ae16e1b6c96323a5742e994c4d8,fahamed
0x1bf27c360d02a846ff8b33753c62bd186030c2ae,Timo
0x1bf737b377a7172398191c6cbb5ad2216d070a1a,bank
0x1c00529ce54f9bd6473772a3e1bce846641b125e,iamarichman
0x1c019d421de86970a8921604afc11d24d3866e26,strapontin
0x1c0aa8eb8e36967e9333b44cf3a9da2a8bc9f05e,flatmate
0x1c1cd2fb167d60a725a5cab6c5f21ae835c81625,Carlos
0x1c22ebac5a46640dda259322d8307a6fb59b7a94,fem1kpk
0x1c293082e2d4bc050926615201a8e131fdecfc4e,Evert
0x1c2c0710778d701ca295dee51e56f8496691cdc6,stacy
0x1c33972f7b43fd3a8f4c84840ac00b6db852f52f,Tanja Radulovic
0x1c43a8be1eea4875b9bfe096a8714ca38b78304b,Breadchain
0x1c4ab21e2a7890f67fc2e47e44ce6e540128a872,Federico
0x1c4b10a61889c047b357338d50a4806f3f667d78,LOLiPOP
0x1c509cc911982565f414c9c8f42042f49d545136,TestCreatePopup-LBPStarter
0x1c513e1aaf6b610ace5ac252a8394957b62593e0,MADRID
0x1c561d5b0489a37f6763fcf5373beb042aa89a53,@glowsconces
0x1c6cb493ebf5ee280119a04505dbc1702cf92afd,jorisc90
0x1c720025a7e93cf3eb0cb51f5b2d55fe7aa3616e,Boredapeyachtclub
0x1c7e2c10c2f9d45090f7501804df768581a7dcf2,Ttt
0x1c934f8530f470a7cc8936348993acf4c4b2079b,Jullitta
0x1c969c305731d8cd4147cf2a60fb208e7cd7da62,ArbBot
0x1c969fe7ca664ebac25a02c7bda1922f5b7b0396,GPCRC-mint-handler
0x1c99d4665d9c0f1fc177e5a316fc732d0592208e,Privacy0is0normal
0x1ca5b5a84dc6502df1451eb519b4c5954ea342fd,haobo
0x1ca672ad6ba378a5946483c1715f564c7e4840ca,My Group Name-redeemer
0x1ca8232bd5b3c0cf396a671e3aacf9f8973fa04e,KPK-LBPStarter
0x1ca9d7ca2a88e702f3be1ac99707179919ba35e1,Giuseppe
0x1cac013f082c86b8970a40b6943da66d1b483265,lucas
0x1cad7a86424f1eecc40653abb8b7a17da7efd087,Francesco
0x1cb2d13a7833bea28088c67f99d6bdfd10aaeab3,sacha
0x1cb75a940726b0b6e178bed25b3d56d3eb44c058,f8group
0x1cdf1047d89ab3aa94b6a026efc1fbd430cf898f,Cambalache-mint-handler
0x1cf1af69d7e8c587844cb7c9826b53457bbbd9dc,vbtest133263
0x1cffdf7f6a858ea8e5f67bd4f893ca1ec7ad7595,alexo
0x1d000f69bb6d504820076605bd62b203422ecaf3,Catherine Cartwright
0x1d05d960d3b6ce8514ba8baf49488b2ebb5134dc,daece
0x1d078b5d17bc68c39b7dfd926fba160849a79fc5,Iwan
0x1d0ed8f28253a3467795cbbe9b191a87649eb628,z9k
0x1d14f7c2c44f6e8bd90b5aa4390d99f3fc8cda3a,sadamalhadad
0x1d3020db1304a2bc3185471cb0eabcfb7d7e68be,Meermark-treasury
0x1d3663cebf6c7f54be62b210d68eea0e38838582,Dandelion
0x1d369017abc83e14c98344e45284642e11c5a439,testfor
0x1d39bd96cf29bb7d285d7e5e42e61a1bdf2cca93,anromero
0x1d3b5e93beebc980c58acde1985b25aad053f287,DappCon25 Circles Lottery Test
0x1d46da46e099fc99740905a7ca600522ea73bdef,haelfte
0x1d4a809233e05fc2227d1aa5e6f6efef48396864,imgrg1
0x1d4ba13fd29a42994b4337c47431399870a07dfe,Eduardo
0x1d50c0eabb565306183533e5c678313567184c2d,Larraitz Kortabarria Goñi
0x1d589bd5ab3a4433232c77f5a29c3ed58e5359d4,SCT
0x1d5a965499ed5d56758e92a44328211ad307ac22,0xhill
0x1d5e17283436a68a8b0c1a48c8cafd1a15b0425b,Dimitrios
0x1d6b0af7ff7a71eb274cb34d0bcabd2942ceabce,Pasanaku
0x1d7ae8bbcfa8c4c449228130bd0a381a2d1514f0,Beno
0x1d7d9eb19217ea112977927f02dd5618aa990623,Nuno Vieira
0x1d7dfe8d612bf551cd74d6b67c4f9febf48ec075,Mohammed
0x1d7ea8e78a597071e884b10a976f3cdd149e71c7,My new group 2
0x1d8b01dfe3c53ea9b7a990886bc4cbca5241d5b6,btwiossvt
0x1d8d460ee68f86b7168e71c8b39c381a7055e97b,Christopher Varges
0x1d901966e2b9d0e6cfdf9114928a764653252e9f,kendrick
0x1d93182455d946d620ba2f8798166884aaa06b07,mike
0x1d9e1196e624e999adf8be61985a38b1ca031735,jeee-wan
0x1da4737557e46cd855427e44918f13765b678f4d,Travis
0x1daa93ad186bd0664c5215cedb6b31ddc9573227,Sergio
0x1dad28c3c4502e51d4e2b1f017c08c87fb8c2e99,test-offer-zrm-test-setup
0x1dbe2d46e5a21f4283719a257b47fcd62af4e338,Fidel Jose Martinez Chacon
0x1dbfb6863a7984f747dd8a2d0b1fa283c8ed998f,Mixcz089
0x1dc1e8c327b9a5117c1b937688f31fa2aa7e54f0,ETHCC Community-minter
0x1dc7038ea39c7f6e2d449020b3249dfafa71810d,0xlylvith
0x1dcb267124437511aa40c520192bbfc999fba59d,BetYes
0x1dcc41f4d52bc101f316ba26bb0818932123ec78,UnknownMiggler
0x1dd81fe729b8cc6c8beb6908b99bef097e10e47c,Testname
0x1ddc0a8470eb8b92dad9dd9c793f0ca7f592f7bd,MINTHANDLER
0x1ddd8ce43b1886d6220cae5e074e454550dc0785,dgusakov
0x1de359747157ecf09ed654ea4e638d4e4537e27b,testiiys
0x1de4e3731f060d5e3e5343e0e738559529bb2f54,juan518munoz
0x1dedce35a70a9199ba4ba7cdd59d641aaa6778e2,kubush
0x1df32b17e475fcc8c23b96c8befcc587866086db,ATmosphere-treasury
0x1dfd1fa9657600eb4834c14fe8f329bd7a8a653e,vojtech
0x1e005e8a9915912777c354cfc023aed4e9fbc40e,Kiddo
0x1e0c469cf575a92808fc41046662b6a7d9acb8b6,Joastech
0x1e1d39122508249cc810ae190fef669486445203,shorn-test-group-01
0x1e1f2d6a160ef6246c78f4577ed352b7dd714c44,Gnosis en Espanol
0x1e2c755a3c61565c72728cc564710ea12796ad95,red c
0x1e3227ca74ea54831827f399b6bdc5ae2825e34f,negasus
0x1e3271635823a8a88299484589c97a1a1f6dd301,GDur
0x1e3423e3b39505cd17f39caca59bbf327303f6c8,Circles rewards router
0x1e351bcbd18d65be47423bcee6c97e3301038238,0x1e35...8238
0x1e3610ad248e820cd1f59e70105fb83d95d1644b,AUTOMATION MAIN USER 3
0x1e361581204601c1104be8cef58db225acfd9da7,BetYes
0x1e3702167c66a5de0a7aeb641fd9443b0263a148,Arnaud HIM
0x1e446d67e4e40b62cf5f9933dd617659512275df,Playwo
0x1e4a5cf7e74fa4a4ddeb0d99414fe49b235ab37d,ABCDEF
0x1e4b472478fb76f012a15aa35fbd151424f97ccf,arlentremo88117
0x1e4b7675e6b063f98f7719b1592f722fe78105fa,0vni92728
0x1e4c187f0a2471bbc59fac070ddbd13852e65b23,JuanRah
0x1e4d316d8244df521ddf5ac86bdfd93338b0c235,tom
0x1e4eca293c429019aaa6c5c27ecd8c56d31cd0c0,Plan₿_ch
0x1e55c69cbe4c152e5ec0a90d5931b387d22d88da,Will the number of CRC back - No
0x1e572fb3e777eb0c4fa2237d38bec0db299d6371,win
0x1e5af9f58c7e63e350084f0ae29b739ceffdca04,Everest DAO
0x1e688cf4c2d964de9b64f0b9cce63e493e744b62,Full Node Breakfast Team
0x1e705a6621da8a48f479cd4e4f6a8bbda602c18e,ISLAM
0x1e70ef658489d6fa7f75ef44bd0d945d48936fe8,0x1E70...6fe8
0x1e7119fa7fa63f27bf37cea2a36eabcfece09850,AtomicPersonalArb
0x1e75ea678e401674695d695b3aecaa8e2a3173cf,leonardo
0x1e7934e02269cd72e4cb5cbe4327121c36e05bf2,Sebastien
0x1e88c0a49f34f368917787ff134bcf5ca233db03,Wesley Baumann
0x1e8fbf848231d839687e00cb1754d3b30b12aa07,pollll
0x1e9122c8a2df72e36056b49fc12280219302114a,chriss
0x1ea2d26bacc407398b72889f63df49fbc35582d0,Ercan
0x1ea799e22f6eb13b6ff575c2c5d7be0e9be563d4,Mustafa Hancer
0x1ead00ffd6bada53b62bdfd42116a23594c912d5,GMC-minter
0x1eb05c37a667e5677e7b87196b4b4789157e69ad,bunny
0x1eba7ba5f3db41e3ad7ef932abba6a13d57de428,hiruma
0x1ec7b88019463183af1a7574aa73250619210410,group-inflationary-wrapper
0x1ecf98c428e0cfab9932a9128d373e19b496b8e2,Will more than 75.1k CRC b - add
0x1ed7e42ff70e56e2380d9201ad0d71b6cd566d3a,lautaro
0x1ed9950be6ff7357110e372c1969232963245269,muse
0x1ede9e5cd9d458245e9ae4b3b83e3684a7412689,Melograno-treasury
0x1ee084d0f662ac3f5fdc34fb703aa0069b985e4a,Sahana Prabhu
0x1ee16f4c27efff89afbcf22067011dc498f6c43d,Circles Utrecht
0x1eef5aa9d7b64d5fd8c265246fdde78a889535d4,Max
0x1ef16d9dd7d53b04beba01c7f308c15c20578269,adamoos
0x1ef26e5e3f1ffc44ae73d893f33a1a479b97aca1,Wobbleton9745
0x1efb9e6ea6ff4c489c0172bfc5c4b9c6c21d863f,TestGroup-mint-handler
0x1f149bd7eab0d60fdc5127f8d6d0cff91978343c,robert
0x1f14c82926227d948b9a756db9aeb77fe51273c3,Max Brych
0x1f15081c50b29319ddc85307ac0bf9982b7b65ac,scalpiw
0x1f18b617fcbaabb58ba091753c7d04987ff24271,LaborToken-treasury
0x1f1d26102e70480c3ae07a17b8c4aa5b9a170434,sunspiral
0x1f2288397c3602193bc3b773063e3f0dda8206e1,CirclesLisboa-LBPStarter
0x1f2768114e98079eeb4045ce6ad6a97afc7a0cb7,Swift Evo
0x1f2af903016e385498d51c36ed55c99e5131cc74,ABC-treasury
0x1f3817bc8a0aef8662674e03024366e51f5f00d1,tobyn
0x1f452fbffc56f26043ae182247535539ff44cef8,Workshop Dummy Alice
0x1f5192789e5c64f0b0a9d9787e89224453e7ab85,Joe
0x1f5337871b426133c8c9b87a9d4de1c560b439a4,VortexFlare
0x1f57792fd07bcfceff835e02853b579cf126516e,NewSvelteGroup
0x1f5fa2218180e751f58f0f9737691e65eb7336d6,BaseGroupDemo-treasury
0x1f611be7ce70280d200fd059e48242052ae9dced,vmark
0x1f689e9a6f075dac566d5c93419a3fd372dee154,Duck
0x1f6db4d3cd8a506307952897a5b6d3bdedffbd1e,Test Gateway 1769070576138
0x1f6fad8deeb5e77851dfa65f03dbb39025bbe798,basilebz
0x1f72788b7f200acae742075f3f7154a2243deb09,aoktest2
0x1f735008cb9bdb2c636a844cf90412368c72b2a5,Tonie
0x1f77b63787c9ae30b53e4ec2ec5cfea50be846f2,CRC
0x1f7a3ad2eae8d4d6d0dcbdcd7b583c5c500e2358,Hugo Rey Fortis Y Perez Aragon
0x1f7cfbe83d29ff7d8e0b4c61e3b2dc54020714c0,TestCMG-LBP-02-minter
0x1f8015df8942149066618d229dae07b24af53f9e,Test Group
0x1f8617782b7c11f4213ed2750bd4c84549c02ff0,HASHAM
0x1f89dccd4a760e0a12d91b48c848ebe249b7bc3c,soreal
0x1f8e441de38be814b9c273572e20330767f1351a,Pr9945
0x1f8e590790cefc06e423704df8cd90522e43ffea,A new group-mint-handler
0x1f92251e3de5578116f24ba31a97060870878ad6,jhoiz
0x1f93c4121101ede9af60d7380ff1cc6cbe3dab04,Ida
0x1f93dd6bfc8b8423d0c212507c76f92f59c0bf5c,Eduardo
0x1f9a4ab603eb0201ef68033d007c5bb7d373b05a,velina
0x1fac1d27c4bfef2e0b075c99a0c4e4d54ccdf4ed,misterclarity
0x1fb33a73a4354a61e760202c0ce0297990efdd34,stablecoin
0x1fb361afec6a385051aee581aa2d9f342d72b444,catlinh3980
0x1fb739f0af5ed54090fdf633cb3288f939982260,thisistheway
0x1fb7d101c020f5632b48a7f4dbc0635257228c6c,Husen
0x1fbe9d7cf5f77d1cf3c0fb0a5a31c747cb276122,Benita Quardi
0x1fe46d6b9e53ff1d7ee95d8eb8f60b0947c5b00f,TestGroup-mint-handler
0x1ff39416352a4faf7ae4d22125a2d1c2900cfdeb,ryan
0x2009bc5dd36e4fc077989823837916fc565c1d44,Ben Hanrahan
0x200c92d1e5004532d4005975174eb12e3e8eaf56,KPK-LBPStarter
0x20123003b7bc886280e7435a1067964213fafc9d,blessing
0x202258ef2c5aedbae34369b06dcb7b5e84d2db59,3.18-minter
0x20232e187f0d73d89fbd0075a9db14724c9bd6b2,Josh Young
0x202ac63866f4397430f0f42c744f7f899dc2f385,Manfredi
0x203624c963a7a1ba4b4757c27807823ad0bd9ca8,donya
0x2038e4e52ea6088310b4e071d6b35677968d2c3c,Naomi
0x203d4a6ee5b20849128df276de6ff6dd55ffe3bb,benjacoin
0x20437d2174558e46825c76fb02d452df0ba79746,qub1t_test_no_trust
0x204689e2d2a6a97f22c8942e281b7c134193423e,Richie1876
0x204c08fc967a486fe2cc7696b2b5668156a8b829,HOLMES
0x2057a2aad1d5a9f050a8cfe22b3cd34ab059cb9b,biji test at art event
0x2058693d86858d25395ed24a770a6c63bc2eccf9,0x1
0x2059dff0074016cd1f15171531ed55e4b0d4ffe4,NFT Ticket Seller
0x2063a6d3877a52cab54c4ac745b5076db2beb127,VouchGate
0x207e3c5858762ef8114d1c1e927cdf4cd1b4c7fb,dimls
0x2094fd815c84d018c98e14c5e9f2ee038bbd03cd,Brandon
0x20969993285cd8821a486efc6eb336a135661ec7,Luciana Silva
0x20a60d90111dda6b61033eebabab5b74fdb1da17,my first test group-redeemer
0x20a9760838fb41bc6fab19c8cfb54a10694fa8e1,Ant
0x20b73760482de66cb0c57db1744eb3f8c4e4982a,gretta
0x20bb579e70602a635ea7e25cd018e2ca57ba604c,Leonardo Silva
0x20bf76c8d53e28e83819968822f1204f9c7e9bb1,tdenoronha
0x20c0f10d6a6501ea14532419fa21b6ee18f58cfb,Circus Group
0x20c35f14a6a7ceeade42bcd97372a9e72e5796e6,Jack Emery
0x20c63a426945abb0d4c5a2d7d3f9acf2b63229d9,denny
0x20c958290cf15632c561b2f79b8c078e4d51bd42,ariella
0x20ced4ed3b1651b832a77e13e54ea5cb14c8b95b,Circles Marketplace
0x20cff392b2b3e7f8cc912d912cd95329650718c1,Tip Us
0x20d2aaac8773089a6cd16fc814afc0fe1fa06cfb,starboy
0x20dbd291c06c835829b88c93edb62991367d79db,Maurocordato Alexandre
0x20dd77d1c815e0efb221f49628dc861f04dc522d,Astronomers -mint-handler
0x20dd88c888439e0b95a20c8583f62eba5d05f865,pokecool
0x20e232b72f466f8f2027bb0d01fb8444c5dd6c45,Alex
0x20e304af041c2bbe1c283a9c811cbd04f52f1a72,waiting for 1000 CIRCLES
0x20f71b732f2fdba9851779cda296db46d81f9b27,Arbbot METESTSUP Signer
0x2108e1385868848c16b7877eb3b84eed1efe77b4,maryy
0x2112ccd615fcbb56f9dcc5bd7c4b355e6ed762b0,dragos
0x2118f30f57c295b630c35a14e12325665c4e4af7,Pasanaku
0x211d4db9d1d2290fcc62b66574e2bbafba734c98,sandipankundu
0x21374e9e7c656c0193aafa1dbc41ef8a6ce884b5,MARTIN
0x213adc49cf8853535ea324982c05ba343180a244,TempDAOIntermediate
0x21450508bcf988cfd3dad94b135524500d582e3f,test-offer-zrm-test-setup
0x214ba57cef09266ce77c191cb00fa2198152e7a8,Nash
0x215b8848132f3fefba80a9ea1b24317a40135121,efgwergf
0x2161b019b7caae6a50d5ea52092be0c48d1f8864,BigBang
0x2170c9e9a320c733df21070cc0e511567089393a,Sae
0x2170d3aa904f4d48b50ef9f9045d22410cc0885d,q-minter
0x218b48d28d0912e6869174b14661b93b7f8907c9,0x218B...07c9
0x218c7cc2ab48aff2c26d295e3ea950cd66949243,MICASA
0x219def2051849adf0f156b6e2a45ef80fe8aaf2c,lauren
0x219f64fe851a7047f0dedcc8a1efb8063d5cccff,Mileras77@fleckens.hu
0x21a8f84cf14849cedf6021e2d3dd55a26b85a72d,Vlad
0x21b43963e57b94cf6b33404114e10dfccf90ee42,Camila
0x21b8eafffbda29132fd7b9aef7acc2a1a948251a,oublie
0x21b997e1d0a15f6b80d10cbb485cc02f54f71f30,fommes
0x21be5ce0e496c99b1111748a2112d44de900d81a,Ramone Harvey
0x21c18ccb67ecfe3de48f4e84f37c47cb21f6e91d,empty
0x21c37d1839844d084622135c90fb4ddf37c1b108,MARIJUANA
0x21c6abd1357a9e2c7962602613c1f42d86066f8e,vdscsd
0x21c93bee19e272a9e0edbf24e70611b90674acae,Jose Garcia codes
0x21cb00191c239b51904edd4739aa303645807770,taka
0x21d4e03e6e9c0acb7e992252f7a3b22914479270,Rutger
0x21e219739584314dfba22254237ac87655517b79,0x21E2...7B79
0x21e7ad98b2d0788442b741d714cef97a0d9e00b6,CRC-1029-treasury
0x21fe2714fdafe99e1a9cffc351bcecf669481d0c,Egg
0x22101d45fd3624d75f76f72b2094c484a6fd8828,Dzung9x
0x221b5cd344403ec0e24053c8ca1ba00cfb0a0f1d,OmarAl
0x2223a6088a699642619829e56c429190893aea6f,test2
0x222f66858891b07cb5be11f6bc3e4fc4c44c0c76,Tomas Cerny
0x2239f15a40d56ef74eb6c099dade8ccad4f95c64,veeeryveerylggroup
0x223f7ea0b6c84cc01ca8d10e729f293a05aa1bd0,ayech
0x223f85d3cfbbff779499fb117d5baa16ae5a778b,Will there be more than 6k - add
0x224d632f7f7fe6a9145c2398086746f928a687f6,Minerva
0x2252a6c49d486be223bde0730b59e25ede354b79,TestGrp-minter
0x2254f264813d1691974eed379e53f38180d2edf5,Tomáš strigáč
0x225a40284823b0f90cb092f08e6e55d8acaf3969,Test Group-redeemer
0x225a4da16431f9b2f95b4cee165df1bad8205fd9,zerotone
0x225e3d43e570a1ff68d29ffa91cc62dabf5add59,ayako
0x225e81a8aaaf7e1bf71b1f923a91b13666945e00,B-lp
0x226994452f6054c3fc414668fd35998352cbbaa9,Skiigge
0x226a46098109b3f48ba5c32c8090c870bcbd52f1,mikeonchain
0x2275a47aedc436f1dd0a05952cdcaa4bfd8c814f,Hoppr Test Group
0x22760edf266523ded8c5e08a44a3883286ddfc7a,musk
0x227642ebd3a801e7b44a5bb956c02c2d97ca71f0,leinss
0x227686d1d29020b775ac4c735b6845d5444f9744,Jonathan
0x227e00b9631348dbd12e96f2ae4bf24cbf480107,marian
0x228c72d23010e63b65eed8b9a8f7b764025a224c,Crypto Royale Org
0x228ec7386300dd9ff19bd2e3b139a7037f510c49,manuallyGroup-mint-handler
0x2297cea92a88b3552add2d39c350148639e3cd1c,toaster
0x229aed847da39cf21d9228b905fbcdb1eb52d576,Gaurav Singh
0x22a7ff7a6a64a88696a8c4683a94d7e4fc950a20,GMC Group-minter
0x22ad9307682e99208a65bcdf253c9751b983886f,Tanner
0x22b7b3b9304d1365d190738181666a92daf53b3b,mrgavallan
0x22ba9c1d0411d39f861fe907c718ba32b449b708,mehran
0x22bc57817901cfed69d67d49d9bdd92147f207c6,Will there be more than 2k - sub
0x22bce53d2fc9e05ad1409d683884170ee8ec6fd7,kristi
0x22c0bcb4758e583b30a4b4e5105925ec7b563f4e,CSM ICS-treasury
0x22da54f3fac539092caeb175f8a12f2b8a09b2d8,lovetodance
0x22dabb6c2e07fb2cc9157548dcaf6c02f0cddd7d,CIRCA
0x22e2cfaba2c414a82e66c078a3b502b94544dd92,Archethic philippe
0x22e715d0f3f0efed5eb4c5e74d4a6f4ba229eeab,bohdan
0x22e728f1f7c4f3f620f59faf3c1378e239d3eeb4,bossjojo
0x22f1fc1d052443658a0bfdee04c6e167f1841eb5,TestGroupMM
0x22f288a37e4228b1998d5345d47650befd60b74d,Test POH1-minter
0x22f30b4f282185f80d16ceeb27e374e8f202f88d,CRC Consortium
0x22f92aae5ad475c880c30f475e1e1426850b7e22,Toyang
0x22fa9585bad09bd8336cacb6743e223f9aea090b,Mangrempo
0x2302488029eac6fcca7c0f1a3bed22e5e2afb313,Apostle
0x23024e4ca1781038c3a6e2ad1e4bc6adfd213223,Tanya
0x23063c6291f788d9500015f153e001a87022d446,Lolli
0x2306e91bcc06d0cf51e338ee18548a08c975a2a6,3.18-lp
0x231d71a9234bbb11dd4b838c3f549124f5a9b420,MaeuseBaerenGruppe-redeemer
0x23314d911ab90ef9457b1489f9b87572a1afad22,ETH Daily
0x23346aaa986fc74d299ec01802173e5c8bd6dded,AnnaGeorge
0x2341736186c2dc82bf6886ea9fd494dd03047ac2,TradeRick75
0x2351a7b310cbda344c0bf4db868379aff613fda8,Emilia Saukko
0x23579e265b0c31db3c2aacdfa9e62d6f1a6b6eb1,Bjorn
0x23597d5885cdf73784753d89b8fef874b7b14dc6,gm1234-treasury
0x235ae29d41ff40cd03c54640c2baa1a21ed2283b,Test Circle Group
0x235b4745e38c90896d88df163f4f302465f2fb13,Beto
0x2363970b24177f7177b8cf5ef98f7c56c379fe71,Will Circles reach at least - No
0x23660f6a0039ef4ca96e906a3e83aa8e4dbc07a3,Nethermind-treasury
0x23762056926636dbf96f87648d443f9e8ec22c92,nisisTest
0x237c38305251ec3fceee762fa2f084c68948ec58,test_dev_v1
0x23814fb0b86a67879e5774a3c09493a7850e4048,Destiny Godspower
0x238af70c8e22cedb8017e2e9354f90279724e645,giamgia68
0x239980cc3598c433d2344d767f9e157ac3b9b3d1,vb_group_dev_3-mint-handler
0x239e8c96fa3e6f4d0861f0871ea9c5f652f7dc45,Glenn
0x23a0aef931aac3d34ee4df1bd0173f1ce453c937,mogreene
0x23a7feb7d8c1f2ede6c1e151db9d1b08f9155fff,Will Circles reach at leas - Yes
0x23b963a9a46db1bb9e47b95dccd240826d4da174,Gardens-treasury
0x23bd1c9dd29005fb3468d4b9d411ebd1790e31d1,Amber Marie
0x23be35b25298ac2a399b0e49229c8f54a04aafb5,imrankhan
0x23c68a3e0a9a67bc39ef498e1d42bd22f1503aa1,snitti
0x23c80e61ac110615b3d94f3590725a0a5cb50a3c,oic-test-group-mint-handler
0x23d04fde450775c1a589c65a98465752a358f032,lovegrovegeorge
0x23f9c1cbc11dce464ed0e5434bff922ffef4408b,UUU Community
0x24024052556b14e8ee32962eb9990eaaf586048f,heueristik
0x2407eb45c3fc2238fc2bc895312652761edddcf0,Vitalii
0x2408d464f2c8025d3a13301b0209a63496182d99,flo
0x241214aef0bccaf0629fa872831c26aef2aba222,ajjoy2323
0x242465c9e241ad40651b775ddcbcb60151b47a9a,"Test, do not join"
0x242918e5d5c491e5a8f27ed882839db46f414c96,Jule
0x242cae62033b386a6d3e74fea7deae0ed38d85d4,kar0l3
0x242ccb72457d84c436bd6e97ae3b977df23c0f47,Will Circles reach at leas - Yes
0x24324517fe26e5f928d90a5feee65b3d5bb5670e,annandale
0x24455cf06d7dad4b650d30c4f2d1b6c3799e69f4,Saul
0x244c55d81daf970556505f5ab2a69769879152b9,glaoer
0x24560d76e04fc0f7863aeb33d8212fac245498c7,tano
0x2459f696b96d75c758ac503a52bd45bf88062d1b,Felicia
0x2471a7e3cb407267391d5cfc0b4039da9ba925b8,Davidakin
0x247dfc5094432b2d0cbc4a80ceaf05c11f896ab5,💩
0x2495187214d5dc67838fd42c43be91b7837f8eb2,sevdali
0x2498250cfc9a771460f3f1259e5eb188c18dd212,Jean Tremblay
0x24a9e19e63361b2e6edaec8eb33455be13c1c177,safe create group test-minter
0x24a9f244d5931d0092873916a5f82fa9a94ebb36,Rina Faber
0x24afd7bbccdaa3be91e43e7db9ba485e13ccaec7,ELISABETH
0x24ba8af5f5bf76d5d2c11caebf6b16f93134a441,Alia
0x24c9ba1fb88533b0cd2aea37dad75b809eecf2c0,dummy-score-group_1
0x24d852c5be77a28e11c9e944b72450584ca035f0,Brana
0x24e15023a28329f3826637536cb194f085648489,Payonir
0x24e186e5ff4290e6049b019a51cc81084540fde9,izzyp
0x24fe54ff3fe7d156e6313210bbaef66172a6eab3,Kajakkes-mint-handler
0x2510beea3faaad5f1e18c621f9652585f3890d56,vrycmfy
0x251f818cc0d4e6be7e3c5912e192809c2cb7ba96,GroupFromPopup-treasury
0x251fb7d531d4830f31bc9bf6890f33fd77858150,rick2795
0x2528754cef012c58f8a570676e391b08b059aaa4,testseren-mint-handler
0x252c45c9e34fe6c382a3d7e1fd275ee07cf0adf2,Dashboard-minter
0x252e8dbdf86931270b2148b9beed90965deedcbd,tiktoktestiiii
0x253496f9ace3b039af229745e6aeeddcee64c5b1,derekbarrera
0x253aa69ecc6dc12436ac780b5a68a92540ca2839,andreee
0x25444a4258399a51f266d504b44264e604bbdf23,Sasha's_friends-mint-handler
0x25530b6bfa59fb43be58009bc4dda5ade7e81ca0,matilde
0x2557585244f07b1e6b57fa6c490e9e4c6afd59ab,Edoardo Mattei
0x2567ff16af6c597ee3dec80a68fe78cfd024aa4f,Alan Sunny
0x257103c7e1293b331d70f1281870b3c454b57208,Vermouth22
0x25719fd079701e2ba2f4a6170c50053d4be21a0f,Block Builders-mint-handler
0x2574709da99ca8e998574e5a6851959b7a1b4a75,whai
0x2575574912389b1264d33b2b944187fb2ec8d35b,GNO Bonus
0x257ac9d4d92bbed126ba10fd3025e4b99f8964e2,cryptojacen
0x257d6a1a4d0af05be289a441559b7b8ead0a9c2a,DBG
0x2588bdcfae90f46f27af6b57aa8a6773e9b515e7,TestCreatePopup
0x2591df4c2df37e80df12e38bab45660701e1fd03,GeneralDee004
0x25954c308986654be9880fcbd705416089cab86c,Leo Castro
0x259fdbcded7eee835e960e141bd9968497de50cc,abc
0x25a0d8134e753e91e7d81c4ab85cc5942c69a0bf,0xjwt
0x25a1a1161908e1859c1d2ec918c19015388fc43d,laurids.yodl.eth
0x25a2d7d2c310877780366dbbfefb4e76a752fe97,test1-mint-handler
0x25a3b2cd680de4b18f47fcd39075e42847471f9d,Etherium Foundation
0x25ab1f1dc58b94f9fb63d05b3c7e5ee40ac690e9,cryptainists
0x25ae3aa096b32e426da25d1e2d2fd29543c80583,Rianne wessels
0x25b96a8932c47df5bef10d63d5304e1161e6ce88,feynon
0x25c8bcc65d0c543c3515e6e9b19541b41fcc629f,Prabesh
0x25ca165a9e03b30dadde6307ad9d219028750ff6,beeni
0x25d5c9dbc1e12163b973261a08739927e4f72ba8,Torg
0x25dc0d9883ceaa766456c71c81f18eba1ebb562b,Circles Migration Test 4
0x25dc80514daf7c0590e4fca3a5c72ff29710cc1d,ETH Prague-LBPStarter
0x25e047ed9718fbd92e98f0067f96e69e5dae020d,Alberto
0x25e650e41c138008507fd241bb6fcfdb22da0bce,Vincenzo
0x25e7e554b4ab174c6def0d8f78c37de8f5ecafa4,Will Vitalik Buterin have  - Yes
0x25eb53c22a683f06244b4b3504d8adfc1d84715d,John
0x25ec8cc812d3f258b1c677731fc7bda44211928c,test_offer_5
0x25f80cc9341f7de7213c67583a6d9a0c5d90fa5c,Layla
0x25f8c7eaada28a53d14bb407e0fa5bec6e838eea,Tadej
0x25ff761a7148e9f7075f850ec3b9a6a4e837c502,sharepluse
0x26000b56201284e857b1ecffe3f0122f9ff8220f,kate
0x261e8b58d302f903178c6167b35f589168d901df,Deidre
0x2629c18ad40f665ecdc72eb4b1690b529d7d7b1b,TestAccount
0x262ba9ecf6f75511b102344b20bdea79d04b50bf,scoutingcapie
0x262bf296f5fc946de636ec18b3e9fba788fd4ba0,xxxxx
0x263a12747dcbb268470e21ee5ee7f904e87842f0,tim
0x264043395ae7c3a9e41c1c56e22c3af7211ab37d,Test group 2
0x264203e4c7e9c67754ca8248e03eaa53fc277c11,Test-minter
0x264bc0179dce76ad0f46111be539911bf63502f4,SomeOther1.3
0x264f3758f7782b97f2b990e58765a6881b4caa28,PoH Group (Test)-treasury
0x265a707fab7408cf127c27e4c4075a930b7af3f7,cici2025one
0x2669f0b4194a28a3f0d0fb2eb5353931cbc4e233,Test POH1-lp
0x267478e482a0330c6bac1f43d9b1ca1f48bf9234,Rupert
0x2675e2e28e8a48a6729f42ae4d3dc2ec6c3baf1f,Irmantas
0x267d8d0f63dbd6dcf78ef811e698d0b79b4f2049,BadPacman
0x2697592997f27254fa6dbe214d9aae8fb51eb32e,bloquel
0x2697f04e7dc0a2ead3457d9331453518d0712b8c,armando
0x26994472d896ac2124f8e83b42bf00e0f6362ea2,0xMichal
0x269cf79ef9feb931c49940b1ecde8609888a024f,zeynepserra
0x26a154b5558155ed3ad8889d63f48189c426cc61,Lola Imposta
0x26a322c5a79b36ac0705973c8357823f6c38f732,Denis
0x26a4028b9e40d7a7b9fd3800a061bf4b9dff8e4b,yashibu
0x26a49ae64018c197dae858e2a15f67cf51dd2250,Domen
0x26c3c330ecf91f91f799fd2b4d61dac0a2882a5d,TestGroup
0x26d665554762a8c43e25902f360d225fbcfd71f4,adotsch
0x26d6caad3139a0104be952a21dfea938b0c20c60,illuminatum
0x26da89e78c4bebc68a1f7d5b0c7edce5178b0995,jaguarmimic
0x26e77baedf40cbd165a82f5511bf74ad1e055194,zumexa111
0x26e90d90091b69604a2876f068c865a1ccf0ceb4,Heigo Kalamees
0x26eb06612e85987c88496d6061d42a7f8aa94629,bitcoinog
0x26f6ba3c8bbf9bdd762af9b04269631b141dcfc0,Ayenco
0x26f70923ff9e940707a2eead089db06231c52560,CHawk
0x26faa292bdbfbbd2254c3dae2ae16be6313c75df,0x26fA...75DF
0x26fbd6346a4c14c07d23734fef5b18fb6c91fa17,NFSociety-treasury
0x26fe30267f1486df5245f1596f8323ecaa909d27,sidib@
0x27005a47a45a175a5b231e75b0e01eba87f1a95c,LAWFIRM
0x2700ebb37cf26f15c69b69c32300bf5f2b0d8646,Dannyx
0x2703985bd8df888ae1bda8460a7da2c060973efa,Hadriun
0x27074f3da2152322ccadb785a7f7831aecdc0a30,nokcha
0x2709757a543cf1bf4d92586b73d3891438b2589d,Student Futures
0x271055288670526a9656f0bebe031a7862ef225b,flancis
0x271062ffec5014b271c322e1afe41293d8413a3c,J4ck
0x27206e963e78a2ca2ffb04df36e653f6fe8e82ed,Florian
0x27279bc6de1db0ff58e6c00eabd2bb4ac3a79284,TestDeployerGroup-lp
0x272a3ccd93a2cb04b4392519f471093d8134e64c,0x272a...34e64c
0x272cb635c43f3f131424254ad97a725e9083d371,Andrea solinas
0x272ce253ee92fa1d128c627484ca24c07425af4d,funfam
0x27349bb0569271a3722e779031ab20b85d7a8841,nova
0x27367bd1c8a9a18bf15afd48de1fb6c984c378a9,TestOwner
0x27458b32cab92b1b7d27fa8f3c5b7a29c28e2d2e,Tuan Anh Dinh
0x2745a92de47429fb7b197108a3e9e7a0ea79d945,Eduardo Freire
0x274b7899f278c69f313c2edb6ae802bbe3a8e0c7,Gustavo P
0x2754b038adbe9ecfaad18759e76cc901457e2dd3,Demo123-treasury
0x275644900ca7fccb4a7ab72a09dcdaecad8d8b5e,sche
0x27566031e20d7f14c12a2d3aac993f679bcdc945,Lewis strawbridge
0x2768643c23ff40bd379d510cc4858fa602a07efb,nikos
0x276c10438932d43698f05409533a705f7f7f881d,Dan
0x27702463713ca75404a5cf4740c9c0d6110bf984,Johnathan
0x27789ea6a942c49a4d8bb10370fe53bb7820c595,Yigit
0x278553a504efaec7182f82b50f3897448ff9e58c,Klozta
0x2788bfd7e5eed36a43d36a6f125eecee96f26081,Christodoulos panagi
0x278e6e2cd231af64c7be1db74779fd66caa70734,10 USDC
0x278ec8eef3a5aa6dbdb38091a58e6005ace8ed4e,Petros Maragkos
0x2793ad8cfaffd466e03522977ee9eef9ccc75f8b,Eduardo Marques
0x2793e6e7ca7dd941c748b036368054e50a305667,Walker
0x2794853bfbd389b2666885d254ecf1ff9cda76ae,reda672
0x27a776fc7fcb926f699685959119b9c0d812abc2,gabi
0x27ad481b22afb8d73b64393ee595a85930b8fbd1,Shan
0x27c00c25ba5815119a5b32a19c5ee5799432a7f1,Herilis
0x27c6cf52a4f741dbbb08f5d6a624ea239d27ee6b,Marcus Lindgren
0x27cc2f79ec34e7f0c3ab2250e7f28738c4539bd4,Dandelion
0x27d4c5ca24001e9d9ef5e88a54ccd1f06515e5c0,dweight
0x27d50da128c19b1e9382d29bd37d62fe6b9d2a32,ornot
0x27de737120c561d4a1b1cd8e0bddbe9e221e7f20,lorenzolomartire
0x27de9cf9b586eebbedc1fb6aae19682883e30370,hgf-lp
0x27ec3771be9f799a4ae3d6d79680561a92a7a1ee,morphine
0x27eda4320958b6075ad965cb86ab8fe0312f1a11,SG fam
0x27efdb7609c8d39171f9d857ceee1d2c7d349f84,Alexey Zinovyev
0x27f4119bcb878bf93dcf63259074493106e2be72,Gregory Hubin
0x27ffec960b77158ba042ff55af01de93d5afaee3,Mehrwert
0x280255b215f37fb20dfe0a2fe2b57a9e35485464,zet zet
0x28044362c675d838d386dd9c516210e87e540903,Youssef
0x2804c4abd341c22d04c3dbf2d187019d8cf77017,Kaesual
0x281013236bb155eb686a070503fe210e0c7642c4,Rokas
0x281d9d9a5f7016ad095b31d4d6d0d7522811a801,New group-treasury
0x2825586a02b0f90b0706b38ec4e172e9267babfd,Krasilia
0x2825e20075ed1cb6c404f8135cbc6439411a64a8,James
0x282bdd2366c075420dcc03424bc849c1c408ee53,GPCRC-treasury
0x283012398819c84fc11c9d6b8b832152a13ab8ec,narayana
0x2831718786cd9c79793bfaf19d4638ec9e869ba0,thys88
0x2839482840cc1fed6d3d89f32f9fa0ecaff0c6ce,NguyenMaiThanh
0x28399f024f7d2d717f9b96e3c09761aabefaedd2,0x2839...EDD2
0x283d5ab99816e43dda8ac6e4c00423734e37b3a4,asdasd
0x283f6667ab3986f5c6c7029b22d4a2e90934b601,bravesatoshi
0x284e19198d17e397905f3bb69bf2247533bb593a,ITA -treasury
0x284f97aaaea7c229e5d55bf764dcf76103cf9326,vamsi
0x28516b4fd13bb8544d5df740758ed50038691348,Victory
0x2852b90bffb8c4e2a49623819c7c536b6614c32f,Martins new Test Group-redeemer
0x28544c7973fa8ec17d7d46c29e52bd5f792347cf,Nur Shifat
0x286abab6cd4248970a573aae60fe5bbe837259ca,TestLottery
0x286d3f5ec1514fa61317af093a6431f85b44861c,boidu
0x286f5b72bced8b31b0fd7e523559684fa6ae42f0,Gnosis-CRC-Migration
0x287588232693f443de607f389ea45418bf0b31e7,pierre
0x28790568394a0aa60c55e04cff8f27cee532fdea,gmkt
0x287af64ebb4b2c9bfc5ba7973629f8a44eb0b6df,GNO Bonus
0x287b536bd272982e3e9fb642c3a8f74f3c39a404,gift frankly
0x288a2bd72ea89170f04f811ea68755311d831c11,Chavo
0x28930922951541dbf6e6f9d2de76fd36ffba9983,ambresoub
0x289edfcdc080209854e7c618f8d9f12768a6c798,Lightpix
0x28a2c4dcec4765ffc380caeb28f7bc302a01c844,Bashir
0x28a8859f709b6e524adb48ba8c76ba79f333ee5a,whateva
0x28ab6a3a8a279cf141e89534b8dfdf11edca6d6a,edewdwe-mint-handler
0x28b1f76fc34c9456ae49f9962c0ed113c9a3a3f0,Leslie
0x28b630664b04ab8f9f3a351b121d95076bad8168,nicoya.red-mint-handler
0x28bc9b6b48c76380f3ef6389ab6bf36a0a04c4ee,0x28bc...C4EE
0x28d12d9f901ace539c0e0d319eb49e329edf82dc,kobrad
0x28dac1efc23d4e5124c5f640796db8692a1102c9,bellamira
0x28e104bf1bcfefe6b08b055e8a4f2d28897b59bb,fgrwfasre
0x28ea781dfbafb3fbf4e340c4604f27cb34229619,Based Group
0x28f131946183d2ec4fcdabf6c83049361f65c60a,CRC-SepETH offer cycle
0x28f26b19340436f24f70ea219f17af79ad74d163,Cypherpunk
0x290a29d3fbbee5aabee28302bc6d7fabfa605f2a,0xGrace
0x290fc39692b9f861abf4b2f94a1615dde214a477,yeti
0x2912aa417c9114fe6f5e0889fd13320b0dd9a5e8,vbtest1
0x291f1c224965de084f7399ea5d6fc9a2ff102c5d,moselan
0x291fcc8b0984511dc393353b0af074482994ba2d,MCG Path Mint Handler
0x2927e04d4eff7df4be1a973b3d96eef2ede99c8c,montorus
0x2931f15ec4b0e02f96f1243e83a4173059e5c669,lova
0x29331ca9a4a183940ed952b24170f003893772f5,Veworld_Virus
0x29354b466c31047318b5ffd8f659aeded6631320,jonathan
0x293aa97ad24fe7895718f269d982123cc83bc6cc,Berlin Full Node-minter
0x293e963abed1012dbf517d5fa2e7d8024baeef84,Biqiang
0x2948b68946632e2574af65929dff6f605a6163cd,thunderstruck71
0x294ff7234143dac2360784f1c62a39da8a871ccd,Will more than 100k CRC be - add
0x295ba5c775969c6310fa040a02c1bec066a84967,Mircea
0x2963b6241b449f19c1e2c03dc71847594ece0a32,HelloWorld-treasury
0x296c27ab263779a3938deb8b5ace2e783109c90b,nicoya.red-treasury
0x296d513060193c032aa3b94ba9f96410af2685ec,vibern-lottery-test
0x2973fc17cb3aafadf32fa2d4af86e3be6eef8117,Daily 100 USDC - June 14th
0x298b3b8b0f1a68159541c998a7c5264cd422cba1,jackdoge
0x298fc024b8b94ad99a6bcd5890271ef994e9caee,Limbo-treasury
0x29946408c69484489c475abae1cbcd3efd719217,hadu86521638
0x29a5d5d1be96b17719d21b09a93109174c553852,Sachin
0x29a63498645b84ed75e9fa4dab3aa8a2a7362efc,mat
0x29b28cb3acb7b0027e2cf0ce3bb6233fcb280650,fcoip
0x29c36a05b5f85a287090fcab952d156d12ff9741,Echo
0x29d0e46d9b01ae249e937f72b9a9dacdc56aad55,HOPR-mint-handler
0x29d2426195582762af25c2396ea2f52fd7ee3026,eddie
0x29d66dcd630721539556aa17ebc4cc87ebae6257,hiro
0x29dcd431cf4ddacf2c4c6dfe5f7459f08101984f,loic
0x29e7e1c00ff13a43468b980049661db5b9bd574d,eendenhart
0x29ea1f975caaab26bae0b8fbe9d00909300d4726,3.16-lp
0x29fd956fc871889b1f8d98402bb30667eb8b151e,FullNodeDummyGrp
0x2a0162e56c1566b7969f1f2a46ab90114de2069d,Bart Bloemers
0x2a072b662cbfd640ca20c0464ea7ad70c2e52f02,hyliah
0x2a192089cbb290a469d01eb61fd4ee0d41d07015,evasharma80
0x2a1de4952ba7653d3a09d7f934c13e8f6c1e6fd0,Ciprian Stanciu
0x2a267234487febe23a5dd61b4d7d22f7bca60b91,Konb
0x2a3a132207c7475c477ecbda1cddfcf23091fa75,Daniel Demo app testing 1
0x2a3ced70274e21bfe64531bd2d48d6b222d11dd8,nolish
0x2a472af0140c57fa13b58566e73b15ecd1fe880c,Oyeyemi1
0x2a4eb6d53fef41236ff3349018f3dd0b66c2ffea,prasoon
0x2a51b1a8402754df9a7ae635cacc6f19d5b408ca,Rowland
0x2a5a7d8fa6bcbd9f6a175dd3c5798e0380406e0b,Robert Branderhorst
0x2a5e7ebba2dc398802f2eed7d83afc62a7ff1b4a,MexC
0x2a5e958318523db080ca09c99bee985879cc9187,Abdulraheem
0x2a5fcd803b7579773509f79d03c04417f6108b9b,ThunderEdge
0x2a682b31f6f93d780cc63a1924ff6180135cf5ac,FDB and TDS friends
0x2a6d1845054c0f5b8b819326e364a4a00e77ed03,Brainbot Alumni-mint-handler
0x2a7296b927e5b17852031b39daa029f2c0328ed0,ker
0x2a7545c4599a5d6ba04bd9bda64459114ea3ef1d,New test group-mint-handler
0x2a7ae0c0c69775e895e9a4d86d23d7026e1cf205,schuppi
0x2a853a2d92e3cb6112e2fad93f13f459db7bde46,Test Group 1233
0x2a8fbe122ae84ac1d7c0fbf2f0647e2ef4fc03c3,adam
0x2a93ad531ca0342885f998c720587dfaa3c77319,Desola
0x2a93c73bf8810d49e4de22e51ad78763f546b0f1,cutie
0x2aa318974801e6d9ce4fba48d169ba25699a61a7,ted
0x2ac7d27e0746da5c1ed929472c088148793afcde,Çağan Barış Çalcalı
0x2ad4129f650410d4bf1eba7a8d26179534f6cf36,Thyr Finance
0x2ad5636b59a587a684ffc3295e3bab8723151c7b,Shawana
0x2adb8cc7c7e9b757073a4decef250c104e045fad,oliver
0x2adda41adc32a02310a953fb142a754a9742b68d,matt zehnbauer
0x2ae6b3ccdf901aa98d6ca4612eca557fdc04531e,Koko
0x2aeace79ad2aa0ac4d9f2ce5e112114d242a3028,0xtaoge
0x2aed66bd55cc8c2da8ec6567f0a3be0e7d7c24d0,Tekrox Labs
0x2aee6989a941ae84454387764f8ffb65bb6c842b,Jonathan Hodge
0x2af438138d8a5ccd6c04949b1268a004df9a7680,Circles Backers-LBPStarter
0x2b07062b1764f4f89fbf5c4a9211e2735f02ded8,Trust Network
0x2b0875ce3c83e5e35a0883f831c4538588bf8c25,akinomoakin
0x2b18ba3d4611e042ba98710788076a1d7b76e2cc,JBG1
0x2b1eee880dc8e5176b027995b52e54aa3e8efde2,aleopard
0x2b24b979e4546daf7b9d90aadc966b8b3dff1445,anptest
0x2b25443afe5cdd224795919b0de64c53492d1ff2,ivx
0x2b28db8b57bc362f7a411d8ebdc92eb59e4bfc5e,ITA
0x2b3b6c757526e865ed75d5b126d29c683f61f93d,Mikhail
0x2b451185f4cbd1cce5ea63ed72852a98d929e3ba,kdevinviteinapp
0x2b45824240c5a41062691fcd879a0f264b1800d0,less is blue
0x2b46f1e1c0864398219b0832df5dd87e3df1a820,0x2B46...f1a820
0x2b4ba456a614001d038be91a2e15a39aa3f04289,moriichan
0x2b4d5a1a6ea67171dea473bdf123c3a5903ab128,k-sterio-test-loops
0x2b56fc6c21a7f8d4415305a0c5d01d75b9c4a85c,Fame
0x2b588f99d2eda94e014cbf16979a06608ec3a035,qub1t_test
0x2b5e4045936ef12250a8c01e4cbf71e9bee69e00,THP For Good
0x2b676a4d45a3dca66678611c2282ee4df5640f59,catalonia
0x2b7155d9c036c272eec9f1705dc87ad94efd4be8,comptehogoho
0x2b7664113f8b59b017ddb6cc781bae7ada6c42c0,0000
0x2b9aafda71f9acacc13adf23c82b827d84289a1c,LABS Testing
0x2b9e906d768648c337fd594ae2ce2be85b74327b,carolina
0x2baa3d779ea4ce819febda80930719399bb3b8a0,Abu Ukasha Mundhir
0x2bb417cdc580771271a3580e2f8098c3487cbc1b,testssg
0x2bb427305143b16a338ddd6a2441aec8e8f810e6,NFT vending machine
0x2bb4d3059f76b2807adf48f11228c7c7c5850e66,Lighthouse Labs-mint-handler
0x2bb90ae535e9e6c5963b5497c5d97220a0da29a6,Will there be more than 50 - sub
0x2bcc0a3f7d31aa6859704961e53d569a6293f8d9,Selling 5 USDC for 100 CRC
0x2be4970f65e6795aaad6cfbdfa89f943e8407402,TestG456
0x2bf0e687c67b1d93ad485647819fcb6f718e7abe,BaseGroup5
0x2bf1d478c6e79d6e9fb992134a36850003ee92f2,0x2BF1...92F2
0x2bf7126335a565de4cec67de03d5c26eb3a92906,ArbbotMiddleware
0x2bf8b820e81cd3d751ba45d1dee9d43f4685b3d8,ksp
0x2bfb155eed65b052fa103714c6c6dd27dfaecf4f,ThisIsOK
0x2c00e0f5616abff07da411a830030607494a464b,Mara
0x2c05c55ae3a1f0a22547ef00e01cb869f8eeab25,Thandiwe Ndlovu
0x2c092e5dcf862993850a9afa307436bc55f5ec6d,jommi
0x2c14f0744d1bcfaeb8372c1a0e442d01cfb12572,Andrey Polyatykin
0x2c218105dcfde2072555a996c4af34349e4b2530,Gnosis Research Org
0x2c2c35018e6b5bc6db44e8579586fe682b4cc21a,TestGroup-mint-handler
0x2c2cb69bff92345c9f89b911f71a1c335eebabb4,jean
0x2c306f1559d7d1248e37826dda0bf4ddefbc2073,dddd-treasury
0x2c34c06a37ed7a81cbb68305af51229384e9d2f0,Stanislav
0x2c35b4fcfda73a5e22ddbd93726441fd115473b5,Shelby S
0x2c3f8b2f48942f598d0406f58ade04c293b6af58,CNC
0x2c415bd5a689dbb23e8e3d9fe597911699ad4633,FRANCE-mint-handler
0x2c4a13dedde337ac46d87bf3c76e9a37b056edfe,0xSmith
0x2c600e4d1ef91c671b99b383a5cfa1bbad7f2c36,kpk marketing team
0x2c60ffbae9dffcd9409d6a087e74b0f01dd59f84,0x2C60...9F84
0x2c63d5a31f7a38f60e5f58ac50cb81e5a2da76b0,Ghosto
0x2c64bc0ff2e95e1c20b4eb222475322b5d93bf38,vb_test_6jan1
0x2c696e742e07d92d9ae574865267c54b13930363,nanoPay
0x2c6e7cc5ffd5f0567ef221d86417a13abda2dc7b,Philip
0x2c6f66e89593c78b331ae5fa68f7f72bba388170,ITA -treasury
0x2c72252647dfbae945865081a77a748ff11c3868,test org passkey 2 paygate
0x2c7639978f786e955ffd458eaecccb6d13eb3eb0,moreno
0x2c7d193f1af62a00278464bff95d336f9d1f0687,Redious
0x2c7d24fc95e7b4354daa66998c4d039274201008,Xelnor
0x2c8462de736db44f3eda0f8c61cc4210635305fc,Umut Simsek
0x2c899b6ffe919319d0b3c91fe012b93cebebcdf7,Bobby
0x2c979ef4660f0bcef161a4e152c202d96073a096,0xserene_soul
0x2cb136dadc9d7033ada3bf196a753fc65e66dbac,Test
0x2cb6b5217beeefb6f0236de35ad9ffcf971912d2,Nathan2021
0x2cbafd5d943d430f9b366b8141baac7235f92414,Blockscout-mint-handler
0x2cc77b1d2303b33ce68c8d97b8d4cedd8c7ee716,Elio
0x2ce297823d66369092625b6d8f8d6b9599f7eb5d,Michael Heid
0x2ce7437b5f4bd5a99c5be1570c9f7fad878d817a,Francisco Garnica
0x2ce85e0d3b5b875441ba84d4865ac99578688202,Berlin Full Node - deprecated
0x2ce91ab34c1b46e32e4b9b3beaf11efa8fa7daea,0x2Ce9...DAEA
0x2ceb1b41a7e926bae3bfb4d4daad0b877697d8d1,AtomicPersonalArb
0x2cf372cc8b71f00cbbb89a158a8b4295e4c79f61,1pepe
0x2cf68eb737db6867e586a0e3939c65f0690873ad,shrawan
0x2cf7a6ec5ce49d3b6c78a7eb656a080d8e43dbf3,Spiridick
0x2cfb737de8852c0ca03808cb2717343b14a06ae5,gregerger-treasury
0x2cfb8e64c43c51767911d4f4674cd84d21316062,luigy
0x2cfcdb48b64d0161420559138b92767478328faf,smileyface
0x2d0182dad5d12dcba4e8ffa6127b359cc53f2f64,testaccount3
0x2d042388c8abdb9bd118e006d83c2730c497affc,Aman Ghazi
0x2d04bbe084ead6665d98d6d6651a8488c4c30750,My group name-minter
0x2d1ac6f48cfdf803511fd44f1b9af8978f9044b2,Wizard
0x2d2275a45f220df053ee227947840190ec467a54,TriplEight
0x2d28d95d1f6502e78c3e80b3781e5fde48265e80,ECONOMIST
0x2d3439bd32f72ef6dcfbfc16974875abee08eb53,bax
0x2d37d48be863ba9288e956e9d37877d0f392c787,Sufyan Janjua
0x2d393ccd5f93a6ab47df7e8da81768c2d5432ffb,TestGroup-minter
0x2d40d8db918d4712dab7aceb6860dc0b4dfcc5ef,jaybuidl
0x2d41ed9fbfdf1d49233348c1ef78de2496200716,test-offer
0x2d4a6e308563cfde3b50190ceb38320d20d369b7,Barb
0x2d4e491fcbe709111f0a4d01d31ab3d0a6e001f7,Leandro5
0x2d503c3efa3802db1e55b421b523fdd8160d6af6,Myrle
0x2d538344afba7a72faf4e2d6cf7a43fbe520465e,Vocdoni-treasury
0x2d5a9e2981ff744b2b0249975f9e9701d5bee420,Victor Javier
0x2d5afbbb7a10b7a0a03a67c3dc1f66bbb2b6d967,Muhammad asif iqbal
0x2d679df65fefe85a80d6a383cf98ee3661b77ca0,demo4247
0x2d6dd1b25707945c7811770f5709770b523363bb,Amara
0x2d6eb2d15345abac63b7d7e5d632532d631d2a02,LaborToken
0x2d997057c162eccdaee9df05ea7108ca4bd908d4,Mehmet
0x2da8f5adb77dffe39bcffb3a4ec7476249d9827b,serene_sunshine
0x2daf644e384c4137e4bfeaa1174dd0365bf3aca2,CG test group
0x2dc1209911446d0f6b2a221f6b601fe8e90412c4,test-img
0x2dc68215fe70e014191bbe3b0f251ddf3a16b367,Rambo
0x2dc7878ffe6f8f4c337b116d0bd92e831ed134f6,AutomationCardUser
0x2dcb192c3199de98f74852308f9abd90658bf0dc,fintechner
0x2dcb4d5be9c262c53ab09e20a910eacf0303ea06,Georgi
0x2dcbfda7cf3828f0ad54b2088a95a9c894b0076a,George
0x2df69fc662a8340fa76e23e47334540544ce27ae,Ciara Kidney
0x2e04805ce4803ec15093745132ed429be4388cf9,Daniel DN
0x2e0f363b06331621f310e14a452cb34193382006,sahil
0x2e0ff59941b7af89982319879f8632b0a0b18f63,vb_test_7_1
0x2e106010b0c6778ab6183174cb4b92a09ccec1f0,Felipe Spath
0x2e1c1cc8591802220fc110862204bd3f5a0832df,Referral Program
0x2e2f1aae2ea81f5e6546b93c13e089053297df80,luisluna
0x2e37ca50fd79d8854fdf97872dd1440c52ce343c,merih
0x2e3b34a41931b7dd9df773c174f7e6fe92fda336,BetYes
0x2e484cfc61276baa1fd218d8af202fca9bd6e57d,CrossPoolArb
0x2e4d972085e092eb670065535078b2bd5efd3533,OVI
0x2e58ad3514528b4c604d41a6886cdb0c573ebd41,Martins payment gateway
0x2e61845459a8de502cd1ab1428705d68ae448c2b,IvanaRistić
0x2e62cfadefc7d707fa6af6ac30b6d861bbe1a436,maria.nimfuehr
0x2e671eb80b9ab3a61b37164bdc346ec2d83df7d9,Circles contest DappCon’2025
0x2e6d1f61729bc70af765fd228629ea50d8c4c0cb,janih
0x2e74f97c2519ee0c7664047e9131c3def1c3c069,gisela
0x2e75418f2a0f5dc59f3c255808fe676e71366f69,Hai Son Nguyen
0x2e78e653bbdb1d301fb07ba92f03dae981478625,France-mint-handler
0x2e7aea7ba7ae81892c47ed0e1dbe0edc149f266e,BubbaFedy
0x2e8b31184da13940ce7513d50ddde72812be22cd,test-offer-zrm-test-setup
0x2e8d72a01d2e221b8650f8c3d8e9bd5184f34c45,Diana
0x2e907eca8bff490d9559740d9bc66ff332c81e8f,CNC
0x2e99759ef1b7ddfce88bae4b4567ac636f1542ad,KnK-mint-handler
0x2e9e53e6bb63254307bb652289c5834e5298386a,Ekaterina
0x2ea7f92b79a65d81fd5fda4153bd635b4e8bf507,giorgiofil2000
0x2eafba87c654a4b38b9229ea3ef7410c9652ef82,Berlin Full Node Team
0x2eb46de8cb0b1e37d1d6d4aebeb615f5e037cf36,Jo
0x2eb98cb1fff8c0fa3c4562dcea219c3e17a283af,samir
0x2ec18de70424fa1a86b9b087ee91314ad99a4eb3,Circles Amsterdam-treasury
0x2ec2683edab974e66e4671b401797cb90afb7956,Tiago Sequeira
0x2ee8b6f4a7b441b4f49afdf3f256e23da4418bd6,charis kalafatis
0x2eecb3a1b27e27fc60a26b0ae3dabf24c9669319,3MI Labs
0x2ef0debc32a78009d6b6b65b18e70b7d808751b2,zelvyn
0x2ef88ee3233af58dfa684e41f38f3592618e002f,kayodedavid
0x2f0476ddad86ccbc4de77e0ae161ddb3d5fd860c,Dev-Moulin
0x2f0927d0899905a9bdaea73dec22aa24591fc003,Ihor_gp10
0x2f107ab05650c92b0b9eeb2edbe7a5aa9dce4b22,Taras Cobos
0x2f1cfacfa456f44a6fce1a065749c4715e54c261,nicoproducto
0x2f1e6c1e1c3eb00b78f162fcaf952d3855299538,NFT Ticket Seller
0x2f22aba52c2d280d3f0983ae8872cc488505f1fa,Karina gomes
0x2f3692bd7bfeeff3a5a29b4a6be8a7721ed40dcf,Sara
0x2f3d14bdd84bf3b5079ff80d3d04d96a181a8c65,Marios Drousiotis
0x2f4743cf08d832d579ea616476f5eeb0a9c0bf72,NFT vending machine
0x2f4b927ea86068c6cb29e53944dfc4f5f645d0f8,Lighthouse Labs
0x2f53fb3174e5274fc3e70a553b60bfcd1d79c939,alex
0x2f5778be88d7c7a4aaa085c6ddde487cc7b291ff,Double or Nothing
0x2f6500fc253671aeab01b3f49064ec40a8962216,kaymal
0x2f6c5852868579f6832879c704774334240339ad,leonardo
0x2f8c9fe2b59e903c00d347d818fc24e40dc64b05,bort
0x2f966f744f2aa1a07e6ce40aed5188de0660042a,safe create group test-lp
0x2f98dfc20b50eba73c76cc235aa1ecbe1028e4de,Solomon Osagie
0x2fa6d78e861e18f1f2aea633279c431f724da82b,Juergen
0x2fa952b0f14e099d0adf1daae8736bf58ce662e8,Łukasz
0x2faa5ccffe16d52f7b86c5f2cfb26c06fce044f1,Laura Phillips
0x2fadef9d8df429d0e7f5cae5b13915b8377f36c3,Fisal
0x2fb81e345e4b7b4b871f4ebfd627ef2a3872874e,Coinbase
0x2fbc3db2f9b044e88f960c39aa5a55655bba0cc0,fhgfhgfgh
0x2fc19981cd9579761a56f2f8bf679ee250cf2ad2,Elio
0x2fc472ccd4ded29b64517adc312080a31870bcf8,test-offer
0x2fe26aa72716a7c84fbeb1e3c64c87140e5c6428,0x2FE2...6428
0x2fe5cb75fd6a42ce88cc7b7c36a8750116ccda8a,eminent
0x2ff23c6c42fb891909a985b8c90bbef51901aaed,Hemanta
0x300460e976b2f17585fae68d6f39348e8bf6c32e,YajajTest
0x3005a4fd851040650cf919770c602f841cca9ae1,artforro94806
0x3012d3d7437208831a2dd9f2a97dd880735b45e5,Test Self Group-mint-handler
0x301c345ec29d5283556d3d60750a5d7752245a6c,Marcus H Balancer
0x30257e8608903030ef948d34715ec1d82a67a17c,Roberto
0x30260ae27f3de50991668801e1bd788c3c50496c,Achim Nawratil
0x3029cea9feef9ca5d279e06c878f54ce6c0b35c8,mahzoun99
0x302b5bc211cf99713a25dc7fbe680c8a5c3e630f,りゅう
0x302c1e5e47689be2b909eab2f97a46c5bacb8847,pluto
0x302cfceb5437b29313561b48715edb28e7880768,Peter
0x302e97397859269323cff427ae7bd31fd07b8c3f,Hirosh
0x303d41fa213378cdc7a94ec3e050d5c8ae9c1687,Mehrwert-treasury
0x3042327d5da323d44959d95943022e69c34c8e4f,copyrightmusicsv
0x3048f97deb4e9e87266072e854a9bce28602f8bf,nana2000
0x3068c844384cb2a51627da0331a9bdccdcb55128,Edoardo
0x30755fe38ab2ca88d3445e2dc5ebf31aad64d9a9,testaccount10
0x307705ed93efb5afd34a91b6eadf0c813e0338f3,ndulue54
0x3079f961aa39aaaa6a46a79e6c2aa678d0fcc050,Joaquim Manso
0x308bd6f954b07a5c7a1c8d8fc3525fd1ca3e847f,123Group
0x308beea47c24d622d080e1700a42e1905229ab5e,Karim
0x30911feae2c79002d5708405502fd41676706ac5,Katyagptest21
0x30a017033395b1f10374756b27cee497e1d862dc,Sebastian G. Rodrigurz
0x30a0644eba9cc52ffc1abda626bd521e79f2c9cd,Oluamos
0x30abed2ad7336f20990e374d342c260474e650c8,testCustomMintGroup
0x30af72d8321da8b7911d009f85f1e749cc9dded8,fanny
0x30b983002cd33c187257a3343ad72835c3f645ec,ggwp-mint-handler
0x30bab6ac44da3232db58b977ec56c44a417b9592,davide
0x30bb7a8673ab3df4f2f10ecfe6c2562dca4189ac,Lars
0x30beb7ad97fef9c8a8a7250b1416d72cdfe1fbb3,Xyrathal
0x30bfead87aa365cc804faee6f11a24338a88153c,No Group-treasury
0x30ccaf148586986761ffc8de8da42a2b2c88bcb6,Full Node Test Group-lp
0x30d073aa35c58f84d1614b997d8212574653f01f,Nicolina
0x30d885928f7ab9f7b87b0275514be22e4ebfe6ee,vbtest24326
0x30db9e1bdc80c891ee91936e01a56cb27042c5c8,PM Receiver Test
0x30def07d55c160ebe11665e6661b2a35eee73510,Ray
0x30e0fc58252e42196e2f10478b8fbb380404cded,runningman
0x30e31a47e2ac66b535ffb255b30be77c0ba42599,Mateo
0x30ef331301b8c0faf332555b194c7b3bf089d3dd,sony
0x310215efa51bf9674439bd7ab9093a2e1dee9706,avat beckham
0x310baff5db9dfd0c9ca9ba10baec254a8fa07a11,BGTest-mint-handler
0x311792463f34c857342b3f79cbd019ee6df4a256,nesk
0x3126b3945bb6e4e9d3ae8c79ca477bf4a82e7b50,Chloe
0x312a871afb5b47650dfc8b9ddc038599cf290a8c,engcellence
0x314278c65545f0f96f8fe0836ad92b3326bfff2e,dead_minter_456
0x3144e06197a13f34329eaa4ef1367a1fe5304e31,harunaidrisguru
0x3146926627aff5b04e46789102dd1eff3845f714,789-mint-handler
0x3146e98af44409b352d8352c4bf6baa4a43e4c82,batosai231
0x314a33ac43e58a9d4446554f09732468fadab7db,Crypto Royale
0x314b435da41f98ee4f05873291e915575ad5414d,stanislavs
0x315888ba9cb5c271fce46d91e49f049d4d3d8e3e,042
0x3159164456301e5259f1e11bbeb9b3a545030a1d,ferrallas
0x315a552c624d07707a2e6f65f172cc4220561a66,Daniil
0x3161ef5b7e131c419f4b6b6e0b2f1298c5c73a95,pijohasquerosoh
0x3162085b7b2ef572956f785a7fec90a653a1e65d,Arbbot BFN
0x31629bf0ba2280bc51c27180c0320e3d2bcd623e,Lukasz
0x316470af573ec66578f5fa986dc8174db99ccdce,camaron
0x31670d98b23bc971369b322f2a6e000c83cec074,KAINKIFFY
0x3174a5fdb886e1531db4590a944fa13b8229ee65,benjamin irles
0x318d835a6399c4a80623a426d25f975edc8b065b,sensey
0x318d96087ab737d72bb62a206cb9ca70d0fb03f5,Stephen
0x31924fc6824631181202feca9ea5841250bb4d79,Ancosoil
0x3196bb43abaa0a2657270b1aab3d2f295eb59a66,quantumbreeze
0x31a5581c38a4694e51c2a8e1e28e72aeab447e92,TestLottery
0x31a6423c2df226bd635fe193c21eb38e58c7600c,Miguel de Sousa
0x31a7381fd3859135f2a381d84d8607769cb0ff98,Turgay Ulaş ural
0x31acc8662612cbbbab8705e86c2fb7348ff8420b,peter
0x31ad9e0b98a73612f2b57a4104b209699c09a46a,osprey
0x31b057cba8866ff9ff9031a5976463311194d63d,Ramon
0x31b60f2ef3ec5ec9e0d940d020b6c9fe1b90a764,dzjwi
0x31b7fb682875962bc5b50f36db375b920b8f08a2,0x31b7...08a2
0x31ba2d4277e5d751f8affd451fd962f4e4b8ae53,Tiziano Scarabel
0x31bf88f51aa43096ed919357b3236d4783620e4c,Alnitak34
0x31c461e7765ad02a46e61061f23eedebf063d460,Richie
0x31c9391045de27815cf3a96ca65de047cf16618f,Gnosis Guild Group Owner
0x31d6682d40cf35ee19fc4acbb32e17be5b2688e4,Hexa Queen
0x31d9ad4550330f25a938579ee3dd6b59fd6a60cb,veeeryveerylggroup-mint-handler
0x31e2c094a4ee4263e804eec9bb2a89423718e504,Joellen
0x31e416a187deda142fabc30798f29f5b1dd04a53,QUANTARA
0x31f17ac1840e3ae4a27241f05d7f67b035eedba0,da da da
0x31f233bce4cd3b1135ba6c0c35262bcda5ec3c87,redshark
0x32041264b649698f8dada3304e178b3828baea85,Circles Indonesia-mint-handler
0x320786b5b1a8045cdaa30e9e74e7bdb0b21a65d1,FullNodeDummyGrp-minter
0x3232b0a3865b7217f9459e9c049fa14301dfd1bf,epey
0x323c33a438d177efc57c22d861e1861e2c2ab68e,loris
0x323dca73c879cfcf66f49af0f91a3023636ca691,Johannes
0x32484c39e201083a44a8a1925fdccfea199c767e,lauro
0x32630d695a301dc2d8bda44a45a96d8a052f290d,Bankless Academy
0x32788b2c201ad8871e00a21d88ac3649b9203ecc,Marcos Montero
0x32838297f860e994d218c85eda80b447917c4c4a,Logez Manon
0x3284dfa2431799659456b918a4a993fdb87a2ca6,Ahmed Farrag
0x32852825f1ffb993d8df03ce49f9d80852dd94f4,Christa
0x3288173e5d500c29bc8fdc4a6b3aaa7b59d1220c,Maël Leboux
0x329429383c6cb7ef64fe4114c8d554af3caf273a,felixhenneke
0x32951cd857d06105887a0114f4f79a9dfd791903,Bessiere Patrick
0x32a387f85a773eaff4ac6701ddbeb8b4ef038818,Maxime
0x32a4b12fa722d2eadbb0286409d81f6370f93821,COOL-mint-handler
0x32a77fb84e9b33ff152ec5d483920daba15f451b,Alexandru Ghezila
0x32aaba58de76bdba912fc14fcc11b8aa6227aee9,nice-organization
0x32ad38dd4c0b192fedc217ba1c0988dc3fadd0ad,matheus
0x32b14aff74ff02f1c93ddf9e86e877eeca3a295d,tosmau
0x32b622cf23dab51789ae2d8d0e659f2be3a40a3b,Tessa
0x32ba532a000913e1c91318309198c4d921e1a587,Klozta
0x32baafe71d0a43bbde7d3cab64a3cfd31636e391,Dan Circles
0x32bde3dc7fe1cb4f8e062668211aa2e67f0afabb,José Dias
0x32be238f48d9e9458cf42c8bd6943382b30e3704,Aarav
0x32be6d48f2cb973c7d995ff26382cd0383a46d3d,Deep's Test Group-lp
0x32c2800db7923223475e2f6532724638c8ab35a7,Gnosis Circle italia
0x32c4a05b32da205dacd00a8cd826e113790f914c,Marvin
0x32c6cc39df5d4812e4a9269f8a1c28dd118b9a88,Twayne
0x32c77f17c9c23429dde582a8bfc4a661aae5956a,Benaby
0x32cb9670b8dd4aef2aae4eba654ee3f7f7227917,Markus Schaffrik
0x32cec5e424ebd56bc09f9ceb051a4b43d897d54f,the.vanea.dpv
0x32e69894af3a7d1124baa2d9f1fcd38d9d58fe4a,0xMe
0x32ed2c60464f5c51ca1d92f60aabf5c6cb456a10,Asare Jeffrey
0x32f0d33ff6c5c23657eb1d2b0243c512f4f44406,Ilse
0x32f72a541709fcb3c911d1c80b79333452de4bbf,beachbum123
0x32fe45a99770add32a5d93f0b4f6b3c15dffd2a4,mailman
0x3301c0ff33e15d4020d5c82243ed59f0c3944fc2,Gnosis Validators (Unofficial)
0x33093b08d136e859a521031ccd0c55aeb1b00ab2,Gnosis
0x330a5379c5081f202ac50b136a2b38c0ff32e7da,Testing
0x330bb9ba0dbc4fcd9a483b6b00e7e8ee5d25dc39,Arbbot Astronauts
0x330f88d809cf3ff64b1c9f4d424dffbe488bd5c5,Benj
0x331ba7c16bbfe76fb42fd6cf6708ab0c7c48e114,Pearce
0x331c363517c8ee53af2d216954a8d3df9c040a00,BetYes
0x331deac84d73c66da7d66ce9d41d6ac4bbfc3be6,Inn(er) Circle-treasury
0x3325bc47961ecd516f6a86f21b1986b0942caa7d,Cheers-treasury
0x333284b101217fe372b266fc23c0bf1157b232ec,Ai16z
0x333a03770c5309a7db756901e407b5e621a8f470,kristie
0x333a130be009b66d765cbbf01394523ead33e412,Circles 4 UBI-treasury
0x334473ba4eebeeb39f05713097bea241fc493bff,Second test group-minter
0x334e5efcedd828c4879b7c12b91258bc2815a797,Daron
0x3356876481f164bf6b4a82a64a8ce5ed28f753ed,0xPhantomStormX
0x335d5a9ada218a2b334c5e17242d15158e7380f9,CardGames
0x335ef1a9b52ef4b31f289954a1f92322679e3d60,simone.dev
0x3364e9922297cea2747a1e68af4df77ace27d5c5,DAFABET
0x3368a6b3a26749127f1f06b3faf80ec30c97bd16,Jeremy
0x33732ba6b481b82b0d2b6c3c93547b7ff7632785,kekec
0x337c10315bf87713d1ac9ac2a137f5db63d67edd,Henriette
0x33962b2f3369b9a2e5b4cb7e37d8f23bd720a2e6,xx
0x339cd77b1d7c2d5eb5415be1ead649ae7f85d027,TarunMehta
0x33a2d2ab31c13b9e8468977830a074b078645fef,anigue
0x33aa2153607c8e2adfa0f2335b33b77118080e16,papa
0x33aa31e1392ffb37b1b3572a1e2cc0651d0bcb7f,Dandelion Kudos
0x33b50d0e5906ec3523b01bc0814b1053ace1992f,Dimosthenis Tsatsos
0x33bdecac9d1fa028aa1114a9ac7b77cfc7a3e23a,NFSociety-treasury
0x33c406d144abc28548e8892b8d19851f1218e1f4,simone
0x33c40c4a6679e6a167e30679e09e680a53e1a8d4,Miguel Almeida
0x33c4c0e8919db6b6fb823df7ccb98a3645190d18,Coeur Essonne
0x33c7e035d276d452499b6a59347a2f27fa833344,nathan guery
0x33d0f9171c62f596b0c8ee9b88f79ddbe2053ec8,vb_test_acc6
0x33d6b6c5aca3c886b730dc6b8a6228b9233285e0,Jacqueline
0x33d96e153f80516a062281e7f8356756b97ae377,chandresh
0x33e4d61c905e2b525a6b0122f83378d2ce210f38,Ethereum France-minter
0x33ea961b84aae6752477021ed9f1b8bafd8d4b57,CRC-SepETH offer-2
0x33ef4988f3afd1c9b2cba42862976cae1711d608,Circles Backers-mint-handler
0x33f0c622270fc825cbf89791b04801a80e4dc4aa,Human Test
0x33fcc7dccfea8e15f7824af63bb4cbcb27191eff,Leonor
0x3406f09dea6794d8063e89d25944303dbddfc460,456-mint-handler
0x3407d94fafaa503050032295b08223d08a4b8b3e,testDataDAO-treasury
0x340831fb303c6f9087d00b82c972437a1e5b7828,TORONTO
0x340aed188986ab13e04872441fecc38e745ac2f1,Chen
0x340d4c0d2c67bf1e413d04d51cbd0a2a1b54d6df,yodlers-treasury
0x341df0a589472fa01971aadcdaf907f23c43f3a4,dortmunddance
0x3422a4e8b3091ea81cdc25ae1187302261b4e104,NFT Ticket Seller test4
0x342ea25b5bbb874f3b89070024da7077fa05f287,gabrielfior
0x342f8899a1c1276e1b335339c95badc523b0eed8,Brainbot Alumni
0x3443923e9f16759962d67c87526295af8ebd274f,The GNO Jedi
0x3448b8956c01fa7708d3530b83885394b5cf4e15,jaka german
0x3455d0cef85d11093762a2a8f2055c685ee11eb6,2neiro2
0x3458ef4b6e5f2f9da04c958f6db63458490810d8,René
0x345b549c2723f14948543a2e486bc2443dafc62e,Martins Test Group
0x345ec5be07e8489fba6a9db0f166428061ff542d,Alius999
0x3460a9d1f2e1cd3b3abd09919b724586ac9707cc,edewdwe
0x347170d84184fd99b25c7da3398eb41e7dc22abc,joanx
0x347bf07d6aa901bb27ded9f37925a8701d60bb2f,Nelly
0x347de9fe9805e6921f4057ebe114b59ea2406e5b,Cambalache
0x34820fc02badb44a1970b3c2706e3b68de3bcc43,Noah
0x3488669ee008203400022c1d83f964fcfcac4317,Vasilii
0x349b8937fd10448a46ebbea084b056547164b989,Will more than 100k CRC be  - No
0x34a6bcbed44db7e3a70d5424f5981c367f516c0b,Tived1948@armyspy.com
0x34ade3abf24c9bf5dff1459fcb3242ee9c358417,PrinzV
0x34afb8812e65f0f4657fa53efa825e7608c39bc3,Godsent
0x34c63e0f8447e6b5bc7867c8d4e8b91f0556a5e1,labs test-mint-handler
0x34d1c0b1a1a9bcafbb4768943b5007ce8af361d0,Will Manifold create predic - No
0x34d377e6743decedf2e478d5a51805c8116e14b8,Moshe
0x34e63d517d94e02f09bc78cf4795bc61e184e4b7,jiawu
0x34e93df9be933aab79506db3c7c57fff94a53ee2,Michael
0x34e9d1e3fe7db3893668f41d8f717257be9679cc,Alexandre
0x34eaab1b985bed33a1872ac26e219482e6ee7e48,Dappcon25 Tickets
0x34ed85df6e7f8e22baae6761ba9feaca37c385a4,CryptoRastas-mint-handler
0x34efb3b2a72128812cb6da7ad04970b022ff5bd5,meme
0x34f40d7bdbfc99d27b3a596f0d1f3891db415b03,yabir
0x3508f938738b8d24db8205cee7c59f2f59d0d05c,BlockByte3508
0x350ff731cbcf62c761cbb4a57835e1641c30251c,money
0x3511c5b65a0c71edfe4b22036c5ba2f5d566b95b,Bennie
0x35121a388c3cb59a9d031ac13fa7c5b7cb7766c8,Geohigweh
0x351258b4942dc7442c5d7d4b94aaef299b1148ea,Sunnyleen
0x3514976ec0d805f3aee984609117ebaf7dae31d9,JAAYCY
0x351c8a557f558248a94ce93c72468164f6b8aca3,Giveth
0x351f3c7d929386d425eced42e8e9fbfbc93f231e,apache
0x352784e254000bf86751c824305c13a691b2806f,Oleksandr Mazur
0x352800c886c94703df5db3ba7dfcf3399841b328,test_offers_6
0x352f568779a09c1722e373800cf99894f8199fc7,GOOD
0x35308942ff03b92b90f58d4fa38b7c208dc3146d,Mira
0x3537b1e65db595e488a76876a850f11fa429ebce,Melograno
0x3537e2910d020b79cb15e126ecc8ba9958a8f9a3,Filipa Seabra
0x3544f8f2bf2ddbf2568429071978bc3f8a25809d,Metri Core Group
0x354ddf266f486098ac702807aee6389ae9a9673a,Mblens📸
0x354ec61133afb8430947c0562edc2e9296b130eb,test CG - GM1
0x3557e4d72eefd691447ab4767e016152594fe43a,priscy
0x3558961a894775d30ab9ac0fdd703d18858624c0,sena
0x3566e3c9e9a6799cce733aa555366552f94fb269,zhyrka
0x356c1657907c1dd36237ca55f82cf20eeaf5e73b,test org
0x356ce7f08ce477d654ebcadf1635deb38a54f8ce,testG4564-group-treasury
0x356f5efb836fb8beb28f01ce75597f423d820b7b,Circles Beta Admin
0x357166f38408be5ddbc9188854f78681ea91ec32,EloïseGarnier
0x3573bc7a5d42ec69209f31492d752829f99c9749,jrdn
0x3588023635326084700743cce12b620e795e1226,Mars
0x359aab6a62929ad1b8d29e9fa606626a92a3b7ac,Virgin
0x359f618e98fc141a0573e5613bdbd50730ed5e17,ETH Daily Readers
0x35a83415587c3db93526c0acec4ee24ad20284cc,Dale
0x35aa04ea0886e10d3db9c9afe1a3b0295aa5d902,victor
0x35b2dc1e38baa9d04349d305f8f08443d4f262c1,sushan789
0x35b4bc747243c340b51e88403b5c2526ad83b5a3,pepek
0x35b834c969fd4b05650747876eb99554ea018c43,alphablack
0x35c44d259ce91a07e82eb219f4d0bbb0d585d96c,Stefano Tommasin
0x35cbf2156b72f2f97a8ed1c0c9eea44c6193b291,mafiou
0x35cd4c5dfa58dcc043bc48e8a6a39bb687482a1e,nandkishore
0x35cf7dae5f2fcb23fdefd47cd7aff156a974507d,Jérôme
0x35d1128e2743ce8cd1c1c9ec045130ad6f9785ec,Philo Sanjay Chamberline P
0x35d2c75496893cb5827e4eed7d14f0d1d1d6770c,Nejc
0x35d49bf8b7c6a1c303f1ed85886835db5af2f907,Jakub
0x35d89f6536fab1f8ac5c9cd0385e8296c343e1e6,salomon
0x35dc281996686d22734cd1092f346ba342202577,Maryam
0x35e7a4c3ce182f0a4d6690f872afdfb1f57b5078,kellanFX
0x35f0509596f9c5cb4de8990d86db7a35ea07d1bc,Gnome
0x35fd39c5c205726da5488a15e4b657d0e73880c8,fredo
0x35fe752bb66a1d7443002f7997ac91c59396bc34,Will there be more than 6k  - No
0x35fffe28cc1e3ad9e2ef13b81ea4aad8bfe616d7,Wtf
0x3604074d65085590805f0f66c756087da82cfe59,GG-lp
0x360a1d36b4b3b853e213bd3b476e02eda83fb268,Ruben
0x360eb650a433ad1ba3785911b0d3062ed745866c,overnem666
0x3612b4c09e9f14c72f64293000da4282aaab0e7f,andy
0x36265d175ed205cfb46b5c0d799c09283bba7427,TestOrg
0x362bbf1b94635ac6f8f852502884de61ca6c77f9,Amer Riaz
0x362dcf8f5be3cb8c01f11b8389150105d5dfb37d,Dultimate1
0x3632d89d08a870cf45ca48d5e90eca9be003b9b2,val
0x363b0aee6ef7730b025ba6fee3c5b47ee26de30a,Trust Network-treasury
0x363c18a6eadf868317cbca29dcdc28787e979bb5,IGP
0x36484ff3dab5631d6fa85596aad843d1d20701f5,tayyab raza
0x364e45547a9297a37867829f63b65ccbdfc282c1,Melda
0x365920eb195973b66458facea0d73f70785578ee,Mehdi K
0x365a1768161b20bb23b4bc484ac03e2b133d0221,Homegroup backers org
0x3664047515757f7a2e49bf1b425bd47473c927b7,thorstenorg
0x3668b78068057fc72ed4aaa566adf0fd9880cd42,samaresh1
0x3678972c9b343459f68af188a44d06b64bc3c8d1,ALIPAY
0x36868afde03cfb21892cb01079f3977cbe5936c7,TestOwner-redeemer
0x368c225e52c313998ae5f118e46ea609e048ba0c,Daberechi Precious
0x368d72e5c749bbbb79e0dd323a1bf2a198fef5e2,Taren
0x368e2e694de5c42524473df87b09b00c671c70ac,ETH Daily Readers-treasury
0x36904e7be98e093442287d9d272980fd5bd2a213,Sheriff
0x36a09a866023e47734daa5dfe7b554b4ee369d97,MUHAMMAD
0x36c2af16a4c16462c95b9b7ddd0192d3b25b10ef,thorsteinn
0x36c7a3170ea84de79b3946c1c4c1748b58715843,Nexon
0x36c7b38cf7b65380b02b447711c43f79eda24883,gm1
0x36e4bea17872a28141707903c9124810a383b96c,Axemann.io
0x36e73942bee9d2ef8a903f9d6e5d3b02806dbf4b,FullNode Test 1-lp
0x36ebd10be91c955fca8aff07c5679beec51eebcd,mroctopus
0x36ee0fc8f5c538b62c765107f36de6ef07301917,Rik De Vries
0x36ee897f668769bed73f26871bdc8d8844743e61,dummy-score-group_2-treasury
0x36fad3df6d61060f285061f74d26eab2b514addb,ArbbotMiddleware
0x36fb0957fb4d6dc0f4848151586fc252aa59bd7e,Augustinc
0x371472fe1223df1635fad0a03e483beea3da3fcf,instant
0x371df9480cca8c76a027db28772105e74460a7fc,MATTHEW
0x371eba913ee9f36d44882b84f67a5b0b2d9d211e,Snep
0x371f15eca05b2aec23174c21ed75152b4885f3cb,rustighond
0x372a398c6cf46a5cc9a463c3c7f038c035d7f2c7,Jiggy84
0x373b770beeba1b0ae39b0c5a1eced14ba2c4222f,NewSDKGroup-lp
0x373d0f5de8b7802907dd9c61a6333cbebe9acc55,ghassananime
0x37406b5911b9cf50e9411f278d1bed4740b1dbfd,Louis Dc
0x374afeb4cf7e9ca9da96c695bd3b1a90a7e61711,trade
0x3756d90d7355614dbc4c314b9ccade8c3ecf2df9,xnftraff
0x37596e74095f829c0e4768ffa21fecf8e8992393,Nkechinyere
0x3765c1633ea9ddad819b1b7d9a27b1e117f789a2,ninjafire
0x377661b55ae8ce3b9d3313eeee0df7d4a9b27d05,RichardOfOz
0x37780fe43685e602abaac271472929bb5fdcb34e,GNO Bonus
0x3779523751c4aeaf0f4b31250f21b0086d46dc92,FullNodeDummyGrp
0x378173165bcf8e380e16bc60ba88632f0eb7113e,LunCo-mint-handler
0x3785b44b92d93413a350c9065dfd4a38f9e3ba45,MC Satellite
0x378a3f705b6c2b78fec593ee2a6a409af1d9eff7,loveth
0x379569e731b0027dc62b7e7f10e243467496387a,K33per
0x37a23a0d00decbab86427ca21baa7a07e6de8d06,milanpajovic
0x37a85af782dea32c9fe915928f0ff2a28f13ed9e,Luigi
0x37ac801b464bb619f63a5cca6968801708201068,Alejandro
0x37ae77d08cdcabec947c2617bfe4f4915122a3d6,CRC-SepETH offer cycle
0x37b0987db142ffe890f54cfa142d45f7073f3b6b,DeFi France-treasury
0x37b26275f88090de1d6f34c01774269b67140885,heh
0x37b5d8bc8e43418dd17cb9778986f11245283929,nflaig
0x37b7b63d7c0cb5b9bba5826cae0f2b77228fb0ee,Test Org Dappcon
0x37c2ba307d6ccc114d9123702c21a1afff4c51f5,laimas
0x37c3d90fd36bc420bdec26bd509f564fcd600f0b,Web3privacy Now-mint-handler
0x37c4adb08d5f4207c3a7fe90051f7c62920e2aa1,Smar
0x37c4f160b83aa7017db90a5c2173ddb5f4c604b0,ReFaz0x
0x37d1fe519bdf0b30be4d2d2127391294550773d3,Pasanaku
0x37dbfc6d83e7956510ac7c58d096190e5b80834f,remche
0x37f6819d7c767ea831d8c0e0170b46e6ccbfa304,Circles Bookmarks
0x37fa77ef247052cc51c688ec9d11b7b0a0ed5a60,DeluXtreme-mint-handler
0x38157b9bd11ca0c90db8835da5e80a4be4a41fd5,ram
0x38189d04129b5b7acb95853b75320c24ba942bda,reste
0x381cdbc57dd043576ee59214c4114d32d8ecae11,shital
0x381cf00df70dd37d407fa4c33356eb1f16f2d34c,Yulitza
0x382294796108277d35803a74a935c97269243f3d,Test Group-treasury
0x38239e115d74983f73b82e53fe4162c7d12e9865,DIRECT BACKER LOTTERY
0x3826746ce338ce7e812679611cb423bd179b6611,JHS
0x382f60e45b4c0c98717e9eb3da2fbff38d5368c7,JAMES
0x3831fe2e02bfb20e665271ed2d9c76426897fbc1,Pol
0x383d478a07d6f64e9313b0264d7936c9535b3313,maarten
0x38428359b4af054b85b5225dda220d2c4badd604,paul fil
0x3850577639220147bf96242d90ca6761dbd0e349,Heemharr
0x3858c5a478795485f167e1bfb7d07f8c722b968f,eliassoupe
0x38601c0dc8d5d5dbe6feca8923236a483990878e,ademola05
0x3866ebbc9a813e65650ec2136c7dcc44f7e72716,BatchGrp-minter
0x38678532c4860fe04fa756111ccc5cba9e3fefaf,luki
0x387b94d54351b255853a0bccb462ad30db954775,Dana
0x388001287b749d7690563600e0d944467a07826a,Natosha
0x388565dcc37bba61ed634e1a7d3c28e861e2c9b6,theroxt3r
0x388812864ed9abb0715b8861215ff32e999b396f,Circles Helvetia -treasury
0x3894caa48ea9a6e68696ea16c864b0e44150add3,Tariro
0x389522f8f44cd5cd835d510a17b5f65f74a46468,0.3.7 Group
0x3895f7f868380c0ca2fe6aeedb29e836dd8c11f6,tari
0x38995c3071745aa29030190ed46e10bf51256808,Sem
0x389d4419fef9feb14e0820874f523cd3d0db854a,BaseGroup-lp
0x389f6ef311c6940ed5846f1d7f6056c428a48e2b,mccroreyg53128
0x38a39225a7636240f19fed765389adae425a25e4,Kristi
0x38af56c81e0794552454ab7998f92cebb8c482e9,CRC DAO
0x38b5814173facde20ee48f665439a4f587f03ef2,philipp
0x38c0600d7cc882db0e3726d490eb5a60ea49a3d4,Deanne
0x38c3f3c26cf0431dee7f2ecd76ff0ce112a394ba,SqueakyBananas
0x38cf90493ff959ccfdca49da227a3aa660f34e01,Circles-Faucet
0x38e6a9eb5ea5ae8c2f69ca81f788ecb98be717d8,kliksynk
0x38ee6aad57e9210ffd440bda7bd017d0a1e46ba9,JoséÁngel
0x38ef0e683fc85552f5bfc5978dc2af556659b70b,Joshua
0x38f73ea3c44125aad85c0ea5067db212adb4f57a,Roman Rodriguez
0x3902597b93d14f45a1d3d7542aad74f873fd2a8b,kumihoeth
0x39028412f25c392d0469259dae69689191791500,Horace
0x3903d0ed1cd4ae162ee62e395179611420c8c9dd,Natallia
0x390c08cca097093ba3931684ace90458d7c48832,88BET
0x390c9fef9169cd4efa462005e59989283f5053cb,Dharani
0x390e827b90345a8b9fc37c5c8ff3b437f5502795,lorena
0x3910d13ffee3de322b79d518d5fb872101cc3541,Josch
0x3919756b4aef346190d677d93ca8212cd90c3488,TestGroup1
0x391d8528f8761a6cba5bb107a158d9077cb2b4b7,Miguel Prada
0x39212617e7e0a904cc6800366fc75bf5ce2bd01f,ethcc test
0x392132d3fdee3933a5984239c0cd7590dffc6b79,test1
0x3925d2ab64f7f09ec7f0f04208f68b6f4d6355e2,Paul Wochner
0x392b74096630e212f139f065f7312aacfa6736be,Lexi
0x39386e17f7e614064707cf2e893aa2102b9dccdd,GNO Bonus
0x3941b031174b79cc8eb1ce4011ec360525b5aeb7,afroist
0x394cd35709df4c7987a646f9ff27704bb97c080b,quality.group
0x39515e2024244de0463e58170b744026c4a08a3f,goodness
0x39568a351864d80e833f3fb0139203c7820d8cb1,whyduck
0x3956ae364a4c3474bf3df83d55786df2b9bcc788,Andrea Karam
0x3965dec8480f4d5c04925cd05492b843cc97c2d5,Rhona
0x39672b541281b522128d96ca1df840e997800c20,Mishlen
0x3968b227bf18a4b342e45aca6d6f95a1b2d95515,Subi Group
0x396fea7bfee49c93981d393e0aa8ad2c27fb1b26,ali
0x39706fe1eebafaefad3c7953cfcaf56cae2ea919,Sasha_G
0x3972c7ae970f40d8265f50d4044fe0e7db4c463a,Christian Jelsa
0x3977b6f76013ed73955623d4aab49c925d12a703,shadowvibes
0x397e0ef318d9c07804fd2956f688d1522df60933,test-offer-zrm-test-setup
0x39800d5f28c88f4fb9da1519470c9e6ed8221830,Gianpy87
0x398223dcc7e5879589e95f8e7e4e538cf8d3ed1d,Alexandre Rosa
0x398464a52e3eb17fd01fa931cad49f906a674537,marilynn
0x398783b1b7992ab6e9d62a3e7db2cf6a3e1bbda6,MM-lp
0x398986a583778da2e5af0490bf78639e5d1e7fd5,Oliver
0x398eef8640eecf3138a1a895c708422cf765faaf,ksteriolaunch
0x39924029bd86ae4c8337e85e32429d54892fb177,PoH Group (Test)-treasury
0x3997500a2e2b6e6c9c820c935a0e022d0ae21c58,wanna-be-top
0x39a2880cb0f5c80e83bf1dd8424539fa800ccf74,mogan34
0x39a6e9fae75e58cf37aa99c36824afda251be72a,Mathieu LRL
0x39aaf0d9253014e1fedfa0abea6426870a69fc3f,Daily 100 USDC - June 4
0x39ab5dbd1d27f84b7415a2366d24b9d5eb99f99f,Azul
0x39b0dc81a39b3eab0618e01783993447609e2a33,Test k-sterio
0x39bc4cef1a4aad1ff2cf86cffcb2e9b4ee9d0ade,test9023394023
0x39c25821b8cc3f7a4ad457e0bd95b893ed811363,Pedro
0x39d8d1c6b3ef7d467fe1cf9dc0233e7394c77c2e,Jordan
0x39dd7251b7a1d94ba910a816b46479615794d393,hansi
0x39df7713017a67b3386c542059e43e5896bb5c75,moneepie
0x39e06d7a9679411a083fcc84691c2ea9e972ef0e,thecap.eth
0x39ea019d2d7645888f997f4f09e8f52834553aef,o88b
0x39ea5cde20fc934a7792c2c8b21cd3a5833832bd,thierree
0x39ea8d086081bbe3ce9914ad06ddb5ecd09f8d1d,cedric
0x39eb2a4e96e01e6497a0cddfa510279d60dfb03d,Anna
0x39ed371cb98bafa332c9e0a74dcc50ac7584870e,brainiacofweb3
0x39f3490581dc4c24525bc827ea5fdaef5ff9a19e,Murali
0x39fa2f00918edd7a459853b6cac2b798a29bd166,Test k-sterio #2-lp
0x3a09dc6d16f9a3636090fb6770ad8d5bbeba9f61,Josef Tannert
0x3a0acfaee34296ff119273161e531bf08109269e,luis
0x3a1bb915fd1bdc18246ed169bd982fca02864c06,jess
0x3a22a7127e0bb9012797bd045b16d2cb1638eb6e,Stefan-mint-handler
0x3a23c4c466215c182329f609c3bce44fb6352fb1,MC Satellite-treasury
0x3a2905c5efa3c2aec6a96c631a56514e6a28a129,oona
0x3a2a7e0e5b8ae75303e2743836d661776e42e622,Chana
0x3a309ab7bf9b292b4b103f8f8823f86d67dff0ab,hanswurst
0x3a3defa720e6a0d76b19b4ec41b0787ff1ca73b1,LOL
0x3a455829d2a35992c506d7ff1e9b63b84d4ce415,dansoul
0x3a508a3bd808853ac05838dc58246f3dbf950066,waigong
0x3a54a4a302c94b048a181ecf94578c8073b8c5ef,Elsa
0x3a59b49288512d50c7751311a402eb4c0499eedc,Sin Tab Fcbk
0x3a64958250a840df54a28a64b7750b4a83a15819,Christos
0x3a6a7bbaea34f4e3f40338b8b57896fd85483368,Star-struck-mint-handler
0x3a71e148ebed9be63ad86443048a5b867b99ede8,Ross
0x3a73f6a951915cd90a9787c6fcf6d0389b10efb6,michalcilek
0x3a7414a901bd50efdee77f760c12b172dee1cfaf,Anon
0x3a7c0f7c85330274c6d80307997668fbcf5b6f39,pgeorgalas
0x3a7c612a541a3cef1ecfc52f411b245159ad0de7,TieredLimitGroup
0x3a7f9ac40ebb090b0e3620166b92c49be2857be7,chinosurfhouse
0x3a80e7474da1276cbfd8f8fb968e0d04f200b334,Airo Andre Almeida de Avila
0x3a86e9c1947f9ff49abf2bcc3301008165636a5d,GOG
0x3a91df8d30899ed14946232c0a28468a69cb8de5,marco
0x3a942189635047b2e9effd80875aba885605ff11,Tren
0x3a98dbc5eb52d8bd1332208b10aa31ee12eb474c,CLI-mint-handler
0x3aa89a35019d250399d153f2ef9ef2b97f52b0ed,JBG1-treasury
0x3aaca7c430f9f864039246dc4f21340502e11f49,zephir
0x3aaf1f3d47c7a22e616f016a8690ca0312200096,Wisse Kodde
0x3ab90edf526ffadfa39c7eed9f17ae07967e47fb,Kaos
0x3ac5105d521e1c88c033f51239284cf896ce5550,tsst-minter
0x3acbb04ddf3838cb82b6eef437b4a976e506231a,test CRC-GNO offer cycle
0x3ad51cd0b7715f782eec8c12cfe2b41334b0f85c,Daily 100 USDC - May 30
0x3ae2a485bc0b99f596ab1db5b70e9607e5539138,Chim9
0x3ae7c13384a2dab560c763e455b03bf73c239d71,xenja
0x3aec753e9cc04e08d1911fe125e04e566d9ce382,Eduardo
0x3af0ef82e28317f0ceedc5e3f345e8086ddcc78b,Odae
0x3afeac5da3105cc15161ed22755a5c6d000febf0,graeme
0x3b06bd292d3182ca7f31cf39290da14d7aa337b3,ajaxkennes
0x3b08c8dcb8af0f5255b9e32499758851e61aa3f6,zinzamin
0x3b0a2f393a9dfbe1d6d4a0216835b843e2e73a9b,Nine
0x3b10c230fef046ec57432c12c570c389aab048f5,test for money glitch
0x3b129479ad506e4db1e339b480b7686de9b889df,Subi Group-treasury
0x3b1964a8b3cbe176de852294011b139f8bc45611,baboon
0x3b1b07ad0ef98743b6834a7ac3eaf969608de2b6,Jacob
0x3b21544c6d7f451b771721e938c2203abb58e8da,Daily 100 USDC - June 8
0x3b2831fb78a46edc26bd8d13c657ef9282106d81,dddejan
0x3b2b585f91a8c6971d785ab5212203180f951f01,Arbbot EthCC
0x3b2bb6a96ce6a9ec81f58767000debd4b2c57d6b,xanyar
0x3b2ffbba46f71bb25ab193874094a1832eec8bad,valentest
0x3b30969b8bfa326b0b4778c2e5755666b1fcd744,Nestor
0x3b37b26058086ed9a1781caaad2bc905b6e73ac9,zeedotech
0x3b3df6d615fb7247a1e42e66fc2fc4d60795fb83,PrimeVol
0x3b4131998485e49b8de8f464c9333fc276d8e82c,KKKK
0x3b459ffc07a979a920e65b463f68bbc79702a198,dunghain2
0x3b49cbe4ba200b4685ef4a693a133f4283ddfa6f,Custom Mint
0x3b4c7aaf6cbe9a9a51553b473775d22ef5eea83b,Marcos26
0x3b5e57da985dfef1c6e9ca85c323478a27af0360,adrian
0x3b603581f37864f231ac6da2e6852d857d541cf3,Circles Beta Devs & Builders
0x3b6047ef6887e0cae02ad9c3a6b49cd8f6cdad47,NFSociety
0x3b69e72675f465b7fc50deb710aea0af3205f4b2,blockchain
0x3b74b34423c4aa6d9b1cf975cd8aff95ec30d0f9,aleksandragacevic
0x3b778a2b7556e7c9761f7fe309f46392763e0a28,ameliaaa
0x3b7c57aa5e73f164aee8395c9c5328822c229775,group-inflationary-wrapper
0x3b848e4976752b20251a016507619b231c9e02f0,0xHortense
0x3b8d06485408b9c77246e10dd13ad6b5eec03925,Hector
0x3b8d1e3bbf5595a2564760578fd0bcc72299ece2,Alireza Sayahzadeh
0x3b92628c652fb4d0bab398038dad8ffd3fe6911b,dany1900
0x3b99f1c1661254134dee7e7a7cd3b108a6f4e61a,flan1533
0x3b9f4b3e1a8381b28cc204ed9bc6a7257e93cdc8,pelumi
0x3ba06ec3cf12a5f48e1dda07d4992a9d002dcce6,alexintosh
0x3ba281dac4f5e4525baffd1eaacc03987e8db04c,daece
0x3bac852402a7957c22f4be25ae4973105c45bec3,Hung
0x3bb1ec50675ee53474cfdf754855b11d346d7768,choppu
0x3bbd7f550d66517c646365c1f7889706a9e257db,test-minter
0x3bbe23418799230ed23dec9d843f7d31b7074e14,Si Her DAO
0x3bc1569b6dad800b6c6912239c57f533ac2133e3,Nik
0x3bc1e8638675b72156236c3154fbc0f4a76a81d9,Circles Amsterdam-treasury
0x3bc6c3bf51be3dc704be983f02811ecbceafd606,Test-redeemer
0x3bcbe00e16f6bf0da6ec6fea34642af512e60b88,José Florez
0x3bd1b512a8f20a722c212e6c6a2e4a2b44cf2d0b,Maarten
0x3bd2902848cd977202f24283ab4780676af83cbc,Stefan Coin
0x3bd8f577a33e501661dfac0e8cc078fdac8ce7bb,thortest7
0x3bdd8b8300cf49748ee0f7febc65eb071db3bf60,Tiziano
0x3bdeed697e8cb2c5264b39c2074c46faeea49637,Princess
0x3be4f507e36c054cfacc3d1624edb9fc2ba5fcf9,0vni12
0x3beb418847ef0170d1c65ec93fdb72f629af3d67,Cryptowolfe
0x3bef70231bc1cb09b6d5a9462850318818a5c936,Amira
0x3bf30e7c54b27ec0d9d35bcabf333aa3775c0886,shorn-test-group-01-redeemer
0x3c021a5336ecf5eac603456bfa30d67ebf84d152,Franco
0x3c03528933ac6d6ed21ae2f587cd8483be854911,christoph2806
0x3c0c6af23dca3294b8a2833a64626871108791c5,123Group-treasury
0x3c11296354b4ca8594f6b9e3c19a23d6c50ee7e3,Will Circles reach 300 or  - Yes
0x3c1459cfc2907837c9f0055e3832c4fc82b3f5a4,TestGroup-treasury
0x3c3039f3070e82765f2fee6931000fe35d6051f7,3.18
0x3c3112b3dd7bfe0417648884789bb87870fec10c,Un Peu Moins Pauvre
0x3c31e192c714a185ef7e7182476ddd74d63c9f69,bull
0x3c34c0d6e0e8bc0697bb7556482af1ae3885d5d8,BeerFi Prague-mint-handler
0x3c42f1948b113b51a4d7d9de8176dc4924345e13,DappCon 2025
0x3c5933ee6a8807312f81cbb3b70b7fbf38053a26,CoqMalin.fr-treasury
0x3c5fa1ab585a61bf6238c399de9963249e3c172e,DrW3RK
0x3c687eec1875e7a4e9c19f936757d314c94e3dd4,rhoda
0x3c6bdebe6d329eb89b45c0398c550483a3c9f41e,chalinosghost.eth
0x3c7f8a0ea67b4d79be2730c5658f402b73aa4da5,TestGroupBis-treasury
0x3c97d955caa0237c9161a3cd5e2c6b80f1cbac59,Zuitzerland
0x3c9db42ed53e33b28f6355622d330082219f9665,vlad
0x3ca87370ae412c652fc92ae71cda3e7ef9b80897,DELPHI
0x3ca93a0512b4f38f83b2f4699f381e6e48a3f7d6,xyd945
0x3ca99ffdb658c552efa32587c68c4f808a2ba8a4,Peter Test-treasury
0x3cb869ef5887d635ed284f50c4aa8ca3c067dae1,Double Or Nothing
0x3cbe962a3a47aeb399a03f72f0ee1fd9cdd13f36,Moeez
0x3cc25af7f1e533fb7fe97f911a88c0e8cbbc0d86,Nitesh
0x3cc44c9df06697683d283e07fb3d046c375667b5,Federico
0x3cc8477ca1375a36286d7cb1bafb29af14abb941,Nafis
0x3cde4845b741cec932a5021032c015a3ad5a88f2,Leandro
0x3ce47af510db80e3706a39af3152d537bb92ac86,Selling 5 USDC for 100 CRC
0x3ce488bf7866c8bdd454dad7f263f9dbd6504722,KBN
0x3cf104925e5f1efd32616d44fcb13cb943309eea,yandila
0x3cf62e563c47d0f049c3ee56cc4955ebc2207984,Fileverse Shop
0x3cf7b08098fa4b02dc030b146d786ae2f3368b27,tony_lucidfi
0x3cfa854be284ee49c920bc232134b722ddbd016b,Mirai
0x3d02062fb66a9fab114337312936d16c83beeec9,sbs
0x3d039767c664b390479caf1a80f2389f04611b94,youssef
0x3d05c8f4d8267e5a28d1f9d848eba2e66a084156,HappySun
0x3d0987dba0b79526f621eafca648e4d8cb3a4c6c,zet
0x3d0ce0e550f4d097b32920796f70a5df74ba230a,Selma
0x3d12046d3d2de60b6de71ad30e289080ff52052d,Proof Of Humanity
0x3d2242f6b6ec35aebc61cbae8f23b30cb3f4a937,BBQ
0x3d2258a0504cffbacb145076098995bd321ce257,liyz
0x3d248a244db98b93da16d23a6b1664773a25df06,siegi
0x3d2546f7997ea3435b27c2885968b459b0563bbd,June0707pm
0x3d371f98368561e24e4dcc05f2e95941884ad3ee,0vni093
0x3d39d489aa56fc29aabfccaced593b3d8896f3e3,Diana
0x3d3bc01b98e454ec3ddf6062586e216517338a31,asfweqfeqwFQ
0x3d409d40dd1000253872968938dc16a38cc7c9f4,nachi
0x3d4c7e86308b97bd812bdb12cc4f760c5c030073,Chloe G.
0x3d592720ca6376ebdfdd3e411b9ae82d6d86d7fe,1xCassy
0x3d593e0788f7a8329acf6a4994f40eee412e180d,Funding the Commons-mint-handler
0x3d5a342c9136f79aade3fff98795f45eabd4f620,ZER8
0x3d62ae4dc91933d9eb9148091593ab10d521b055,CoqMalin.fr-mint-handler
0x3d62bf10cb6210be4121c62d8dd5b1ff9a5cadb5,David Rodriguez
0x3d6c7e37c940c7fd758f3e976392b5d2250ef40b,drinkcoffee
0x3d78aafe5124d57557d7e6f1225effff619e61f3,Lorenzo Niccolai
0x3d845c35840bf006be62bd22ae3d9f109266c785,LaetitiaEmery
0x3d8b9c1514b3593f9789523b46ea761cffe9399c,csongor
0x3d8fc7a3b8bbcaafdf94566849e219ed5ffdf18a,Crypto Royale OLD
0x3d995e3686599857ec9c890072045fc131259c95,Yves
0x3d9e1f0c3483a9add7c77d1349188109c8546d32,Help With
0x3da208d186983a57b066d97b8e5355405f72f290,Corinne
0x3da3d98b4731830d9ff527a01d56c938f01b6e2e,Will Manifold create predi - Yes
0x3daaca321aa9567c0f379af754f4858ea9d77ec0,Kai
0x3db16598c8e8df673076aee131013b8d7ade0e6c,Victor
0x3db387f7a4104db10e7853549f2822f3af5ddc0e,Diouf
0x3dbbedeb7a98c6c9e08b1f02dd19c521fc950f21,Zil
0x3dc39d803665d7ad648dcd0df9f33fd4e1978e9b,liderespiritual
0x3dce987009d44a3887635001937256de73ee1755,Will there be more than 8k - sub
0x3dcf296365a3721671b42c18f901c27ceb4d2e56,vijay79707
0x3dd0f5b585c29e746369f33b99e3db3629f93abb,Festallion7
0x3ddd40ebf473d57987484f6caae86a7c2fd5cf8b,MEGAJ
0x3ddd602bf75564e33022cda98d6fe8a2cd7c05c3,vinoinbox
0x3de476bb76f59f4444a8339d4fd8ea30f089c77c,sindhura
0x3de7e0e797d414e018fd21a46fb911368304b970,0xbullshit
0x3deb3eaa45bd039cd3fb983dabdcf2bac8c6f999,Inner Circle-mint-handler
0x3df2516a2587131ab61cf98ee92b8bd4144fc241,zhuyp
0x3e03667696eefac42017ef2b8fe1ed320ce5f6f3,HUB
0x3e0f19190ae6fc8cd9d9f3bd7f05aac900996fd0,zhangzz
0x3e1a19c1c4b07c393e342b3b034ea48436935fba,vansh
0x3e1bcb5f90e1318cb4c0dbf481d579bf407bc204,Maqsood
0x3e1c46573730e0f74e1ac4144bda5a7788bc8560,zik
0x3e1dc3053aa0a51991ab8e312083e1fabd0fd558,Abstract
0x3e21b93b81ced97d2c7e238ce27c1bfb9e1ef4d7,olasam
0x3e249e02e7b70332eb8dca3ec8f7cb546d58f119,TestGrpp-mint-handler
0x3e2f4172b595217d1d5e29b266da2eda25cc9bb8,Will there be more than 2k - add
0x3e3a3a334246022b93ec8967d203806df269f5fc,Arjun Khurana
0x3e5916197411d39b6416b38cfbba98489c25380b,Crystal
0x3e5a4923e0b09d45d5a28084b05b99930a934bc0,yyber
0x3e61df0f62b9511a58f70294469dcd00a218b175,0vni1099
0x3e67167ed628d5fb35b1c87c178a7a6f70aeb250,jellie
0x3e68184245986b356ceb92ea73531e6084cc044e,da da da
0x3e6cabd0478f12c5e7c497e99a6e488198d04f13,ahhahhah
0x3e82a73c38e963d7186374d8113cea133011bba5,Students in Dublin-treasury
0x3e8512bb10718c549191bff422bd0fc16ade4140,tink1976
0x3e885e5616305af787b179711295ce8b9b16ba58,Ashik80
0x3e8ea577c86f5bc0d962368e7720a3ce0730b510,lyxra
0x3ea73917a51b9359aa7528c5b1d385928f6b99cd,jaxx11
0x3ea8dce9df8782e7be4ead1223f8dcaf2026a87d,Marco Flaig
0x3ea928c6cd15a60e199ef86520888b7c66c81ee1,Christy
0x3eaf14971690b09f6ef1b9ca6cc5ff9e290bc84e,Dolores
0x3eb18218b451c3c0b054d1aae20729bf80b53a2b,Thankgod Izime
0x3eca9e1d385eea0ec3cc43e790e55a3d2b0186f4,lennard
0x3ed790c8f87351f4f05e857030a0e37e29b58f54,testseb
0x3ed833fdab41e6abbaf96362cd30923661211d9e,BatchGrp
0x3ee1eba79a283163291ac019217eff06bfbbc3c4,TestGroup-mint-handler
0x3ee2347e3e31669436684f99d512b027eb8cb2e6,UTPAL
0x3eeb2ad383f9fae2a12e4173711ce75d9d9c5181,orgorgorg
0x3eed06d702bb961d98b0ee463eb6b3c59f8d79bd,FLAT-treasury
0x3eefd498e66645f4f4945a9e6714f6e04c40615d,Precious 💕
0x3ef169f7cceeeeee06ef22b147f12329ea53a732,0x3ef1...A732
0x3ef69476f64ad3edb8a622e71931615fce88a841,BestBuy
0x3ef6f83dad9028e17c24942c7541d1ddb98a2e79,Fabian
0x3ef76fab22a5300f5e501ff17aadcfecf62672f1,FelixAnder
0x3efa7f291aafd30705cf52c113a45b759876bd73,Propane Prince
0x3efb0b2b5e4ae6712dee3ca0fbc1672e521cb729,0vni8309
0x3efd7f4748b1c7aca589e10bdb7a146b5c4ce9ec,Miracle
0x3efe8bbde955f5b6f6beaff6479c76e9dd0c8a44,Test Circle Group-mint-handler
0x3f04167d6d777c6aaff5d7a1a0a7d2700de82c22,giel | deepcryptodive
0x3f0ef225ab1b5ca272446d723e471e91a79edd6b,capybaracapybaracapybara
0x3f10f60418ffe880d438a3246909b9e0236f6d1c,avdhesh
0x3f12c6b7001eb46a94367b6878f78e51e4683c03,El3jova
0x3f1911936e367fa431c00ca50a66b3b5580586da,Maximina
0x3f22f60882b899b98a676c9f934870c2005c8d56,fwefawefw-mint-handler
0x3f2d617e692f51c0ff6d28de21a120c7423c835c,Demi
0x3f322a798f6c6de9e151f7e510f1c8ec06e13c12,PoH Group (Test)-mint-handler
0x3f3240732f1684e102f65a9694e4fc1f2b22119f,ETH Daily Readers
0x3f37c753868c96f96ff5cc1f6a3275b424659c87,LaborToken
0x3f3eb0c7c096d9246c1abc6b8800184019159886,Capy Bara Boo
0x3f4ccacf2173553850258de2e8495366a0f10c31,Friendly Arbitrage Bot
0x3f5ec3ee378bdd234abded0b852af50da121b43c,Marti
0x3f63827eee6782d1204eb9baa72a074767b6eea9,Trade_4_Döner
0x3f95aae9193690a49e3e50403d133afe383d3015,caso
0x3fb57262a7324b4de449e02f254bf5be2a4802d4,ETHCC
0x3fc5c255a43aa5bc07a3129a0feb6c9e212ecb6d,0x3FC5...2eCB6D
0x3fd2a783ddb489b518e54609d3d164f6fbd32f18,kempy
0x3fd966874a081d25655aac9088dc9bc4d4a53f22,Zanele
0x3fde3ebf4527a3750fe1f23efadd01a5c17a0eff,Mark
0x3fdfbf2fc751aaa4da640ab4ba3fab7594418a50,margieblair13
0x3fe6e2747e7f4cc5467cfdf4d3e304c13f12b9fb,rainecc
0x3fed69e291945f8757183da71f052e8b0e84e035,Curtis Swick
0x3ff1365d57375bd9e6d29ac56d832977a188483a,LaborToken-mint-handler
0x4001c38c46de6de80ceeaa75adfbe8d7c9101812,CryptoReuMD
0x400fb84d4f95e20e68329b584f0ee2d3a7d8df4d,test
0x40178ed54bdf00dec994314d85ac725e0053cb35,Max BTC
0x401b746dbe9dc24ec49d87e03265e95e1a72cba2,shrntest2-minter
0x401c07f1b1296ef9b9fc137b54468875e1919a96,ETH Prague
0x4024a088b3ee37fbc71a6fc43c325d4b11bef5cb,olozano
0x402a21f235e3cf56f51a3246b039107e43ade58a,CoinCenter
0x402acd04c0db49943b6cbde5dfe6b22736387c60,lors
0x402d4f808deca5c8518e46f2a1713a4213799406,wyattloveslife
0x402e81c4d320603bc8802b480a427b6155074657,Adedeji02
0x4037d91be8ceb2d6d62266660fb79a0e0343d01f,Cryptopunks
0x4041c255225511b2af365697259c4e91c0fd7277,Paribas32
0x404becd3de2814357382cc87a7b5ce612c30ebe4,My group name-lp
0x405e76340fdae81990115c90adc6a99b5e240a71,noproxy
0x406e87195aada1ed508edeaf3fab797f42f229e4,PoH Group (Test)
0x408329ff6583cc253e9eeb814e97c52dbdcd7a95,laleozl
0x4085fc6d8ab2699a725cfc8e0da8857eace8d96d,dead_minter_141312
0x40883d3eb118d03db34fd8a9a4da45849a4b3308,Jeanne
0x408af17d539cafaf4b172d2bf51430570de48b52,spengrah
0x40943f7728313b705585e55a08824e7f07da55b2,empty3
0x40a1972319d685cdbae7d49389bcbbba8a4cde35,CirclesLisboa-LBPStarter
0x40a652bd0dee5064ccbf40bf4eb349c620fa178d,Consuelo Aquino
0x40b09e486715f0ad20d34656a2f379c2e0148a05,Discord OG Group-mint-handler
0x40b26e297f8ec5691ad22b1bec67f9a27d9799b7,Lakisha
0x40bf5906c1ec3e23c16044f09eeb97efc2ca4d7f,mike
0x40c8e83414dca470b8bad8a46c91837b80f960a4,Test User
0x40cd743632a368d11da861195f3a62825e0e89d1,yodl frens
0x40ce3978f5255a439496ecc5256b5d3037ac5fb8,aquarian
0x40cf7659e91dcc3372a558fbc9037a64b74f17cb,0x40CF...17CB
0x40d7d980c4c70030e2c74f3a7fd7d52d9f7a845a,Levin
0x40dc4572790f235c15ec87ccdd4b69b505ecb2db,Invitation Bot
0x40e05a698b5652ae444673f58d469e85f7a12aa2,TEST111
0x40e7c2927e8e9e6ef9a5b193066a1deb9c6dbfb8,Kajakkes-minter
0x40ee7f0978dcb8b90625b34264b9157ae97da755,João Ferreira
0x40f4914be8bf1906db7b9c67e5b990d626c009fc,Will Circles reach at leas - sub
0x40f73b8bbddb76e23425c76ba7912cddf98f6c1a,ibericum69
0x4101de79212f3ca68d597f8e952c7fc56ec4b70e,lol
0x410ccecab9d77f84d1877b16e92d8c468193c857,New Dummy Group
0x410fe04ea383af173aabe9a4ba341c3ac54e0afd,rarax18
0x411835508350ce947576aea63de37e23d8d4c063,Circus Group-treasury
0x411d0c48a555cb7774dc8441574153695eb0da2e,test424
0x411ff3a19dbc0fdfcd0b8b21243ccbfe150169c7,Arienzo
0x4124e893f31e20a08096ec420c16172f1ae221f5,Balades
0x412ed77c451261d030655ef2749ab443199ec3ce,endri dani
0x412fef90360e934b4118457271ccee38038bdfdd,Newton
0x412ff0c0185d0480124eccd75775607424ab414b,UUU Community
0x41308aa35663e678fcfcb7e63cffde0506a7663e,Daily 100 USDC - June 12th
0x4138e32ec85e27e386d233cbb67c4f6130b7d4df,guest
0x413fe0580f431503c09bda8275be9ebbb8355c1c,Luxembourg-mint-handler
0x414ecaf4f0923ba6f8bb0b671fee7595cd4004ed,Martin Konrad
0x41560be06011072fc4cb465542e444eb0f47f584,ainamkuc
0x4158524caf71ec16293bac9d0b3057e76d6c0958,shorn-test1-group
0x415e0c6bff72beeb42bc45a1e9494f2968efd070,0x415E...D070
0x415e144f6c21bae8dd05a7a76c15ea417aa0230c,FVprot
0x415f840ec829186cac8760d1dfc079a3d8b8c6af,Brainpot
0x415fb5cc21cd0632edf76c9d08e77c5dabb4df70,magandako
0x4163665d66cfb3dce5cd93b599354ec298fd8ae4,Jessie Tumbaga
0x416af91c2da37df0d0cd94ca1a73ee3cf74464d3,9ytshade
0x416e6e061f7290b6c7af1bc66c63b21299d81f48,Will the number of CRC bac - add
0x418f80ff0d32ca6fd26281c8e527ab519650a911,Grybto
0x4196e515abc17c4dd3386a67ba9bfb3ca11d63a0,chrisgib92
0x4199db4fae07bfe6d4c68808acaec0a97b349f7d,esdgsdgfr
0x41a0a4a13824f224345d1eb36821fbc3a421e01e,ihegeo
0x41a7244f54353de1adc3b64a3d9c5bc1d41d28e8,Sofyan
0x41c2df3e4f72c916de5abe643dae144e7bdad874,minorg222
0x41c431abd89f97d51695a79d45356bb628d66031,Kajakkes
0x41c6471aa9105a465771f1440fb8648837f8c8a9,Aniruddh
0x41d0ee93d5802a5505c18f80cc0a3690956e82c0,0x0
0x41d1ee6da394313f8c1419624b5f4dfffba3de94,orbisonmm
0x41d49168e8f21359a2c3a6ac51507287f7e06a2c,GNO Bonus
0x41db8f47316bd38540c9e8a249c7ca4a6c93b163,testCustomMintGroup-treasury
0x41e08e8cfca7c658e2a09022fda971b175f1f692,Gnosis en Espanol-mint-handler
0x41e2e1914f85bd404a34e2462815c7eba60878a3,Ronny Kildery Sardinha Pereira
0x41e497cdeab3bae9d6c178309ff899388c0e4729,Jelle
0x41e4efeb1569ea2f1e7eed9481d9038423cc7b1e,england
0x41e726f48df5412876f608f648d514f3f1bc2e65,Circles Helvetia
0x41ef47fa713ba4695316942ce463aa88aa423ddf,damonoab
0x41fa4b4a41c8d94ebf348257104b851cf9d3abea,validation
0x41fe68975ab48514ac6fdbb7ae59e7a8cc3d9026,Yves
0x4202a3e60aaec5749e63d06c27437e4adbd81289,Laurens de Vos
0x420dc2f8ccf30270f2fee442458fb6775b8927d4,A new group-treasury
0x4215aad2f6ef5aea421c662efe7a3886fc239fa8,ArbBot
0x421e535eea3e7fd23abeab1dab3a26319adf820a,AtomicArb
0x4237668898774eb8b4807f40453a396b70ed3fbb,cducrest
0x42385a108030fcfd2555c0c4c7a98b184713658a,jefe
0x42417209a923ae965d2b7574766efa186d6e1408,proton
0x4242d6c518419b62dd88701ef67166e47fc3bdaf,jamexlaw
0x4248e3d1e32c802c587ed8e24caed9fa8e6edf69,dwqdqwe
0x424c584fc456e3d866605b9db9e4e6d94d6f0c08,socrates1027
0x4252f813e6e8b6fe067e94e684977d4e84f0a654,Kaia
0x42587e0e1944485f8ab72552a06d373bc5487ea5,WilliΞ
0x425b318437fdb5422528cda465418e3316c070a9,0x425B...c070A9
0x42681a84a42c1b6399bbaf4760be9b575ff3126c,TestGroupSAFE-minter
0x426dce86dca2cb37858f78a6d8e70782396cd16d,Joe Sat
0x42806a7a69b6884bf49e3f019ba474f11212e2b5,misterseb
0x42875cff6ff1007299f389dea50e3b5edc4b088d,mathias
0x42893f6864c9370290c256209fbefbeec139524a,dgroup-treasury
0x428a03a8cc5b44a77d4338c39d639646cec16338,aber
0x4290ee311b8c8d98946224e63f88b9eed4376592,Zero
0x429444e6124276517c05577aaa9012a49abe6baa,V human test
0x42955727b2d21a4db630b1a6cf46f6ae2e404cb9,NGMI
0x4297a79428b6763dba6fcb32e16bb9999de9219b,ChenWei
0x429c8a4e30fb80041d267e865744a4c3f6253dac,EcoSynthesisX-treasury
0x42a357bb3c4a36c152c8ff17bd2856d54e78bda9,ccp
0x42a478abc34cd8530640e22bfa1e1c5f435ee1c8,opde
0x42aa461d39c263a6ee4803cc97ee123ba291af2c,ETHGlobal 24 Circles challenge
0x42abbe0620bd8461acade8c92436fe8b8a0bfca4,Charlie
0x42b2da63e4df2b18c51cc95a0bbad6f20e6b43f5,apostolos
0x42be6fe5f6a8b796ccb3e9b415dfb719ac216468,Stok2Vel
0x42bf5b8a405e6478788f62fbf70fe546a3620f68,JeanAndreV
0x42cedde51198d1773590311e2a340dc06b24cb37,martin
0x42d53a403a12d963d91adcf9a8dcab2f34248cb8,iamcool0147
0x42e0ed7da1d6e5fe41c14e39e1e0df7f0154f624,0vni2093
0x42e70c30023ac1aa6ec44ab43191c148d0969034,Satyajeet
0x42ec8fcf02089738a1f213b8d173167b4e6c83df,katerine
0x42f202dfacd605ccc216598806eb014dabf4757d,test-minter
0x42f89cd8c8e3157e819d2aee7e9da9af54014749,chanci
0x42fb563c1e3cc62d3aa1b8d376929fabe3e3a0f0,FFFF-mint-handler
0x430dd6faecde6ded80a259d50804abcb5a50362a,TestGroup
0x430ed7acaf763323e92870d483ca063f4485390c,pp
0x4311d07a99b6b92f4b2c784eee6aef3c630697e2,JhelaiLa
0x4314dfc447f36c329f3933ed751c642f75ac34fc,0vni982
0x43196da7731e68f675be410955e2e4143db34378,Open Internet Club Admin Safe
0x431b9cd29f6294ea125095db05ba75fd26dc5192,Space Cadets-minter
0x431c81b714d1366e2913fdf1df9911cfd8770c9f,lambosure
0x431e25aa4e6cd9b57e4103ce7f840dca8840ba93,DeluXtreme
0x4323535db9b5785f5a641d0fa86da0444be866d8,TheoPapado
0x43235e510357c88616eacc85dfa5bd02c1cdadd9,3.18-lp
0x43267f61507d11adfe025ed060cd5adf202bf5b4,NFT vending machine
0x432f03a7a029d793abca953bdddc87efb8a220c0,0x432f...20c0
0x43322adf67d969219d014d60c860966269f4f93e,ETHCC
0x434786cb202423ca4f76ab1e9f0551848d6b1a46,jiji2000
0x43513d46d9bd4a5eac4c057ad469361303d5be89,TestCMGLBP01-redeemer
0x4353d29001d9b3264f3308b82a95a9bdfacf620e,TestOdooSellerPayments
0x435587e35ada26778b6db0194951a70725c33f43,Gnosis Cap
0x435642ff7f6f2cbb732fd4eed802efcfb7af68e4,luka
0x436154f45ff1789f8db29836efc17cddc6afb470,Nihongoan
0x4367336c93b7f1fc398401e9513831ee0c09ef53,Gerar
0x436ce0a5141af5dc8cf54b7622e818a938d5c211,Joana Ferreira
0x436dcfbcfdcdc0cae5f3c709af5ca0ae2c002f2a,Bob Dummy
0x43717ea9f2dc2d61b2e99cdbb421f08d986d432e,NFT vending machine
0x4371d93a56926bd3e4be27c568a8412072ad109d,France-treasury
0x437df742b05da90d3a289cb8026917d8dee783cc,Dagmar Kundratova
0x438285f5ab11e75bf6a2b2368bd67b504d071b96,TESTORG1
0x43830144d98feb64c288474225fe9300c3e6994a,beaulah
0x4386cb9425e242439ea82c400e52f431dc001c8c,Moreen
0x438f455c4f31552b03d2b563e1489fc0090f9f5d,dingudi6
0x4390f808e55ba970e957d0dfe4bfa95fb62bfd4f,Danish Virani
0x4398da1f17adbb18366fa3c64b610f1c30fa4986,Will Circles reach at leas - Yes
0x43a8c9e57a41f12da52cf185921bc72c02b440b5,edwina
0x43af4d2492688cd0f8694038d9d93de582eaad45,TED Vortex
0x43b770204d0c9902eaedd94b28c1ccb29551ebeb,xugargirlx
0x43b928cb76bfe410966c4b5c2d7a53da7c2217bd,marko
0x43b9b9bfdbe107f615c4dfcacb914b45f52e9a89,isaureabks
0x43b9ca1a4a9ab15dad14b258d940d4cad33224f1,Cici2025one
0x43bd15a195bdab4d64866ac6ebb1fbd30e1c7e5b,husk
0x43c24d7bfd5a165044f9ab5c6ee6cb4c1bcaf68e,SahithiElaprolu
0x43c6b1e5fc4b4867bc75f02be3372f23f0bde49a,test-offer-zrm-test-setup
0x43c8a607c2485b908ddf1589ed42b30042c75abf,AtomicPersonalArbV3
0x43cd810c6fc8356af714fad42ddf2b5bbe408f49,Danny
0x43cf37a8f49c3ab704ef223ef39c06889bd49cf7,Ze5iver
0x43e6b68a0942a43ffe25357d36f453c58af9e1f8,0vni1029
0x43e7244e68f76df8f89346f357234bde878369bb,Chard
0x43e85cea686fc53c0a98a0402ecd442b09de77a1,ELENI ATHANASOPOULOU LEVENTI
0x43e96201714514f9a1dd5bd9fbe3f01c329af95a,test
0x43eaea4292ac9860b6155b7aed0ca02c6cc879a3,Muchuthecat
0x43fd88e68110876f03d44affd5bab9a53ae7358a,Win 100 USDC - enter with 10 CRC
0x44057a3af7f746bd4f957fe0b22b1f82423c2b4a,Dappcon25
0x440b3b5e896aa894e5893c6bbeb881ac6a9c620e,Tim Drechsler
0x441d14a6a89a3c341efbc95da2d7afc746fa3264,TestDeployerGroup-minter
0x441d4897c1623b05713779869c6917acbbc1b465,Metri Testers Gnosis-minter
0x442061d0cd9017dc470b953c40694a49c15f9c3a,niovi
0x4421a25f54bf670c475578c283273ec4e5b9d254,Yogesh
0x44239233d0ed889ea9d5fcd1aeb8a5ecbe68a51f,Nothing Ear (a)
0x442d361c912de8a52daa1800aab72c78e271d043,Mike Angels
0x4436674471fbbfb5ebcaad5e26a8a14cd1df05d9,Test Shop
0x4436847c2b99eca3fea46f139a38d8f5f23abf91,HelloWorld-mint-handler
0x4438e9c3a23cf7f99e44ccc39d79d28380b64e3d,attest
0x443a9cff7063127826ac36da521868340da6d95c,JimmyMage
0x4442b766610e59024b793dc95945120378b283b0,DeployBase-treasury
0x445a17ba349dc53b692be1a95cd3af2868c87fe0,up2fedt
0x445a8de40f27edc97b29350cddec3f8efa4eb8aa,LEGO
0x445e7c490c90df5dd65d36c4d26cc024309dfad5,Youngflow
0x4467453789fdcae4bb2951be2a9b93f2a860b536,Calistaxx
0x44675dc4c077f1066abc8a652a14f0edc3703fc4,Rekt
0x44687cc624c4a40896094c07f89f655b605f32f6,zaryoh22
0x4469558c3fe10145513ffce9d006a9fe6f7a23e8,Taylor
0x446b19c520799549ee125e10bcf12b0a9c8d5672,CHRIS
0x4471b8e96184fa2af1afc96c61134ff95030a8f8,Abuchi
0x448fea992065085aa0e54746e2a370b3bd236334,Sina NooriFard
0x449db9d817dc612d505d1c225116287e57e24de1,raule
0x44a1c91c3f26e6d206730429c110408a3b7f05c2,qosmonot
0x44b16e674a54ea9e95ba31e5eefc15a969433f4b,Ricardo Moreira
0x44bbe8359418ad6463234826bc01abca6ef210de,v1group-treasury
0x44bf7f94ede65916bc8c2e47fbcb33c861ce040a,herve
0x44c4a795c6be65182de2cf6098ec33b9df62fd23,Alexminer
0x44c849865edd96cb45760bea5331b398d744a1fd,iamg2
0x44d554da5d346170bf17dd6ccb5f96c86d095c36,anne21
0x44d8383535c4014627afa4019f3640a1017adada,Web3
0x44d893eb97f474ff64cb75f5bdfd1dcce372eefb,Dexter Morgan
0x44dd741b166bc4c870120902eef3b35e0a1cb89c,MicStrat 600k+ BTC by June - No
0x44eb70d9158abb9a9ea6b3d27728e503c5c87b76,frederik
0x44ec0f96a74cb1c0af7477f432cba3d0e36083a3,AndreaChello
0x44f1c144aaacb46d2227c43d7292e0da0f15db18,auliarahma
0x44f40302490b2559511c95a1137ee4757a29b83f,shelby
0x44fdf1e47f03a366957d79263a0823f5c51795d8,Matt Henderson
0x450aa7bc6bb83b05f696b6024fdde99188939c8b,w00ds
0x451085b6f84e2dee2e833abb138d5805b55487bc,Daily 100 USDC - May 29
0x4515e27d51e178111f43c4ec1139936d2f1ed04b,don chempananickal alocious
0x451fc45bded6c918bbec0372f7925a4258cc4312,Luxembourg-treasury
0x4531b31c9f18be227c019033639f0d100440b1d1,TestGrp-minter
0x45331b534eee26834302f94156696f8696e3d52f,fbmorgado
0x4537d9ea6824e7f14b9b3aaff6b6b88174ccc36d,jb
0x453f08f532ac0238c531cd9089cc74b4316d674f,test-e2e-group-treasury
0x454378a94ceec1081f48fa9674d0b882405c690a,Artem Starokozhko
0x4546349e4dd43c986e1762fc3c37ad9d4f56fc74,MintTestGroup
0x454a6be864b0b4f491f704747685627900425bd3,cris
0x4556f2dd54ad016a4de4d4a8da4b3864f075ae93,vojtechsimetka
0x455a8ffb14d798c0fbc21b5509fea5d9da00c789,Ante
0x457169bae93a98202c5d5b46eece1582dc1f4587,gabiwax
0x457bb2464089059fd4c620454f5dde0c2e0c47ce,CirclesGuessr
0x4587f424e4a4d9e84fcfd1eced9cf0b2e8b83502,TestTVS-shieldVault
0x458dc35b9f7a4b3ec4c54675081c7837cfe62b7b,RASOAMANANA ANDONIAINA
0x459c6e24c1f83b6d5aecb7ffef70277dc7baed82,Sione
0x45a3e20c2a0628c588bf692d0647214093bc14f2,Mr_Snicker5
0x45b93971223be0a644a8f0245f75b0bfebd19d7a,angel
0x45c0aaf716e13263b97e6b69a1094c2585964f81,asjs
0x45c2c6584e1db7c4d7b2224d9556138e392bb269,paolo
0x45c3196648d8943795757d63ecbde7b067de287f,André
0x45c3f022d9da2ac94b11f635ef9e5635f996d6d4,Enrico
0x45cffe4adee4c40824c8dad5551b09cc6f33ca9c,0x45Cf...Ca9c
0x45d0140fbef84dd573b30b820471747229a7f138,EddyRichy
0x45d1c8d69d6ca62e99a51b04ae16233feb8504e8,cala3len
0x45d48571ec940005208546c2f21a3fae2af74490,Will the number of CRC bac - sub
0x45dc1ec8868c3a569f9aae8ed7b47d7432402541,Dan's Org
0x45eddef82f6d79e0835da3e5187ad9c043719b8f,Carlos
0x45f1c9858854533e0b457194e0e5b8d8eb9e8802,willa
0x45f2cff53fd9447ef1ce1e0269703429f005b568,Bugra Yildiz
0x45f44950caa4d746f70f3583a0ac4356b915884d,Pieter
0x45ff48127a1a4249fd8f7e32cc72a13247b49126,Farah
0x46030d79588819ac0e5c7e063eb97a4ef34ab079,testgroup
0x460541154f53948587a8630cabcf09d85fa21ce7,gm1234
0x460e700e378bb1358dfe8ef23ff80f66679e7c7b,arcane
0x4613ec3cbcfb9437489e4214a616868b212d028e,diamondw
0x462eaa6ea2c9cdfbfbfdc3d4b5a3ee09bf41935c,jahahTest
0x463240b0e10dafd64bc87e54264b113e7dc8d1c1,shubhum sidhar
0x463adc605ebc8af8f7c48fdc6739d84709783622,k206
0x4656d25b034c833fa5b2a3365535c6f73da4a228,Will there be more than 50 - Yes
0x465b6fd20401936a51111b93a1a6421c82bd0ff4,Stephen Pandt
0x466131e947d9046318d9e64cd3f0c3ae48aacb4b,tino
0x46634af4786ce0a551f23e75fdcf2c0a52e6650d,DEMMYBLAQ
0x46682d362fae5b1765ba251b90078f5f55c6258b,Fiskantes
0x4668bdc927e204e72d62c636b2f618fb2b93775d,LobsterDAO
0x4671fc27fe75a8983149b3fa0acdef24e875f390,lunaneu
0x4673a8e42cddc28c050d1167e35c224a7ce4e6a3,Circus Group-mint-handler
0x46770a1e5257e5b960b2bd29bb1d490824d7822b,No Group-mint-handler
0x467a2e17e093edd15cab62bc1984eeb5ba31d5da,Tom
0x467ca8cfa7d9953af39b89f8d381a47661d9d902,seflelf_test
0x468cd300537c1debe2d9e4c5b2c441f83dae53d6,Cpanta
0x469b86ea99c1605b6e4f7ba501502289562aaba4,ETORO
0x46a4fe6c222864a21015eb05fcc23f6b661eb422,Pedro
0x46ae0b1a271cda0a31e67b2d13ef86befdca5737,daswdwaqsfdwqaf
0x46b0504fb7b8456238838ee54a50c40fb4c156fb,CANNABIS
0x46c923606ba6f115a6c3985cb87c4e125f544a68,ironman
0x46da6f28333bd16a90774af59f8afb4c762d7c0d,Retsugan
0x46e6721892e30c680caa71964e7311ffa3acce66,mary kamau
0x46f78033e4c0cb7165195269367a993d0125ee44,😜
0x46f8fb7228a6d4b91c0b60467a53a8377a0d5624,onlygod
0x46fa09bb052b67762ab30922ed8b238e87d409d2,aashish143
0x46fabde21a679dad20ca572fe2de62fccd02e96c,Kai Maison Test
0x470156b795e4ba42b7d3ceeef72d6c91d33f3d98,AtomicPersonalArb
0x4702416cf484a10c6ccd0484437611dbacbd717e,lilvel
0x47068cd960519e7fb4d41bf8be57cea899b9c230,Kbooz
0x470bc2ff593316510bec6c758f443b79ded77e88,nf3121
0x47102d8dd193a30b0760894d25bbf805f2bfe67a,0x4710...E67a
0x4722e05b7b93d54418cd20b6c0f9cf7d0315dd11,mikky4379
0x472f1b8094af98f428f96fcd013eff4b9f403f70,florian
0x47369456e0d67ccf3481faf996fbe6d79f97ec49,SvelteTestGroup-minter
0x473bbd524d899ae7f0565c1007c1bcea6e606988,Crypto Alchemy-treasury
0x473bbed525a167f0cb2e22c2503c80f413759df7,FFFF-treasury
0x474cadfc182bf74c6fed49606ce32c1a22412b9f,xan
0x474da454d9094d6c1872ee6a8da6613aca4d4cc9,aryadi hasbi
0x47510c56a30002dbe25b60887c66b487d0527a69,LG3-redeemer
0x4764535bb086236e2c22d06dd2c009d50b398814,KaZe28
0x476a189fc778aef7a618b7c53bc8ce0986de180a,FOOD
0x476cb4328694aa188cd1aab42689bb60936c2d48,shorn-test1-group-mint-handler
0x4771c6afca4f20c438d6e2be210b5b5ce858567a,Lorinda
0x47755b2156dbcae325864c0ed2c201f94c52a482,GNO Bonus
0x47780150026525a752ca7c2220bf12291774a1e3,FRANCE
0x47840935c4b6d6cd99886010832927d70a1f0a4a,Amina
0x478a947aaeabd6925ae935506ae928530e507e46,Temi
0x47918e568c6e85f2d7f67a28b6cf36424869845c,camille
0x479fae1f927f52fb775c63ec802b9eb7221c3e14,kudiboseth
0x47b08572504c937c43d535a24d811ef168908939,hak
0x47b2fcd51eb8cfcbbc5dd1f36b6c8def0e8e93fa,Deh
0x47c26a10d2ae5eb69441a918eca9552db9756d9a,SDKGroup2-minter
0x47c39a83cc36ca5e4fb03715337c4b78baac500b,George Roth
0x47cbd38bcd553884340cc8e282c741dcf0e864c9,mia@69
0x47d6efd97841ef36b6f21029ee995e50389a1b00,VertBlanc
0x47f92fffeaba6b10ac60041e9fbcde80b8404ab2,baralee
0x47f9d9d6dd09ec74a8fad5145b9332d31ccb1a52,Hotsnot
0x47fdb1e2cfdc7bc37c8ceceea45614b62f6d51e8,LaborToken-treasury
0x47fddaea064fed0852c44276c100052f8d34653d,Onchain Fellas
0x48009676c301935c2b4e9b19608585e02be6b2b7,test-offer-zrm-test-setup
0x480a3532de326a3010f8d9036a2dd73e00317f31,杨焕军
0x480e17327d98a1b3c7e82ed87f164cbd505246ab,Tania
0x48159077de539d8e4b028db45889ca6f521ce716,The Owl Backers
0x4818f122b44d29e657d41757c7a6ae113c351bfa,DevGroup
0x481bb7bc686ba045df208501d33aad0f9c7f6471,Starboy
0x482591a3dcead6f6706128e0c621a437678c887c,titay08
0x482a83a73428aee0420bd54a299e6f38179c0763,Charalampos Christodoulou
0x482bf750b02c546d5e529f4b8e06645279787508,topplayer12
0x48313df0067198ee5ec9851c6b7d7d4dd8ce33a3,GNO Bonus
0x4835268a1e06809fa5101df017d51319612b4c14,dead_minter_789
0x4835447cfe3830f4e1b313d294134a0f3a28f9d9,acc9
0x48597f13f5e9acd26d85e6b3d3300cf02ec70523,lucymoza
0x485f129d62187507addb8e2f7ac2a09831a0b96d,Nounish-treasury
0x485fcb1c7ae118fbb92ce381aeb4a607052aa1cc,autumnsun
0x4865aecd5a9b49eeebb6981500dc134cc03572cf,Winking face tongue
0x4872c04f5b5045607e9729f0d8e48ee5d262a333,donmok4ccino
0x4879544599f9c9d503fbbc8662ae1415ae241b32,cici
0x487e709e63130879a36a374d206e99753b689264,canarie
0x488741681280646f8e0343800ca77447ccc19133,cosmicriderx
0x489315d0ff7b706f445bdf4c36689f1fbeb3370f,SebsRZ
0x48937f66f13cacd4c891917f15318fcdd0f628e3,Pasanaku
0x48957e8c64f00eff063f212ecb2448532e95717f,Stefan
0x489c9cc7f88ce1764db55220ae49868fae9562af,emile
0x489ef6530e8bc64f87ede043802e7c3b5757aaca,test235235235
0x48abe36132b3de6caa378fa7b63f1d4544b63f8e,amara okoye
0x48b0df66117d772cf339fa34db2addbbda85da2d,Farsight
0x48b85adc2b8de316abc03521d8b72d3e9f6524d3,Tavakkulzade
0x48bb852915316f2adb7349a3c24dbec846f92715,Luís anjos
0x48bffb7852a97e0a8e486c9bad99f22eb1996c42,Hitmonlee
0x48c3fdab62e762a16fa0fafa0ab498699ebb388c,ArbBot
0x48d19887a002d54c2fdc02a8bd9cc2d3e2be1cc8,NEXON
0x48d3f2ab807f5053b624b0052c2d79bb4f57a5b4,Idalina Maria Magalhães Sousa
0x48d4e27f3e6f3c0105ab7be1894ca085ae4875ac,saddy
0x48e010680e49e7dc9035992361af4f4d9099eaa8,Dappcon25-treasury
0x48e42edba6eb9477fe3ddc63bbbf1ec9bd1f5f41,100 USDC - 10 CRC Ticket
0x48ededf24eda33bbfb61a50ed48b9cf9859a89cd,Piotr
0x48eeafa4cd27b8d31ea189a0ace36fcda6edb266,gauchier Priscilla
0x48efe8098e362a7e12236ba707c5fbd270d9feb7,allions
0x49099a81bb5fefc316651b4190fa5ce083b73625,Fiddlebert
0x49133540debe85457385c3dc5b4ed3949da00a52,andresrmoron
0x49220f3ffdeddb34fbb7430e051b4bbb4e94ccba,Marcos Freitas
0x49267d7c0f23c2e0b4d80bc38ea35587e814e0b1,ageorge
0x492a0551209dcd96291be66ac125bf4e5d8b034e,Noahtanaka
0x492c7041ae970a3bf2bf893de1e87bc97e001c77,CrossPoolArb
0x4935539e01a2792ba1b69d79b01220c43ca2d34f,Juliette Bernheisel
0x4936c19f8830c5d7eb67ba3618163336b3b7d3f9,mosh
0x493fe2d8f37ad1f89da66ad77831082713bf193b,AoifeKelly
0x49482e65dc7763495ea07b315b56ae8f70975d71,Diempi
0x4956166cdd5429e1fcbdf286b75a8e4aac8fdf13,Luce
0x4966eebd67c9d60ece927a8e4c93ea5c485c6f8a,Uche
0x496dd3dd774285da72639ae40bbab96d4811695b,0x496D...695B
0x496e57b4370ab33619f9d5b413fb798467399e82,adamhurwitz
0x497aaf8ce7a6f5eaed7ad81170c965d66b1df159,millenco
0x497cb40b0903bbc185aa8cce1b2b8e2daca00109,frozen
0x4983fe4b7896554efb4d2b30dc36a7c96bb91384,Vânia Samuel
0x4984eaf77254721be4f908526f53568c23e44a8d,ramma
0x49a01267a095fafa59f63d68ac7152ebd2d01ca7,f8group-treasury
0x49c48c152f48eed7e37743f676f5d09f9777902d,Olarenikeji
0x49ca965aca1f55ea7331240b823b819355335a89,Roland Su
0x49ceff670d311959151f475b901663770b690a5b,Miguel Teixeira
0x49d4588dae1a7a1bdeb5bd2837b64e6deb13eecd,sara
0x49dcd040020f9144874a6b001d21bbca2a85f75f,kpk-1
0x49e95c8bfc7db38c7dbd1d8afd5420959574f707,Gina
0x49e9f29a29b72bc48bcdf1f5378fb52bcf8b3aed,mrccc
0x49fb568ee3fe29665b596f37a73a6e8c49681260,aftessed40tr
0x4a0026fd505f8ec7d42923903e5ad3d3443cb9e6,MaxIta
0x4a188cf2b9995754d1d1280e0b18ff6400c939da,solidity
0x4a19de83368704bca1703e558f66d2c2837fac16,happy
0x4a2b35220e4c1be343f5f0ad305e8a1934831c58,CRC-GNO offer week--2
0x4a338f4f98a0fd16f79d0ad2625f532320f11fa8,sylvia
0x4a3aa00690a78d48cfffb20d2f9c1d9a76628ac0,yuwh
0x4a436b8a65d7731048e646c9773e2df3b2214257,justbrendax
0x4a56242a2b4f97661550e2f227bc9b958931378b,q-lp
0x4a63b95380c425995a2042d760385f9a4f24af1c,DiDi
0x4a6bb59b48ed24e339b0bf307908221b69047195,KPK-treasury
0x4a6e6ded15f846c1a2569b1637e609c43ad66cb4,wagmiwiz
0x4a78a4a554d05aaeba5c6e54c4b39498ad6ed6d8,Fawaz Adeyemo
0x4a7ba51cee7341534b890d8fb992474944421b0b,My new group
0x4a7d7f489a26c61f1a758c008843e904bf35bf1f,ufi
0x4a84f1df663ab3c66855b0eee270484d0a2a6972,brabrador
0x4a857d3bd4839d0ab94db9eb0f928e87500bf7b2,Joseph Taylor
0x4a8ba292062bd43e9056980c94514fcc8a0097f3,Fernando
0x4a9231e3a1542b2d0fae2a4d946ca63eeb7854f9,Fantasio
0x4a936a1e221801860e1e0fc7f6acd907df5709a3,Twisthead
0x4a95ceb436ba46351d4d27f8c7cf3ed4e40eecd1,SolarPhantomX
0x4a9affa9249f36fd0629f342c182a4e94a13c2e0,samuel
0x4aa97c90044fa4925c34de52e19a3f444f112b48,ze pedro
0x4aaafa85e708b5962abe5a7387e0fa9eca7b65f2,SUGA
0x4aafc4a6bbb2b9aaac6f3a7a21bb6e5470d34e60,anticrash
0x4ab277c5c5d33e8ddca3ba7bfe58e6f4cac91431,Oleksii Kozachuk
0x4ab2c2ab0cd878fd9effeaa16c70626df7d296d1,Test
0x4ab4bc82c22283d04c96174c663849bcbf3fd1e2,IbrahimOsman
0x4aba25c01b633c15c3546c5271cac29189c2dc5a,eyeinthesky
0x4ac6089a76a9859263623e599ee515517e98033d,Matthias
0x4ac627f57fb31943e421a3c8689dfa45e90269fc,acdade
0x4ac888011c614bd913bc91540e786b49664df299,Shams
0x4aca161b2b5b50108ba8f4da32ed9777ede251fa,Steeben009
0x4ace80c0b551225bbf594608e0cd2e1911cb92de,0xenzoo
0x4ad02f9dde8033310e2b38e9ccfc52887fdde36b,SG fam (admin)
0x4ad414c9ba5f750eca135f521ff19fc2d0f6abd1,Wikipedia
0x4ad4682b1faf070614011aad4c62efffb9f96fa6,Bettina
0x4ad91d7481c7c4190ac111bd51864fc737a593cb,Juanis Favorites-minter
0x4ae4de94b28e43c7972dd14eb80d94eb11412f47,LaborToken-treasury
0x4aef17c102c2573dc667647c9191d8653fbf66f4,Better days
0x4af123b3f75ae914f541b4a9eaa670b23270f0c1,TestLottery
0x4af3df9ec88af97e05d97026c46195b0299006db,test3
0x4af4690d7351211ec93471279f7724854b5a8dfa,fwefawefw-treasury
0x4af934666622c737a6871c1eade238527a1e3479,mate
0x4afecc62162b2c9896ed4871b643f8d7fd6dcda1,美团五星上将
0x4b0442586d87e7e08ce0326da236afc43156a4dd,Agata
0x4b17c86b0adc2310edcc83345df7bd7a82995983,vb_test_jan81
0x4b1c6baa9c43fb3d63cf5fb0b212fdaf0a6f7f51,sagittaria
0x4b21bf83109eacb44cba6d17e1fb90695202727c,mehdi
0x4b21e1fb8293975911b7e32ae40490f44bafb474,dayksx
0x4b265a76f431b460c7f8e43b002c9611f1878f73,0x4B26...8F73
0x4b32f1213dca3d920ffac7abef0665a987ef7873,Melograno
0x4b3f135eff2973e0c7f7f479316030f7a953be4b,Thumbs-up CRC
0x4b5fab6be8f13c9b3f2213335114b1bf8147065f,Crypto
0x4b6f72008e7aca33de36b6565ef30264626b21db,tobias
0x4b767d106f4e552ffdb7ce6547eb0398e208fc96,Gnosis-sub-treasury
0x4b7d0cccdc998fbcbb0ec4daac62ec36d812f6ba,ITA
0x4b84acbf566b594cb8cea6b7e1cc61b8300c5117,acidlazzer
0x4b8e404d088803907823fc77e85fa4cf737daef7,nonc
0x4b97d790c74afdbd785283f684a840f38e54b695,TEST-CRC-treasury
0x4b9d640aad17855f7e3ee54e1d07ef2c151e86f4,José
0x4baddd4e66a1c1e313f910ce0e27fdeb97223099,Jordan
0x4bb1b3c96fe1a15ccdac0bbdf6685d17ef6dc37a,FeiLin
0x4bb9d506dd559c107fad71912ff23368fbf2760a,Meta
0x4bc6ebdd2e29e0c6a1682ff3525e123a637983a2,Kate
0x4bcc1e3bd31c20fe22d08395a7983c1355379fd1,Ariellecohen
0x4bd3034747ce10494f1a5ebae055ee726d896a71,TestGroupSafeAdmin1-minter
0x4bdb89251bea11853e9e0621754a1a0476cf1c27,wpyke
0x4bdffe585dcfc91b1a8e6de910e1123fb7a7afdb,Taoufik
0x4be1eb608023d81597ee499cb155e8287594549a,yxf1206
0x4be3671043a7fbbbece5ce8aee860b35504783ca,尔木萄
0x4be591753a3d50264e966f207581e0ec5daaf075,DRUG
0x4bf6cd5b862bda005d8da08a056428535e4a4780,zhengquanyb
0x4bfb7b211f88d19e29d253bf69a8d86d22208da6,Mister Trustable
0x4c0eebfd8b1fbfe9bc54ef0925adfa1236f9512d,Sasha's_friends
0x4c1ade486cbf311fc7c95f3207e1b7086e817601,Test Offer
0x4c1b3c5b7ba8f98ba72a8214c50b10ae9e1d5044,Mickey
0x4c20e4482bddf39b60b650fae0ca2788a5b4a952,duncaneastlance
0x4c304351e98786ebb7dbd9fea874db33fdc32334,chh
0x4c30fc293667c01f07c60235cd47c6e3747d48c8,Lorenzo Moscati
0x4c3685f97ef1f21c05433942ba2d6f9f80c1c4ea,Quentin de Châteaubriant
0x4c4d821c467c0d2f0ec2f4081c33006b55c4c965,SG fam-mint-handler
0x4c5082ab7f12450872256bfd51aa39adfa2e88bf,Jonás
0x4c5442584669d79e3fee4bc40556fb48c329b979,GNO Bonus
0x4c56adca851e4af2438fdf633dabb9c71985a632,akemsedara
0x4c5bdcedd383bedecee48980fae6e409806447f1,ouri
0x4c7b9e2721f831f05fa5a8e73bc3b687841d86af,amanda
0x4c944c057746d381aec17f92a540b855ffdba2a8,Nicolae Liviu
0x4c9eade4dc2eed56477fa4164ea3af21b0c89526,phan2tuan
0x4ca3f90d2de46b88c73977fe6467cf67e23cb0ae,carlos
0x4ca54e2b73ef367408ce6455ec828a628eb35fec,032
0x4caeecbd564ae8b0cb10a40231006b5e6c5d91e9,Martins Savings
0x4cb3b2bb537d6252e57c021b95f2fb1aa11d09aa,dummy-score-group_1-treasury
0x4cb5d2ae57f75c9b4c691fe500848e517f8ac231,Crypto Alchemy-mint-handler
0x4cbd881d708b996c335d9c36e672e196b0c06bdd,Jason
0x4cc22f50934034ec2b846cd8f561511174f59f77,Artem
0x4cc46e8d6d2349aeded10169a0ad442efaf081a6,TestGroup-treasury
0x4cc76133d9d80f8c44816e8fa61188f2ec231ee3,bikisek
0x4cca24be86b597aa7ac7a603a59cbd755e6b85f1,avatarName
0x4cccbb7e8bd37683fa893a50018bbd1d648995c7,doomdev
0x4cdd96045f38873c35120ceb06eef0d9d83eb71d,pankaj
0x4ce6d711cb0d0bd7361898d503df6aa794365373,Walodja1987
0x4cebfa041c911b8302cf008a8576851a0b7ec2da,CRC-GNO offer week--5
0x4cee8bb746403427d00d1edd9eb4cd13c42cc054,biafra (unFROZEN)
0x4d06ae459344d191e288128de958707718835324,Twanda
0x4d0ad34fd15da52cbe7b8b8353083310630ae0cb,GraceNolan
0x4d0b75083c08a476cede4ca2867ecd153adee22b,nuriam
0x4d1089115308c95aedd1cd77e499f9db5ad3b3a4,Okxweb3
0x4d1b95f20c5e25471a79c3dbc3ae867d1c9a5416,rotki-LBPStarter
0x4d21948892658890c4b0cd8f641bed554dcb9511,Stefan1982
0x4d23b11d1de8a9812c27166c46ede2d32b9c2851,Adrian Toma
0x4d33346e49d45887dc9e538585d80a989f736f3f,dwqdwqdwqd
0x4d383895c6edeeb075718cf23e4123dac7b47591,70vanmd
0x4d3e80d1e2812c66756e24a35e4bac9c21d4d920,Shraavani
0x4d473a1c1a5c9997f18964da4de9e28295884ff4,EthPrague Tester
0x4d5351d8811bf9f862d1bd83e217659fddeb1dfd,Filipe Sa
0x4d5507616c589cda69ba985a81fe1a63904c56be,Ahmad
0x4d55ce799dfaffe3d7dba47279b013b0b8423f07,laughandbelly
0x4d66c4cd7f232c332fd1389a7b275799d4fa039a,manuallyGroup-treasury
0x4d6a10355e9f0e7fca74ee9e3eb38ca5c4babdad,1 EURO Lottery
0x4d6c1a6ec5ac2b45f287c5b897c963c182c03482,Truunik
0x4d6ebba34f714157813aa73ef4bce90b33cfc216,Arbbot Breadchain
0x4d71e07797f72e2b74a87c831489f48460b43890,Georgia Kouri
0x4d77ec1612a02282e9ef37f84f2929e345261472,sahu
0x4d781d560a2f9cbfd5be3dda24d646656f0a607e,42Berlin-mint-handler
0x4d7d9b1eb9f681b2ad964f5c98fb1bbe8c9fc57a,anima
0x4d7f75c5870ba11a6e096143f13a31b2faee0b50,org-group
0x4d825a98ee3e4801e39f2de6dd16184de2285ce4,Max
0x4d8bff6e6c8e451b23cddebd1b497a830ba54324,kind
0x4d8d4147ddc240404a8d700e204b793b059e253f,428C
0x4d9145def1647eff0136205ab3034f5297b524ac,gnc
0x4d91feeb35caddba54d1a2bde48744f890a14238,Darci
0x4d9fefffa9a07e333bafa30dd8ec23b95f12c5e1,Arnas Jurgelaitis
0x4dadaec45308037be35a007cb45447befac6d477,MUSICIAN
0x4db07d499ff36b9a983c9c593c00cbb2e9daf689,0x60M
0x4db188e05aea5c1d661eda64df3e7ce5f8c85f27,fietepol
0x4db713d65cd7cc5ffb6d3cafaae92da3ddf14b68,rls
0x4dbbef01865ffe7c90a74113aeb86a3d3fbcb2d9,martinquaxd
0x4dc0de263aec11ae12b43c15f62de22b52363065,0x4dC0...3065
0x4dc16da66391a4947f0b41d055c61d855fdab4e5,paswallet
0x4dc2bc4f381e355fd18f571928e6857d46929bdc,Dream BIG Group
0x4dc77ae8628f9cb232f8b8738372449828664509,AtomicPersonalArb
0x4dc795c8d880919e963880f3968e209c0483b86d,maira
0x4dcca4d6a1c65fb17ea9f1397d5478d0f6c2d46c,balubn
0x4dd78078f53e35686d9f32d1e623c8f1464eac60,0x4dD7...Ac60
0x4dd83f966cf66b87dc1e3b478871f2d1dbdb98d3,Michael Allen
0x4e011c9da2faf44aee151101e06dd460669ce1b7,Will Manifold create predi - sub
0x4e0222f480a91a6c98c314c619f32a406a2ac132,0vni1092
0x4e0cb1007909484ca54af6eb64a5e70d80f5c3b6,TestGrpp-treasury
0x4e1685660dca1505a19b25f3a6ac732f413c3564,OpenMiddleware
0x4e2564e5df6c1fb10c1a018538de36e4d5844de5,Open Internet Club
0x4e373fda63aa2e113d45600dbcd0fdb58c6eb3f4,GG-minter
0x4e37fd4e73c8f1c21094cab65cec0743c7dd8aa8,Li Ning
0x4e388679565362453739e41c7368cca72a1d09af,Clara
0x4e41b99ae377a769b300b2b5d4ea98ad33c81669,Liesa
0x4e453d00030b3705b87c30c9f964dc262c8009ce,António Magalhães
0x4e46794391b45cea036231a65c24ceb90e3cc7d6,tests
0x4e505ad03918246fda3a164c76ab59260951d2fd,Brina
0x4e508a8ca9c2fb48a47151afe08385fd0951e54a,Kate Ven
0x4e53cc526be4f02d9a600f6015bc7af868c66cf6,dushangzong
0x4e57f0fd8dbbcfd6a661eff8d5d0a374ebf74232,Patrik
0x4e645934869cd8f1d80d6200be3336e709d7c4d6,Mimidoyin
0x4e657819c3baba43760730e1e1a1d9d58a3ae926,Asake
0x4e74a8c419cc755c39222b206822ac5426855740,Rafael
0x4e7c271da653a3aa9e28ad578b24109d19a79862,VASILEIOS
0x4e8615bf5148c5bbd78edebdffee49094f84d5b2,Gediminas
0x4e8dbff6cb823550abfb49232e8adc0766a7fa72,arnz4ph
0x4e90663f4e69720de809f080ddfaacf9e7240dd9,Joy
0x4e9ecdfecdf84abb03d9ffb0ad8675e3ecc28b99,Henrik Karlberg
0x4ea1c050f332055f812abba10cd9a2ce6534884f,ib
0x4eadb7618e42ddd2a06e200a507089a5f0fd594b,ccc
0x4eb706e2aefa79f524c473a156dbfd3ea4252b7e,tom
0x4eb7191c63b258ac5e489cf0604f6689528781bf,gigibigi76
0x4ec713443c4cdd522ce1fa87b12e72b51c7810a7,Ivy
0x4ecb47a93f4878827e621d507deb5821ae6ffe4b,jorkleo
0x4ed0ab0fe3fef6f469853e6440549682ea558bcd,sanjitaka
0x4ed1f2c2f371880a46a067ba9852302be9f8d281,Open Berlin-mint-handler
0x4ee0615eba2131016442d40a5ce3ef919b559bb2,Berlin Full Node-treasury
0x4ee3ae24dd95a858ff405b0f3fdf7ac66164b552,Ken
0x4ee97132ce68c223120dec35588f2e659656f1e6,1bitcoin
0x4eebd5d29ff05a745dfef7aa70ffda0d99caaa6c,Dappcon26 Ice Cream and Merch
0x4eed0645bdb9f5eb052d1e9eea5381cfb8ea2a76,anhdunghoang4
0x4ef247f04b4ec49f27cfc5c7763377b3fcbfb7c4,Galina Petrova
0x4eff1a7b0a5c98a8682fff97d001aca3e948706e,ilia
0x4f120c88431e803d41c5c92fe4795e9139e6ba12,Giovanni
0x4f15a2c55cea21d9a1477970d28fa9b24ef7e555,Leo Durand
0x4f166d34651521f471b1e5a0e0e0a139e9128fe6,Rebound-mint-handler
0x4f1822b6b5f085f34f96a6a1250c141e9f1c8693,Joetta
0x4f21a0724c1abc3df4f157e245d5272c6d9c4735,Futura Garden
0x4f257aac6a7c75f0ba5432048a837774f124287c,patricev
0x4f2630fecf6a317d6e6a91d1f1b85535b84f1f7f,VeBetterDAO circle
0x4f2cd056d26fbf97caf7df07f646cc165b7fdafd,Smurk
0x4f31675750f3aee160a2b8218ea902f1446abe9a,joe
0x4f34d333735b6b546ccba9de61a29e18f0179588,iur
0x4f3b6af8c3b3f0d1058928553642de16b3352885,piecrust
0x4f4cf2c59db791fff1ea23bc85e536c81d6297d1,test CRC-GNO offer cycle
0x4f5aa5189f8783370db29e37892295d71fa0ea65,samagonas99
0x4f61bf96ec0cefe9e36eddbf467886bd7303562b,Gui Rezende
0x4f674efd35bbc8b4ba71a68f5a6e8c5055fde1fc,200 EUR 100 CRC
0x4f72dc073fe5ef0122fff367e32d37d14734d160,MD lbrahim
0x4f744e4fcc7636627c0fbdd2a83ccd8c394e0c8d,Gon Freeces
0x4f754d25e01d44b76b5cc40849b4ebd4677749c5,Foxys Group
0x4f76be7759baa23d7eb449f61415d2f89204b657,foftest
0x4f76dcee77475562a8bb7254d0655bb82c08c25c,trusch
0x4f7c8ffd11b0087c1f473b28b005dbf0a418591b,antonydenyer
0x4f92f3a62502a6eda3b4bb7d07d8ac6410c37729,sanshab
0x4f98b9a209d04fec9ff7d03a2431f8501446c23f,gonggongchiche
0x4faa992285060f6f1f5b003240f0fc32f08e01f6,Xalvyn
0x4fbed78cc6bde62a2d2e9a20d1c5d83a0db2609e,uuu community-treasury
0x4fc54697d89f870246125ca23819621aa535def0,Leo Livrare
0x4fccf298fb3c3f71cd96b4a5d2fe7811f3efbbff,Len
0x4fd4212e1e9b002dbcced3788540e805d28eaf91,francesco greco
0x4fdd7efa14a8e1a2723dc99a648c197bbf0e5a53,tiki
0x4fe1783da2bb23e4a5a27231c7323c05f1563941,testCustomMintGroup-treasury
0x4ff8c5bb83cd671ff7d9249828ba3169dccf36f0,basevip
0x4fface9865bdcbc0b36ec881fa27803046a88736,kevincharm
0x500512bbdd766735099add06c0fa67d3e6334af7,Babavoss
0x500855cfa8f07b2913f501c777b9fefce64a854a,azkeda
0x500a589595c310a52ad484311dd9443c2e0195c8,Remix
0x500d0d2b4660db6f5cb3d6a40c9d9b7e85963474,ScoreGroupMintRouter
0x500d2a96e144a54e3b3e0aeb60144b885d11a741,test-new-group-fiel-mint-handler
0x500f8519d6e8b056420e1a262b927b6b43a2bbc7,TestGroup-mint-handler
0x501553ee1a28b8534fbb3ede7c43a0258c5cf434,Joseph
0x501aa6f5e514ec39e79c5ba138ea8ea84bd6d913,Europa-mint-handler
0x501eed4a1f1838b7e4eca7da06891daecb0315f0,Boyce
0x502a8a8636c6069f0feb3c58b3ffd764e56af9d0,CRC-SepETH offer cycle
0x502d26d2325db9f3898a98f9d19476d65f814e28,Test
0x502dd570aab9f25e84dff43633c5b8ce5fad953d,Berlin
0x503512d7991b16d544c06bde6addb94e5923a252,Jose Antonio
0x50368b2466fc59c8615a323ec7474de3ec6d4dec,0xx
0x503c9f5ec68cc4e2c1d6f61fdd8d3063b10424a8,itzgabby21
0x503ede72ebfe151516c5094b33cf986363293a2a,Adri
0x5040bf0b31db65b2d4ac24ffb3650ae8275ad8e9,visserra
0x504519038bb6e7500f1f2b16b86e4546d35b6faa,Owl v2-treasury
0x504bb4239bbd82ff6cca88db1fbef2c457845e0a,Şifa
0x5057f012885b3300d231ffab5e071428bcde126e,FRANCE
0x5058a2a4491ab72cb4a37a641e63a989f250480a,rdrg
0x507f542f14f55315f96ad1d454859eaa5c9e1923,mylife+
0x50866139a311a403f9bcd3714af765ef4a34d0ec,Bedrija
0x5091a75fcea305effb1c7e47134f39dd2d7601c2,vbtest13116
0x5094d2b7727c43499b9da5a7266f558221ef19b4,dmummy
0x509ec70c74f5ee6076d2d4fdd1cde0006155e1b1,lionel
0x50a9cf382f1966d069d4225141bb3edae5cbe6a8,Ali
0x50afe8141606ede93c1bd5817e752a07f810e835,test org passkey 2
0x50ba450595fd7b5d4c435d98985b329bdd708c3b,JOSE RAMON
0x50bd4fa4e40ac76f23c76fe07af025b5cc8f714c,mi familia
0x50bfcb7286b607ba59bb3cedffb376f08b55cd16,growth_maniac
0x50c4bb1ce47987c3e8c172d10789c694e13190df,Metri Test Supergroup-minter
0x50cd17099cce10bfbfce6851182a50f9a17299d9,Erwin Muller
0x50cd505648c13dd43a50a2dd70c84fccad8c488e,redblaze
0x50e9167ff75dc7f290cdae996f90798b63fc445a,Aletheia-mint-handler
0x50e926ddb8c68a26d074257f15a702d9385ea55c,huyunqi
0x50e9707c8c26c3e7ec4c1b3443d32db73f552976,Dny03
0x50e9ffccda24abcee499b96e731839b2739e92fb,Alexandre Castro
0x50f0f046617a40ff463ce2084653776881171795,0vni
0x510c13c1561e9591a9ff4815893332233513a192,ignotus
0x51113d3ce761796047188438a98e4443e62e6418,3.14-lp
0x51139a3249f945b48fefefa5bdf1e837ae657100,floyd
0x511607ac895522cd0fab8de8f0e6b64084e26ec2,Riad Lemhachheche
0x512310ac7c04d6ae110c895f12c47511948d1e06,Luca
0x5128843c8d67bb15c1a283cc1faa26b5a6898374,Prithpal
0x512ec41f8046c9601ad4bdfbb6415a13355e920f,Mahmoud Amin
0x51417bd7abf8c63263bfb189875223e9d1431bfe,DappCon25 Contest
0x51420db30eab1024429f045755c52a3e719fad2e,coltest2
0x5145b680b7b97a79c58c426d6cc0c3a3eb8a7791,lee
0x51471af199c4ce701cc8ff962dd36c8adc0bc444,Gerry Yang
0x514b61e497b36433ff7e5c06fbaba23a686bbe17,Deborah
0x514ef7e1b5dff27c7b714ad610ce25723dd287fa,hansolo
0x51558edf6c91a21df5af8f4dc4abfd4d25f94fd8,Jan-Felix
0x515688af169d147c013fbce049eae8f99d038d44,Sophie
0x5157a7b26bb71b94346a52aae8c9b05bf859360c,0xSun
0x516670beef177a417095e04ca45b33b8d81b7311,aaliyah
0x516adcf32be9576aefe2176c059d8abab4f3c2d4,Gnosis-sub-treasury
0x5176a57c59dde99c9b529ffb214a56912b0d52ea,0xrbxyz
0x5184ba50cad91603098f4a945be545041491e4bb,Varshith Kusuma
0x5187c3c365a0e2a1e98147cb69dea7fdaee21fb6,Vlad Hunta
0x5188dd4c3c45a449d9d6e6cdf43cd0b47c087af7,Anthony Darmon
0x518abfe907c9f579a5dd0c4003b86652935e7168,Astronauts
0x5190ee07f644a537711f9d9e3164099951a4184e,History Guessr
0x5197cccca3c12eb498ec1c39f57e8989e95be322,stig1
0x519b110c1c5d63699bad27e517118c47cf0b3086,antonro
0x51a28263315608b5caec5a932141a19ebc822e9b,alexandregpf
0x51b0eadaa6bf534209c71cff82be1acfc8cd78aa,yugan
0x51b640334a740fcd1724526fba0c10215fd60b13,johoe
0x51bbee02c124829b56acac0cfa314b39574c87e9,Karen Frances Eng
0x51bde0ce1a9e11818d282ad79d4c9ba8b00267e6,faithlight
0x51c0f56a536704797f6b0e8c16d5fcde4b13096e,Aavegotchi-mint-handler
0x51c2231f599ce9cd91280772c2eead362a14e169,BaseGroupDemo
0x51c81c8ce1fe75b499c44284d84436d9017d8c78,maxzdland
0x51c95612f022030f46ffd7e907c30f9666992199,miguel0ne
0x51c9788873c87cff26d01a71eef900fdd8016e75,Toma pns
0x51d0f24bc08e8ac544943fd5bbec7493a7884de2,France-treasury
0x51d9e1969202321ba0d7bc9ffcc6327bb981ab93,boris
0x51eabb720c2b587d360a30c2f3bd2a31ab5a7879,gr-mint-handler
0x51fbcc6f189330b0a0372b1edd42bdbc1136898e,Evgeny
0x5207630655a1437d21ebfb38ab18183be77d9805,Emile
0x520b303f699950df71e3c4822d4c3343673739d2,CIRCLE
0x5213d2877930f03dbd3bf47aaa3d71ab1db572fd,org
0x521fe268cfb83d8f9695a3409e725c190e58ea59,vbtest28326m2
0x5238b2290bac3d81621074682f028938f41b5df7,wifoehn
0x523f707e945f6ec56a862d9f40d78e7e79b2d29d,titi
0x525008fed5e240ee437f8bb7a09fc0bf1f794780,vic
0x5251ff34b55a9fd51bf2dd88938a89c4abcd4196,fatima_zahra
0x5255bb7d8de21d18f67338b910ba5c21ff01a16b,Silke Noa
0x52572905c834641c3083f6840bab5b60e8305fca,Matthew Bonanno
0x5259e1b45297c745e54e69870c20fe57da9ff288,Vicrhayor4
0x52628b42b71320ff490cd0fd6330c7be8657a734,Veli Guersel
0x526d3d8cbdb140254ea546ffba996a68fbcdc22e,Jean
0x527040d749f5d0d4147f4168588c3b19368b3903,Test POH
0x52764c7f657ee974a9af49cd01ebb92cbc3ebe83,Youssef
0x5278d77a4fb5202ca49aa87f9af93d5b440cb7b0,testdev21
0x52790a331ae08d719cebad517bf13378984c8800,Antonio Chase
0x527cfc8c95f6d6caa08d470a679e113173c01080,fileverse intern
0x5288dafcf17cdc0059495fe9aef6e670b76e95ab,Uniswap
0x528cbf386121de54e8f4505785231366533f87f5,Jose Martinez
0x5290052e64d53476d7c0780202f70b079e13acd8,JB
0x529bf5deecb8f660511734f2c7022950e510f8ba,SamJoe
0x52a52302c3c989e44729ee8fedff83a226b40553,CRC-SepETH offer-46
0x52a93ef23c2174d6c20b5c756190732c01a31206,ETH Prague-LBPStarter
0x52b9ab168f5bfbc02dfada54778c27ef141ff378,Will there be more than 2k - Yes
0x52d5bdfe5f0dc0e87ba8691d7569e8cadbee9a44,RealityOnline
0x52d728279fed62303e419a48066ad245f6092fd1,Pablo Penso
0x52e14be00d5acff4424ad625662c6262b4fd1a58,cryptododdler
0x52fc243585fb415165cc4b0d4972d2f5cbc1ab18,GNO Bonus
0x5302700957de56db72d0def2f98cfc366f944072,angyts
0x530a3d218c13406f8a68800b57e67217eb73f2a7,FullNodeDummyGrp-redeemer
0x530cd0afdb5821775eafd7971d8b13baf3108f4a,FirstTestGroup
0x530e753fec1f8361c94b60a99e4667e9037b17b5,testhhr
0x5311253471ae6b2819e89b244455e67b788dfe58,Fenix
0x53223d649e276daa1f9c9448a99c521878a47b73,Alaine
0x5328c468d3bab5635372c829ba4b0e31f06a3c93,Gnosis Test-mint-handler
0x532e20b7507e0d6470e895dd802d1567010703bb,Popeye López
0x5331b337ba0a9b0d1eb11b0832c3c8aed5b83b40,arsean
0x5344529e61894675f5c58494446161d887a632f2,FullNodeDummyGrp
0x534a43bd109c05ea5790a63b852dd6d27a74bb38,eliastazartes
0x534ea05743a5f753e82300413442e2f262d305b2,SG-group
0x535860652cb2252af050fe750fc207eb5458c72e,Tarzan
0x535a037ff9f4d66580d4ac78ab206807c2fd860f,Mohamed Dhia Rezgui
0x536452b0f9dce0afea65b27d92530db1a53e8348,Will the media price of CR - Yes
0x5368e9d183ce85b0911e44e7bcaa8ade328915f3,krucifer
0x536b7d5bf50151f918e8b7208a1bb139c330c55b,Rebound
0x536c515017a19529a619f05d246a1d131a65882b,0vni0928
0x536f0ce12b4f033c34e6e2dbbaa9f461aae0ffe0,testCustomMintGroup
0x53746c4d270a696a6200a195388bdfcb11fad4d1,chooo
0x53749ac2a0ac431f5b56a3ed69baab94524d1067,Natalija Yefimkina
0x53759881c1512247446810dfd9e5a10a478ae67e,mber
0x537a01aef0ee27faae082f905c85f99a08b273e0,Test POH1-lp
0x5381566e842b131998c55095db6ef53b909cf803,giveth
0x538f684118ff0499d20975cd4b3808c723f0221b,jose
0x53995dbd3125e4c788ed46ded0a6be98b6c2a033,BasGrptt3-mint-handler
0x53a69f8a6570848f4918def201f81e34a4a4b54a,CRC-GNO offer week-1
0x53a78c13255e2fe058a2393353f31d157596ed81,juu
0x53bb942568d26743d93bf689f0b767711e0d3e87,MintTestGroup-treasury
0x53c2a5dd9df245932fc038f73e35eec9f738a3bc,1xSolarinix
0x53c8d090a8a1412f923f598bf63efd5af71a1bc3,Will there be more than 6k - Yes
0x53cb588573aab0bed729b04e332fdec13897eeb5,pmayr
0x53d5120518e2b7a87c53d0de5590f91d85b7ba89,ArbBot
0x53d5a0c47cbb2c2692e4c6929bfdfce0858bc617,Léopold Biget
0x53d99cb99952de9e862b2d4ea91000c2f5268147,akinyeleola
0x53df0cc3304903edc35f98e763811a6c4b95f2aa,cobie
0x53ea28c801f0dbd0fad1b9b8feb626fb5d297c17,Sebastian Zand
0x53ecb7757da96be6ca3e1ff6e2e456be6d6c0902,Circles Indonesia-treasury
0x53f382a000661613ade821294847227037b4c303,Alonso Torres
0x53f5016046bf8b4666cfb9790babaed6a6f95fc4,Will Circles reach at leas - add
0x53f538d847df5fef180303ff4183bfa4b6a898ea,Marcelo Fernandes
0x53f9146572dc39c7be74859d6176138f88230e09,Blair
0x53fb7289fb7a6b14362709ae672c54d5dcf27bf0,Thyr Finance-treasury
0x5400aa4fce3437a55bee0e051212b403a81331f5,GNO Bonus
0x54011994315096683c89319ee7c111db4f09705f,Eunice
0x5406132445f1e6edb527be9efc1f6b642dde70b0,Gianco
0x540dfc6b06315402124751c08760bcac283245de,pierre
0x54264e8924b595b1cc34356008e8d8e8f2f2e4c8,test GMR
0x5426b5797382b05dc5b1091da468016a84b3fe37,GNO Bonus
0x543089102919b6fc4e3c2e643b1c9ca2a5329c2d,Maia
0x5436765386963ceb431b28ae893c2595c672844c,VILLAIN
0x5438f3a5176b0ba5809442487d8efd31182f8913,PrincessRewards-mint-handler
0x543f0d0f1cf8d1d3c17b7cf05fab8a696374b280,Madalene
0x5443baa63b9a2928c4361669cbe22ecdfd03fd00,CirclesArbbotV2
0x5443d3b8d0a4d802b4cd054a6cd97f49e2e5581e,midnightwaves
0x544ea7acfd41202cc7b5f93ccedf57e27be4ba19,mgkaze
0x54538eb06ff9ce1d0b57933986371603963c02ea,Nick
0x545cd39040505f2c20ab530f698ec423370251bb,Ruwan
0x546342226f4b4b5cae55a9e7075f00d60f9bf944,CRC-Limbo-treasury
0x546972fa25eb96dfacebf372970530294b357cc9,fulldnodetest2-minter
0x546c8575a4105bda5433bcfd15151ef2c75aa1f5,LEOPOLDO JOSE HERNANDEZ RAMIREZ
0x546cfdcfe1dc512a7a1ff69f0d077bcb9c3a1be2,Caner
0x5471c1cdfea3c91685c9ddc13448fde7c0f9955e,ME(E-H)RMARK-treasury
0x54823ceda96d286722109f43e8b9bbefdb6e0494,andrenator
0x5488186a567a172d4c7c20e456f7d1cacdb8a538,eleven30
0x54888785b0ff0d2126992f2714e67b372cda55fa,yaolaozi
0x54913c2191e76159876261c2cac5c4b2cbc645ae,artem
0x54abcf2e4d17d351903b4c7455a9d83ac7c0ae4d,lime
0x54ae118d074d7542ce766eba99aaf50b1355a720,mohamed
0x54baa3f30cbe05b70aaedc328352aed40e4fafa7,sunshine
0x54c73300776ed0c2e993bca28a8444e4430ef772,Al-Fulan
0x54c8bcdb1f62def60e3b53afa2bb6e2517c458e2,skulobasket
0x54ca211e4330886e63c1403c58a3de2c6b7803eb,Broderick
0x54cc0d381f52b3f93ae8c0afbe1c0eba070fe63c,Will Circles reach 300 or m - No
0x54d5b662558e7f259c94aaf96f78b595c9929fea,Chrishanth Mathew Rogers
0x54d8dc9b8c1c3bd403e469a32544aa89214d9ed9,theauragrio
0x54e4dc56a70a069bf6987def45cfdf4f609dccdd,Selling 5 USDC for 100 CRC
0x54e769fb8c10ac2b142ffc688c0408b1ad3685a6,SL
0x54e834c718356a557d244e1d8640e5e0e77346c5,Matthias
0x54ef97a444857ef233ec263f6ad0d6b23cf405fd,aptechphuongdt
0x54f0b5b09738be6431b58a3dc5e5d5dc601a7f0c,fedor
0x54f229ab3b15f8b0299f21d9609d6b6193b10c9b,Pedro Pereira
0x54fcc48301397d0770f25be667e7fc87e201800f,JONMUR79
0x5508685eaff1d298c8713eac817cb3f3ce705721,Ihor
0x5513fe0ac622b01d0e8e15063e1dd7f76c329e8b,Cristian Scardellato
0x55287209f7148e4f80458b5b57b08dac1d549eb4,sim
0x553c5ff90eb132c258fb8b7a6e7ca0e8ac4260a3,Mohanad
0x5548ad9800bcdbb6d8fa1b282d11047e9d867249,Crypto Royale-mint-handler
0x555706cc57cb5d71d5a2a4525ee40dcf920e5b82,hadung67664424
0x555bd9c2e5a7d3a99a83875c7fc78965380e3dbc,Andrii Kysil
0x555e5095873585871200594a91f59acc2f966592,ETHCC Community-lp
0x555f1406a23ceb3e6d011fde5bbfd0627e49f2ea,tt
0x555fd5c3f50b50da6422d9977605e395d9ff0f8a,1xHartvig
0x5560761912d808208374de7c450a3f01abdfbfcb,HTY
0x55609d07d245a10dbe95e64058a19c2d0dde1b35,Bergström
0x556ac819600fdefcea343e06073cf1c646136daa,Theo
0x5578a5dd7c8ce82cb4fb51e9ea62c56144574f03,Moni boohoo
0x557daf8f74c6b457191d916d67d340e43b6226cd,rudin
0x55801874eccbb5c7bc1e9407c424ecde4b7aa6ea,Antoine
0x5583d83bbed6a16c206c3c41f7c8ef01913e2801,bruno
0x55898eb411e7cc02a56a78deaba3d078b654797a,zachery
0x559c48dea3a3d90d8cc88ffe65920578908408d7,ming
0x55a005ebbfeac19ab966aa6dbb78befa54aca34e,Mario
0x55a1f85b1ad0923ce25df4dcd6cebee487b18cf4,João ferreira
0x55a280d0736581378e7f937c580f2892542882e8,santiagogr78
0x55ac5212bff5541e3cdf05e8a693175b42e348a0,adamdeo
0x55ac9d231ac5d91ba48708623c0f19c68b0cb656,Gwgw Pap
0x55b2355bd2342f4f869a9d2c8547e551ce35a612,katzen
0x55c40fa331406714dd8e05e73da331188ba41612,VeBetterDAO circle
0x55c5e94c45a7f8fc492a2eedbc6488f472a4b980,eklureuil
0x55c7f69e10e0619270abc77146d582df90910cea,Maria Marie
0x55d3092e0fd3d24ae9ee4a24aa85dabbcd18fffa,Adaku
0x55d369b9f521f832d550be51c308bbbe6084a930,Bankless Academy-mint-handler
0x55d685121c52f3401732b2522778ed1887cb9d1f,Ninapatel
0x55e9f36d2e64c547111d46c1eaa8f760446b4cef,Alejandro
0x55ed9afbb4b5e1df98741c52a8ac0c0c10ba9549,phoenixkripa
0x55f0bfd8ee91bf2cc2d9ea026f7daad17ae26164,ArcticEcho
0x55f0e5a4104650e0c92c3814085507db89b69b5f,maranda
0x55fb61e0d9f58a224546b5fd979fd0c174eb58cd,Dollerman30
0x55fe7756b004601aad94f886a648f1706863bc4c,The Inner Circle-treasury
0x56017a03faae5575547e789cbec01f1cbce156e7,Automation main user 4
0x560af137951f49d61b2bf39592dfa428ea67c3c5,manuallyGroup
0x562170995faa09c45cdad615243e497d86a93e36,SafeGrp-treasury
0x56232653cba67e641c1434d534b36836f6ccff67,iyari
0x5628f26c4e790ebaa787b6ed6afb471cc649f394,alex017
0x56321fb411e98c292da41f92a2029baad11bed47,Recap Time Squad
0x56329eeaa321b027d2768b1ca1b68066aef8b326,ArbSafe
0x56380442ea4d4e86a160013b413a61000ebf48e6,Timothy Malau
0x564a22cb144d4a6503856f96211d145e583f011e,neal
0x564af4193168b2fbc2526d105126c1f61133a26a,ETH Prague-mint-handler
0x5653185a049d821340a7901e1618762a6716b497,Circles-Faucet
0x565eee6cd5152e981bea6515c7a792ef74361524,Siteng
0x56640d8e37ac29d33dde9a7248bac7d21ff2c92d,Max2
0x566a271de3fd758655dd24075b7e9836fc5956c2,HenryQ
0x566c7dc60f558b9e25cdf6105039acf2690d7a00,Darragh Coleman
0x567e749144a47aee187993cbb8dc3b66c7907b71,Blackhugo
0x567f303c156fcd197248dd3b7e8db9b24c169693,i2e.nl
0x5682765ca3eaba6f4dd953067bad3fd6246d6468,mochi
0x568ef94e87d2453f6692a4fb1a9b544bbd342b4c,tre
0x569640428ce3da72e6a5d43b52e40c28db18eb82,circle-facuet
0x5698d63a875a7e3670a6e49584611aec4198813f,Lavon
0x569e03f81986cd7a21cc5a6b96c25ef454d416ed,ulXlu
0x56a109eb107a27d2d9c7440551f473eb79a68e07,Grazvydas Kontautas
0x56a247c0e31d76d072799019f7ea555d67ebe0ff,jxnis
0x56a502ef60dc612dbfb8c8be3ec9c1d3e1f44707,g-minter
0x56a7ebd7c6216bdf82fbb7a8f5bae1bffe3cc252,kayode
0x56abd0d7d304961eb269e922b57ea970b23e857d,fulldnodetest2-lp
0x56aeb7d249bdebb2c0720a4659bc449c81689236,Ξugene Aseev
0x56b223e73677d4fbccf936c4c5bf9f463e3436e1,Lottery
0x56b76f708fcbd31fb1e7d3afe7935d6636775c6f,Steve Brewer
0x56b9333046114f69ba956e2c34ae06e1bf984f30,NewSdkGroup
0x56ca273b5ca3766b31e00dbf5b1ff1f6a2b1afc0,Caoimhe
0x56cd1cf59fbe0d78e47c833131a7d780350d9ee0,0vni2002
0x56d0eef7092f11ebf71ff0e3289d13a9a90f3051,Strausberg-mint-handler
0x56d277efe7878d72897d6761c4b8016b09cc6ce9,Bervin
0x56d59ed6814dd02d67db94632c41588d81cea391,Bashbally
0x56d8e36727638ce4863254ca1659e454483c2d99,AIRBNB
0x56dfa5eefc7f19ae9fb454b382e52093f3b979af,Mari
0x56e59308d2840ae9ed2302f1e05a36f3247aec74,Astronauts-minter
0x56e6e4c46a5eafd6fa51481155881c4735497986,Metri Test Supergroup-redeemer
0x56e9931b962c79c10412b183900f0dae3353c8b8,Drone
0x56f2842327cecc4c9fdb16ebe29c0377ac7f5ac9,Demetrius
0x56fc0cedecbe71a7b476f270bfa109435c9b6ae3,Chikujoin
0x56ff049960799db22149cd02ba37cf089a757d97,1inch
0x57014abcf0f728d7bcf241aefc088fe2b5694536,Will Circles reach at least - No
0x570ce7819b460d39647a4bef1e11ca2d2bcf5219,testCustomMintGroup-treasury
0x571196a4644d786e07f7ef3a71d189f21e80b137,Emriz
0x5712bf3cfbf2907d8e6ff1ebdf4be64d10017723,Jlschck
0x5718801f4c8928058ae62344e661d4dad33b5dc3,LogGroup
0x571f8129ae1e1dae9d1f35a0e3ab9f477a5c1b49,Frithor
0x57204837d35714346e47b01a3e9d4718d2aa6beb,Akagi201
0x57204a20bee319cadc124b273727fae5961b5df8,Tamini
0x572c21db1b2df18b23bf3ba85cd51bb8697afcb9,Circles Indonesia-treasury
0x572e498b38a6774fa36ca8a25b1845caee18a71f,0vni109274
0x5738ab65170fd3a6986a6069b79da70cfa0daa39,PETROS PETRIDES
0x57451669b240894c03c51d9a27522a45bf47ca3c,₿I᙭₿YᔕᑎYᗪΞᖇ 🔆
0x575063f40be3eaf1fb020a72fc2a1da2cfbc07ca,DevilBoy666
0x5756634907559ae331fe8547b75e44a192ca53b6,mrtdlgc
0x57632429a22ce69aaee939e6bf00c3fea1c73153,Bucherons Rentables-mint-handler
0x5764b9d31e347d7c59ad5e31945a9ec362ea8aec,Gianluca
0x576dc0a04ff3c3be4ff3743922e5b048eccdec58,test miniapp paygate 02
0x578c4cfc99839d9771426d832f88ec57768baf26,goran
0x579266bc8ab403b44620bd835654843cf3e90acb,Will the median price of C - add
0x57928fb15ffb7303b65edc326dc4dc38150008e1,ernst
0x57943933e465c49423883016fe3d0bedc3871881,test group 123-minter
0x57b926683ce39002ab75c26a683cf9fbad5ec9d9,weeke
0x57c1b36f1e5070f47e9787ae0a8df1fb4e17c572,Alexandre Oscar Koehler
0x57c436393515b1f72746a7bf0ee3bf05891182cc,Vonda
0x57d091c9e781b1a438134e422cebfbc0f2dfdf83,Vault Org
0x57d4a6714f3b058c2c9e4e862d60f24e6fb36860,Sunner
0x57de88dbfd1c78bf38513f01d3fc571d2b187297,LogGroup-minter
0x57df6db0ea618542c7f1fb78eddf0bc1ae78d37c,Fabian Ferno
0x57e4b35938654918e69d6bdbcb6e04654724ce70,Nikolas
0x57e7758de96481e2ab21dd93eaee3a4a55393bd0,Circles Helvetia -mint-handler
0x57e90b0f6e046462da1b4bc3cc022e2a20196583,mrhodl3r
0x57f09b9d148bf1f94f8950785900b7e05dcf9b3c,Will Circles reach at leas - add
0x57f419d38fb95400a0a8479b16891d36f09b06e7,ScoreGroupMintRouter
0x5800824c5e739bd86a54526f0c05437ff193b5e5,Igor
0x58017df97eadac1e7f7338613e212937c612fa42,ddpunzalan
0x5807a9adc996411f4ade1ab737a7a7769e176c46,Gabriele Sandrin
0x580d2176fcd72b473cbbca981e066e49504d2eed,Gabriele
0x580e8463cd49c6914019bb020f90d56c8e6ddc74,sebascrypto
0x5811e690830a9c5c5fb3fc9031300cea5b0e054a,Linsey
0x5815a4f804d15be5175e7b4e67e21bcd33e1c1df,Gabriel Guglielmi
0x58214ef7e6b4874aee647c4ca59422dc98e3f3cd,Nuno
0x58223e3fec9a8ea4d69755b20a6a0950045d489b,Ataberk
0x5824cc598eec4c1e006f83ee8be9ba981e983f0e,gabriel
0x5825d4f7d933d4dd09e0dda03aee0c14c456871b,Bartolome Montejano
0x5827f051428bb93f6799dbe640a80aea56223576,DI Gudrybes
0x5828383433e047336673d64307da1a18394d04b2,Nheil
0x58306eec016273c95a9550799e37b4934210c447,lore
0x58312800771857433857be48bb1dba90eb6c9362,testcamp2
0x5835ff22799607b76d7452e7c98fce51f2f01309,didierkux
0x583719411a247cc2b5da9c0fd0ae9c22cb0d2cce,ayana
0x583ffa6f94b17706f01ed7a5ca92389426e36bc8,Etherium Foundation-treasury
0x584325c3dfa1db9dd25c601d003c7b571794c2a3,Zeta
0x585101b6f190d9df1c697a4efe5c6286f1215108,KOLTSEV1
0x585b2547ca0b235b1680c825ef9942432522d149,Divyansh
0x586a09a017569fe84f9e006ba50058baf713a9e4,0513
0x586c8734a2c7964c546a7fd71ec254ac70c63a88,C.Wright
0x5874259310c9dd7f22c08b8aa6bcef603155c76b,Annamalai
0x5876c7ef72ab7a482db38645995a4982e62da293,Mckinley Rubin
0x58832786279c52d833b60cde8e117ba760e35c29,towo
0x588a8d94e2201a2d61e52ee045b5da078265198a,seb3point0
0x588bee1db61cbaca5ed893dedbccb164441b33f5,sablotin
0x588d1303e9a4ed9511f2958cc75f15a2fbaea13d,CMGBaseMigration-FullNode
0x5897cd239d7977920a7f340ef6ed81178b52e72c,ArbBot
0x58a9150fadbdc96f102099ce2737b10bef3b00c6,Luis Caro Caro
0x58b3e942211aa9b4a9c7e3818a81a16f580b4a5c,Test New-minter
0x58bcad2cffeecd03179f9cf7fd111317cea34b9a,jaguar
0x58c501da8e501ef12a961204db547e9766576c61,Cathleen
0x58d328c010f04adddb01c3493b79644f42b47f4e,Julius Chavez
0x58e2b5a3687274fc96018c79d19a7d3380393d1f,danyunder
0x58e4b8f45ec24f9638979df7cb8fa583dbd3fd97,mani
0x58e78d9fafca0a6e03da3bb57ac5ac670e8eaca4,Rufk
0x58f651807ebe91fb7954ad211852dbddd6909ca6,pkstest
0x58fe2ddf419fe524fdb8a6587d4d8109004096dc,Lotti
0x58ff08b946be7d5ec45a159c35c83faf1dc933eb,melard
0x5906a18d0b7f34cb6f2aad7cdbe46b0d6117722f,Arvis
0x59075e386576d770083748a5b474b1c5e7f99af2,Blockscout
0x590bb9934d9fb597c7d3783fe7afa635049d0bdf,a
0x590c215dc2e5513b20cd0fb5a3a73957703b8bc2,khao
0x590f7642eee4fb00debd8f97a01faebed2d3da7d,10 USDC LOTTERY
0x591b3e6056a97210de4d2a12a62477154697069c,Deep's Test Group-minter
0x591c599ee58472323e83236152f3f06ee641b431,CryptoLuc
0x59294cf8af2141b34df2e8e58162eb06f6c61c6f,Cort1940@gustr.com
0x5930df149861e2bee9260399282461f0bc0c6b05,TestOwner-minter
0x593305343fad95a122855bff89f4028ae7e04d34,0vni09201
0x593692134cdb4cbe6af56264b05184a02df9a93a,aleksei Esaulov
0x59431a87e0bb53bc7bdc5610b51181f2a6cfe22e,santana
0x594eebf368d88e6cc2c5ff508d43b943a626ca68,1inch-mint-handler
0x59534bf9e7e39121cf9e839f9912b322b70ec312,komomok
0x5956a176dabeffa19da908d421feb118b64c9046,iceburn
0x595dbdd25eb0739e434ee98d2a172cf825ff8df2,yodlers-mint-handler
0x59664f2e59499a870cf07b4565bf8e7403c649b7,tonychilla
0x596cbe7628c11651069e3f1e340a7897a860d517,Ksenya
0x597400c5982ad5890e799ff43f081c59695a57bd,Ann
0x5976f1fcb4b6fe3b638243b42e876aff79f6dbae,Seun
0x59790946be9e9cd1a9eb9a023a85ea7f6207a473,Miroslav
0x5987295505ee3e65723eb61fe3396939c61d0c4f,Alicia
0x5988558f25c6fde1f66d735bf50f3c7de20b0057,vpavlin
0x5990a0bb4e03a1b136557dc16e0a9cc1cdac0b0e,dineeth sai
0x5994115e4e4658ace7875764371ad90091986a47,agsola
0x5995a117472f3c1576d573541e4586b470cf5ab2,Test
0x59a49ce518d26f79cfdf1b58b9ccd7dc901c8343,AnyaDobrev
0x59a5a1aec2cf461c99d37f3d93c4347d4e21f1e7,Freda
0x59bbcc4fb5f7ae118bdcfa6872abb83235898cad,Figue
0x59c0015f127c83d1fa7b5a455bb83a38e9f75975,kilo
0x59c9c9e3c64de3db2614ec13abb404bebaa00001,Parsa
0x59cc02f307850fb88e8a5e109acf51f55d130ecc,James
0x59cf08d8f86dd8a19b71f2dcd8ed71f9c2a8a9da,IhoRxM18
0x59e032b8169e1a2e2733b338672ce649a8b5bf42,Will there be more than 500 - No
0x59e0c4725ce164918455e2943ebf6b1b04bb8e90,Jessica
0x59e4a8ae34dc15549431f354a9da704e9ce4f946,raphaelle
0x59ec5b2a2341996bccd87159dcba9a887e8dc24e,ggwp-treasury
0x59f0cd12b4d9c51a75aabb8903d793676044b436,artrix28
0x59f4a66adca86e4e9ba0b5efb24dd913f977a0dc,Denislav Tsvetanov
0x59f921ae31582d6ecd5ffb9f7d71056a3ddfe190,Circles India-mint-handler
0x5a05e6e132bdfb0ac72f01dfb65c20f594d4974a,Gadi
0x5a0c0a6f421ea8e5de2603f9b36a820d9d24e596,Léia Lopes
0x5a0cdd3533b5673a609df7702b77d37835b9c2ed,Viviane
0x5a0f47165a557eeda41027837ba71191368aee49,Test POH1
0x5a1d065c6e1d5344b98520373bf5a9e3f817aca0,Tara
0x5a22cfab0f8f99449bfc046b3673313b466a4496,Goji
0x5a24f168645a24bfc9145a962643de82e933c0cc,Ahmad Bilal
0x5a270a7ab98bd33c6ed43b09d200c1c1d0d5f6ea,Anahita Chowdhury
0x5a2952dd68102edc90f4da201bcc0f0fa9119f3c,GroupWithoutRegister-redeemer
0x5a35a307f9b22b0d9373a9019f67d51af796448a,Rolands
0x5a3a4f78883f340875e367dc3f78bbc35a6dd4e4,NewSvelteGroup-minter
0x5a416222f1829436e5529b4a320d32366a645896,3.16-minter
0x5a46d6ba430a2a0c57ae8bb8cff37547f65d0891,Pavlos
0x5a47121aa8e40529feafd3c387161db2f2eecb1a,0xWizard
0x5a520c02c9bc550c48aadae4871707a0355abbce,Ogunbunmi Daniel iyinyemi
0x5a5956175f07c3ecd3586f1b3f81b263ff2445dd,Will Circles reach at least - No
0x5a628192f19879cdcac9ea1440b3c6af50c1d8e4,Suzan
0x5a67650d6e019176be6eaa79d32b141c6179719d,lavender219
0x5a7a30d654a9d39605df8535e5f0affe5360abee,nicolaslaw
0x5a7c990fd143ab6d825fa07730cb3b0905a70c92,eerher-mint-handler
0x5a821f1d23553ca6f7367843eb9939284993ff6a,KennyOduro
0x5a8d2b29116705428fa1cbe97cfdf955d4b9990a,Will the number of CRC back - No
0x5a91a8c2259e680c23d277ed8a61da042c189025,kpk-gno-test
0x5a94eb247ca63b3fdc01f7fdd360d9d9a8a56f8f,hadung93798400
0x5a9ad2e2d4f52ba4b49aa89e80c6e2bb795a0c45,nameshoptt4
0x5a9e996b83b79e7d461d82070aaaf9626d2d7d0a,Richard
0x5aa8a53c3298c8044450554ed69c4e11f88627be,julianpark
0x5aaeb5edc800626b1830f5467cd461be161ca409,dev pramoth
0x5aaf8d5372e1d134dc6d544830d7233c32716415,morpheus
0x5ab6e91413d2d7cfe451d5f23a3a66d6c38c1706,Jan
0x5abec72a3ba20f3bfad9ea9eee553bce6bc78e1c,yijin
0x5ac151c8461423e016b97ec5b5caac3d140fee0b,poojasanwal
0x5ac1c8b6c9bcb8d1a8ef4fa5484738877efa763e,History Guessr
0x5ada4240168d1b198f21348da7ddf0dffc08f2eb,TestL2Org
0x5adba33ce28ca124f1f4df663cabe47a720f8022,romain
0x5ae027e8fcc96bddb4a8c38333ef563d34f39db4,circle-facuet
0x5af987ad2b80ff4e73fd0e77418bc30d32199887,Shelly
0x5b032899f286b57b7b15db5f0d3982aef2d62191,dddd
0x5b047820a26d72c029b52dc13a7fba5b2aea553a,org-group-treasury
0x5b048612c6e192fb69f4f2e2407cee8835119baf,Marco Antonio Mauro
0x5b0c02234d25b739d56a9d6ddd6b61508c55f62b,Cheyenne Atapour
0x5b0ed21e5fe53827ab5b005a2214bc9bf355c83d,@benhoush
0x5b17b07744ace4ac048caf3535bbf776790731d7,Circles Pioneers
0x5b1b843430af73c8abffab58748536551393eb32,Petrrrrrr
0x5b1d49cd4df88b7cd53865258d924d6f9747a8c9,pino
0x5b25270bde50111135f915b8b1f6cd14d9f47e05,SvelteTestGroup
0x5b3163edc36b57b77ad9490949598c4af57cc978,0xdigger
0x5b3611652ef8e1f1efec39f2b1165ed86f244a31,Will the number of CRC bac - add
0x5b37653e7d0437fa1ab59063edea87c647921d13,Fede
0x5b37f6384edf4e1c947e694a8c3becbb3ecfd748,RR
0x5b3ac44cca401d3dab5464a1d963122e611efa3b,twopac
0x5b578b38766f3dabd3a3c214ed1cac400af32b5a,Bruno Dias de Moura
0x5b5e4763735c4e8441a8591caffc2e6a6f6d5ae3,Andrea Amenta
0x5b65d68eae39b64bfa59ab22a48aec001b5804a4,adsTest
0x5b674a27fcb26f3f69022f31b977d3758e3f0e4b,Assyl
0x5b8cc85240c385f7f879a363fdbbd128077dad38,Thibaut Sardan
0x5b8eb761cc4f6db7e65594bdaf6630f217c84bf5,TobiasGroup-mint-handler
0x5b8ed278ed8082aab87626204301d9ae6a6b3044,Sew
0x5b8f2d7a80bd3368e75686b5d3beb053031451dd,Nerida
0x5b9129e0035c9fabf23ffb7a003055deea618592,Hallo.tw
0x5b977518c5dce83a15789f24bd29a946ac5f2a9d,Pablo
0x5b999d9acecfc4128dde9869057b4df2b25ba1a1,1xBlanch
0x5b9a01a26385fe2c3d87a2d55fa53ee335d0fab1,dungw35
0x5b9b3868074682d96187ffe7d9c2c2afccaeada7,VeBetterDAO circle
0x5bb04fac3a6b31cbf5f385e76dfde3a4a34f4c33,Danilo
0x5bb24026db866256255ad9ab87d2c9705a40721b,Olga
0x5bb5f455698dcdd3a15e27f2b398a327eb325225,Pablo ortiz
0x5bb679a46b7d941ea913bcd73b0ef7ebbf73db0b,C4ptainC4mp
0x5bb690908b713e6abb15d030294932deddb8b2cc,Jesse Friman
0x5bb9378c7889bcaa95aa5f4f42da4b5e91908742,Michalis Bairaktaris
0x5bd2d59364ffb96d4865e58fbd4176045996d032,Alem
0x5bd56499a77221a2d06858bc41567a46d0bbe932,dora
0x5bd71c508e723dd4df052c71c94e7f29a3b6c400,fran1928urrapide
0x5bd8669a700565a5237671ee33a5cc4cdabf01bf,testit
0x5bd9c7a3a38eda850ab4327962b09725d52fa0c2,BATIKAN BORA ORMANCI
0x5be0064c9e435c90935dddf5f23c84fe12320387,delos
0x5bea2bd41c6c33dd9d482ac10d5c07fcf76b0d8d,lesliegon
0x5bf9ab6c1c474fd252ff7c8e265e33178a02e443,mohammad
0x5c057fa790048d521f5b405ee1b03a6bf1deb583,savvas Mademtzoglou
0x5c08dd1af321f039ad81c689306b3cde90721647,ismael
0x5c18a4c128b8d463cfff9255af918de56c626476,Tiago Silva
0x5c1db53f8c3507af452806a1a8741960dbce1a70,ui demo group-minter
0x5c2a8341c7f9832364cdd4494f05dc50e29dceed,Astronauts-LBPStarter
0x5c2ee6824c72bb961111c2f21413eae3f634dfe8,andreas
0x5c48d83a3748835adef97d3df7e743c6a1d57d99,Blade
0x5c4aa55078194d649cc13cad6a27d2af57fbcf1e,inlee
0x5c4bec5413e112dddda7b4d91ac55b9a727ec61b,Park Mheggy
0x5c4e723e95e426c5cba2d39b63544fab1af0e9b2,Hatton Margaux
0x5c4f12c4b25830abf5c075699a45a133cc0c2a54,Melissa
0x5c515b265de069a78081d64dbfc2a96bbc888b37,luigi
0x5c559907f358f6dd9005f8f27a08d715fbad61b8,riabhana
0x5c644509f3e9bc3a0b8eb51d7bc31a4ce67486a6,r4x0
0x5c6889dfc2238d523a8d6b30fa8d506ca45585a8,Shayan Abbasi
0x5c6e903328e0f37b3ff3ecb511b71c516ee4e0fa,leor207
0x5c72c9e2ced0c9b8fdc925f63846386c3946c632,Kelly Ribeiro
0x5c738a3522d2c32eebc7ddc8e69fc952e61e9bf6,1xAndrea
0x5c746355cff9b438635370f431669e73e3896576,CRC-SepETH offer cycle
0x5c76585afcc8e0139fdf6d2fb16fc02e3a7d5997,Arbbot Satellite
0x5c77b5bb5e3e40e79686798440b0e7609fdb9dd2,Carlos
0x5c7c682109097d73195042725f0a733e101317eb,Will there be more than 2k - sub
0x5c7f334beca1468edaa0f5ea311e77a083eb0161,0xnenita
0x5c7f8b0fa3c182c1a7f0379b2bdbf7076fab2dfa,Alphonse Nazario
0x5c87d6e87bffb2bde6a526d9ecab000ba6e48fb3,CRC-SepETH offer-1
0x5c92a9316efe5569be5a26adeb0b295e703ea445,chris
0x5ca73fe3294129b4dbeb8b975433a0936ea3241c,mutiks
0x5ca7db065cd6b2fe0f0f99454a18136631016613,tom
0x5ca8d7ea5168466d8f3876e3a80806cc6a9c207e,Gnosis Test
0x5cb4b0eb92459ff27944d09cb3e9394a74a0625c,The Circle of Trust-mint-handler
0x5cb64ce14a7a9463dc5b9c00d581f392154fe3fb,DEX
0x5cc0f7b95f467490631243a964107c2e3e36f0fd,philgiese
0x5cc43f7a3e61d7d51ce67b492e80b62a3214668e,taylor higgins
0x5cc936c6e540a993ef3ffacfa185d6564d8cbd85,milos.dugosija
0x5cd3bc1600efa091013315d0900435a29bd70381,luiza
0x5cdce77e1ee0db3e4a948743040cfa8453600d37,Simonas
0x5ce2ff6c3d572cf6996f0dccd0e562cb2520d351,kingy
0x5ce87a01230426d58d2f406e12cc697eda65a812,dennys
0x5cebdda9983d636c8a2f34651b45209cd260a6ce,Martins Test Group-minter
0x5cf125cef59c9eaf67b27f02d6482583ebf8f282,Marie Bursová
0x5cf364b18746c93ef22ff66e2b2412e601dbe1da,bernard
0x5cf4e8b43d7597e12440c4cbace56346bbf7a432,Heart CRC-treasury
0x5d033356cf431207ac72f3b48a86db0ebbcd6fdf,BasGrptt3
0x5d0f448449ffac7c8cc4ec875c9fb900284489ae,GROUP LIQUIDITY ACCOUNT
0x5d12d996fd0e5a3b02692ae5675995e68b6f25a5,Test POH1-minter
0x5d1d88d54c999f65dc58ab2a2023d36a8c847649,0x5d1D...7649
0x5d3f311ff9d649bf78026e8054b26ab15ca3403b,BaseGroup5
0x5d3f6e3d866787ff7159c2efa8f72c19394d6aea,HENANXUCUIQIN
0x5d523a8ac0bf589e915cb92d068ed12a0fdd5552,meowy
0x5d54e187df981ac10ccaf850c4bed01350d91a1e,charliewonders
0x5d58f588b275395414ddfaca26f633965345d90f,Jerrydale
0x5d5b74f309a0f0a53730d0a1f214beee5572e6e0,lecascyril
0x5d619878b0f95712913ba37e3447bc87c1d582c9,conspy
0x5d6decf56ff640a917f4026a4977f2761c5b47fc,Guilherme Fontes
0x5d747f3803c5d28375c5224566eda8ce52a23ab9,demo test group-lp
0x5d77b6b51ee48067651faee9b80987e881c3312b,cryptoshrimp
0x5d8154619ec5e41aa01ef9b664a543e6a915b292,ajmaurixxx
0x5d840634ff73f9933552ad38882a0198e240a519,TestG456-group-treasury
0x5d8735c3198c51d41d92acfa3ad27757ea17b553,Youssef Jeddi
0x5d8f3dee7c7af2bdf7465905ebba1a20630df8fa,tert546
0x5da2482cc772d2c571e744b192927c9e92d1e742,UUU Community
0x5db8402aaa135f409bfcbbb89572469330721741,bravee
0x5dbff1ac5d24ce5f316e4f95723c18ed0d93ae98,hifil
0x5dc1726dfa36f3a16b96489ad54589a815b74184,tuman
0x5dc40a99351b0516205a33877d7e8b896ad78892,ingoCollatz
0x5dce8732b9cc8d08305f47032e72d8cf7ab29031,John
0x5dd0676a413eb782d0028953e576e734ca11ff87,james
0x5dd0fbebef25d1defce5f3e42e271765818cd956,AtomicPersonalArb
0x5dd1bb47b5dc1b0b9645ed5770539653ff6f96c0,zerion
0x5dd62b716c74557b7cd1d415f938e0942217f4d2,Serge
0x5ddd90947e39261fe9247ed0389b92145cfc80fe,Meermark
0x5de63d29d2e7da93179e8cf127e114cb52f95049,MRQ
0x5de71bb1aa9dedd02118f31daca5ca0d9289bd6f,vennie
0x5deb7e6e33de17ab132ff656ed47324d2fd4db02,sammy07
0x5deda1777128fdb2a1ffe4f756624ead7e266226,NFT vending machine
0x5def9309332d9531073237ce7202679f3d02f14b,Almantas
0x5df71a487829157059b550e94d58b5e020dbfd0f,Joonaas
0x5dfb8df191f2f65c1aa05fa80ca49b45f92286b3,TestLottery
0x5dfcc8d74ec6a375de22965eca5d31fdd06e2466,Bankless Academy-mint-handler
0x5dffd893db50113b21426fa016e049fadf58ab5c,Andrea Giordano
0x5e0743947fb72b28c56246bd80f4c6ce5fd3ac76,GroupFromPopup
0x5e1667cb0a853fa3b78115c1e425e26b082bda77,velkyros
0x5e186d1b0e9aeaa1009784140083a4d32f94b075,Izuchukwu
0x5e189b027ca8beebb37578ada5948e03c494a8fa,joie
0x5e19e19f95d52a78b5a69e2fdd3fe290ae7dc8a1,0vni10932
0x5e1ca16168169b54adf9dfacfdef87e6445ea5ad,MM
0x5e1dc580f3cf01932fbe4540106443fbf3ad0f56,ΞJackΞ
0x5e1f04ee3d13ad37542cf9f291ccdba33c990d39,Parom1930@fleckens.hu
0x5e252ad56d079a85ec991b1d50502d2d7d13fc19,TestCMG-02-minter
0x5e29a17f43c67c5474e7a5446de2ab7438d5219d,Will there be more than 2k  - No
0x5e2a0cb1b4e34ed068354fb64827f7a0e8068aae,snif
0x5e2a489df01ac9fa43ba9158ddd314c186872928,abdessamed tahri
0x5e2d3b96c4047fd40fdd926ed972d2c43c75a2ac,Leinss
0x5e39ef916901aaad12a7f7cce0eba090ed359c22,DEMI
0x5e4a966b628b0325dda7c3b5bd9f9a9091ce302e,Chuck1316
0x5e5ffe5063ea34d9565bc6737da1eac57c7bfb90,Custom group
0x5e6865f899779e121413dcefe7c0453240965d7b,Jean-Loïc
0x5e751ffba6a2cc63be03f98c433556cf32e5db39,Gnosis Guild-mint-handler
0x5e84f81bdd5f447c0d55b5f6cc953ddc548dc98f,nevastap
0x5e89bb80fe1870a5b602a6f5639a1810a5ffc286,jztw
0x5e8d523ecc2613349289f9aa4ee57a9efb03399b,mondocom
0x5ea110f08e5316ba671b3c0a96afb4f72b557f5b,Test POH 2-mint-handler
0x5ea6cd52ead6e85c2423d9f7ae00f171480907b4,jack3
0x5ea7f94ce7a27efe8af71c83c47b0b9b6fe8b6f8,gilfhc
0x5eaefe91d69c127e6ec401cff6e60fb15b50c439,Circles Pioneers-treasury
0x5eb4807250e71d28daa164be52d232762233b902,1xMajor
0x5ebd310f7af1bd4f51ab38d78ebe0e85ae493bb5,0x5ebd...493bB5
0x5ec6eaeeb23a7bd964123df3bb33971b94393365,charly@c-base
0x5ec8f63b7d4b1a74e416ed3ae7be1a96957871b8,EthCC Circles Shop
0x5ec9e697178702ae052b7145efbcc4dea017d711,NXNBTB
0x5ed1b6f6b04b67237e41a0be5aa54cc4abb5e974,s0l
0x5ee69533f503a596f2fdc9bd1e3750460d9a7caa,Test Self Group
0x5eec99fd6c07efe18794ff6a08003903b65460a9,Test Seller
0x5ef1f671e4d69b1f62906348355d07d093586fcb,f8group-mint-handler
0x5ef9c8e2c8509be7ce021ee7658b8c82a8d9bdc9,CNC-treasury
0x5f03c79ea14943cbb3a71dc82d5a5c286ea80b73,ZANE
0x5f044f8c16dbcf43fbc252b32340b33dda2df9da,jazu
0x5f09eed3c0d790eeecce5b705b4ca60bfb356cd8,Salim
0x5f0e38ac07cc9628879f12fe11bea9fa56f49f7d,MINTHANDLER
0x5f0f6a4e0fdeb76c0aa63cc4492d36f52c5c4b38,komodo
0x5f14fbc72e2afe2e1ffd47edcadfebf7791d1b84,Serhii Kurilov
0x5f168bc7e253a28fe4f2b285d4fbe1c7ff05f463,b7qgqtqjr6
0x5f1e852dd3fd5dad4b435f2cf09fd99ecf901bd2,Tcoded
0x5f2b632167e4c4497ed8938aa53c39cb08c634f5,badkarma
0x5f2c58bb6636671ca0583eebe8b2819ce7e33974,jack
0x5f30bfb2acddd8204abce3c0d4f3c0f1ee01bd6c,Chopper
0x5f30e7bb2aeb620e1f25648a7e90de0cb77a8cee,INSHALLAH
0x5f356007aa22c43c6aa780609d0ed0c9d8eee2e2,Nnajiofor Prosper Chikwado
0x5f405474c481f58303453d9facd308fd6fed223f,Vee's Group-redeemer
0x5f441e705c7cbc0ee672172658f8f3da5692098c,Yaro Svyr
0x5f475bb27e8671e5fcfe8b545d964f3703de3454,Shinaayomi77
0x5f50639db32cd7cb03a64735925ca2b1b7bb7f75,vasconsa
0x5f63502eff0a4627386a1b43401b186a87c73157,testit
0x5f668311e2c27d11c1682c5cd936df4fdd346ae9,0xglitch
0x5f6b5010a3135818cd57dfb3704ee24f4563e40c,ramhari
0x5f6de2404bc5b67a760c6d7f07dfa52a502a8f37,jmjd
0x5f6fd7187ab30363e5e6d2bda9f3ef3e04cb6c77,MESSENGER
0x5f77125b633fa1e5bbf980d334de9904bdb60b23,fabiana
0x5f8544809e142988e9b4c91ca781611d9609a743,LunCo-treasury
0x5f861db186b3abdef2cce48de0c01780f7e1bfee,ales
0x5f86332c22954702f3e8480f2981325aa9801491,ragana0x
0x5f8e54c5fd511fe0fcb7baf643e485fc5ceacdbe,ioannis Ioannou
0x5f9818c689b225b75c25faf5586a77b1839fc15c,Mikolaj
0x5fad390cfb18d194dd4f3fd25f9947587a8226b9,Donetta
0x5fae99f75f22b96426df7369e8c2eb128c763c60,maxence
0x5faf88f256c7cacaff34bb07c7e41deb22fdc81f,jaensen's payment gateway
0x5fb312265cbf1d123191c5f037e10920c3af001b,Will Circles reach at leas - add
0x5fc2e58d36ff375ca20cef4f88cc5ac0d607380f,Discord OG Group-lp
0x5fccef8f540b1bd5967d23edde53506968d973ec,TestGroup-mint-handler
0x5fcd22b4c918cb97213cac3caf999d03dd3e116c,Patrick
0x5fdb5843c75c75b8f3d04e602fc1826ccba461e1,epref
0x5fdbdcb726d5f67623a2302e23952f5d7f19bf84,arnas
0x5fe48f72e812c1b85892ee113a866e18c0bdf52a,adria.torralba
0x5fe9dd393296b380402aab3ea55af6503a690992,Kiddmetro
0x601c6aa0947c72e50c7bd2a28940ef62671c526c,Olawalter180
0x601d89f574e336597936d8c9c9997f2f72abc0b0,Kim
0x60213580a1f1950255fe6b341e657842e1b6feeb,Strausberg-mint-handler
0x602dabbe2153acee9dc0d18513569b7fe8c1cb5c,fabio
0x6032d58e060ffd71676c15335e8422194b244ff7,0vni10920
0x603953f88a9e00771889e3b9e2a996dc8081eb61,dedwasd
0x603f92824b7c9e81340258ecba8f33b0f0d92346,kaka
0x604eea464cdcaa612bc8b43a3646a8816809fea7,donnyjerri
0x605a264f60c0356adf7e6f7d1ec393d9e7805dee,FlashArbBot
0x606306ad69f4fe48aee5908e8934aa44e37ff805,Space Cadets-minter
0x6066e4a053a2f0ea2db004ca161e91098876cd89,TamiCunami
0x6069de2ae4f639a60ba648f235b91b8dafe07d29,Bea
0x6075da358654cf44528725496386c4976be4e27a,chris
0x607fb9124cbc6e0bd2ca7d342a8d957e4fd00e06,Org org org 2
0x608010555d60c29909de8ba39eb882a09db3dc87,abc-minter
0x6084b8841e8746ad8a3250ed4fb38620f842d058,Marco Repolho
0x6088aea088f259face199d530ebca2dadf94883a,carol739148
0x60896cbd96ae17d2d0c2bb0f17e44b08310d7d20,dev10test
0x608d53a48a04103cd515101b4d45eab611d50ae8,abc-redeemer
0x608eccad9bb8c7c1b3d1b8aa09d7ea958bcc2eb4,pjfi
0x60933af5b36493aa4d11a17d33a6a9b0ebd365b9,FDB and TDS friends-treasury
0x60938ed520307a76b99ba2d0722755c877ed83f1,femily
0x609987ed22a8c12b376de49e24a492afbcd83185,Subi Group-mint-handler
0x609f35ed69291fc8817b24e8965aee2a49ab75fe,CRC-SepETH offer cycle
0x60a22d97e16251526cc74732598e69967420ca67,Glenn
0x60a78283829d8268370471f6cb6e41f2656aaa15,huetar.red-treasury
0x60a81aaaaf9e45386b2f7981042904bb8bc605b5,eltociear
0x60aed1c34f4a97eeb6fc768cff3393e2e1d8ec26,Quentin
0x60b1a9f3133d445c59f325418ea8e93c161cdba5,Katalyster
0x60b4e30e9de16f91618392083ebbc1aefddfa9c5,Amr
0x60b9fd49769973c8f8d9fb59eac5101d3a6a9d61,Jason Hammer
0x60bc664f9fa195b6d50266df9a18fad05485fdef,Cap.Smiley
0x60c15e981da5449691f60ed7af644c616f4a0a00,niccolospa
0x60d10a16467b8d317f2d0d5cd2fdf567ca5f56fd,romantic653
0x60d3be9f084b4e6d81587b517b202da5ae59cc62,Metri Testers Group
0x60d4b9d75ff1e2c6d8b87ef400e44978c8b478a7,Georgios Kalogeropoulos
0x60d83cb774261bd6a1c8d3740a0fb9dc122496a2,Ursula Westbrook
0x60ede8d0516618951bcaec24b8f2151b578b3f67,Cesar Nuñez
0x60f0d384eb75aa3826fb1ff25fc321651e5eca6d,Aron
0x60fd0a65571446161ff1516cbf4f38e42664790c,Fran7i
0x6109ba09e78d1162e3a1304c7caf3fd7c0e52b8c,0x6109...2b8C
0x610f4005e5aeb293e2e7271b040a40f451786450,My new group-treasury
0x610f9aea7a58810ab6156b24f1a4cdade6704641,blue pale dot on blackkk background
0x6116f6ce91412aa3aee8968732da61272f6eecab,Shanta
0x611fa9dc852408ec729970d2f652ba2c5721cb34,Ahmad
0x61214f7421b1904c3133b753adb90125787ffffa,0x6121...ffFA
0x613dfb12a5f036ef792d0b1282be3f0a4d97f398,flatmate-treasury
0x6144000ef7c0889ee6c237185898182552ac191e,0x0jojo
0x615ca9186738ad72fe00762b257a7ef2ad98115c,Julien
0x615fef0d909f348401fd7dea0662393238347fa9,daniel
0x61636737fd0822d5fe0cac90a5131bb74275bb18,blakesteven
0x617c071f2d678c3b7f0a9ea52b9b87eb41a9f25d,mokelmoo
0x617dd9906315f912ca0f791eed9e4cee495cdbe0,My Demo Organisation
0x617e33f105c8d91128b4b38730d323a95c1c68fa,Rui
0x61803aa0bf7fdef8e41578c75cf693e489454234,lovelyjames
0x6185b03ba2d08265b7dcc81a79f4e3e7ce13b0a7,CenserDoxa
0x618bfc4ca108a909bdad4618e72a925e6eadc75b,Eniko
0x6192ad3de4ebcd669c2eb1fcb1bbec8234f3ca64,test-offer-zrm-test-setup
0x61a5b92e5ddde64cfef3496a18b5fda3883d29ff,erikvalle
0x61a8dbb41e908d61479bd70a767c6fe69a92dd51,Hexlify-redeemer
0x61ad894814cb1811af9ff210b57f518530ca08f6,termironator
0x61ae371d9fb1e24298e2ceb4334d7a5815b47cb6,Dappest Dev
0x61b6a4137583c14a34faa49d432f532fdb756fcb,circles-sepoliaETH-faucet
0x61b88a5e7d185cd524f3e888f597b7e2bfa81505,pescasat
0x61b8d8b61cd2fcea96769e6305bf433d58d02688,Astronomers -treasury
0x61bf33fd0b26510f1f1858fa73075199081e32b5,TestGroup-treasury
0x61c1e9574d0141db23c28c8d488335b5878a3df5,TestGroup-mint-handler
0x61cc0d966a97d716ec5cbe02095d45aa22b28b1d,Gnosis-treasury
0x61cc8ea2a703a2e1662153b75c4842684eaaf519,Fred
0x61cda1598bf509f351a517ac11801ababcd0297b,TestLottery
0x61cf719ffe4f160314a456ad6eb96070164dc060,TEST-mint-handler
0x61d16eb909264e0943b4fdb9a79a28772398d212,Ionela Dumitru
0x61d2c55d4041f677667d351a00241d4df17b8b04,ana
0x61d58e6a13260ebb1df82d2bd195e6f345ce9a73,Jakob
0x61d7f09fe479fda17e3c7990a44580aad156e9b5,VISA
0x61db4b2619bf35457c1c18409d003e055638687e,Iveta
0x61e5c288ae4ec8ecd9a762e487bbb40511fd33fa,CryptoTesters
0x61f28cf84eacb4cd031e776b07e183fad719463f,Miguel
0x61f6c10a1316c6bb9e33ab6f426d103b758f26bc,Chloé
0x61fb58c4278a4a53bc461633ac8a6e42d0d02831,History Guessr-treasury
0x61fc63024933b5bddc1e27eb72e57e407243b06b,Metri Fees Safe
0x61fcddab65f24154d8226a2e85741e385d6363ec,Will there be more than 8k - add
0x61fe17f0879cdcc7a72952e427069256736e697b,Espinoza
0x61fef3d27e21e6385f0cfd082391a9a8781673a1,abba80
0x61ff57acb9ff39cc2e0571a4cb056a500ac18979,tbktes
0x61ff8f7c61bd8c0e970db77b5cb1dbc94dd66696,ETHCluj
0x62088049ba680e5eaa729860bd7cf5db99d593b2,CRCReceiver
0x6218e94be36971a4ed42c7b9ca44fdb7afea2376,Nonchalant
0x6225bd14c419be472072cbbcc5865e984bde797f,Nadezhda Eneva
0x622e4ea9eb6506c0685198f3d179eca0ac5564ed,lap
0x62341902e0f9941ee2edb4c0e68b882835588fca,Stasys
0x6236bc0c92021eb43af344665da713aeddff31ca,anarcocapitalistapt
0x623ec358542310d9590b04c2f7b6e131fec5a3c4,Tiffany
0x623f5acf7dec91da6a438763ff7277e2021b6ab0,EuroMax
0x6242d78784cd04e8f5c85e7cfe1a65e3154a72f4,Funmifresh55
0x6244a67f9fd3e58ea8089f1a4a55c7a549aaf397,Futura Garden Org
0x624983b7c0bf24a1ec23a43e00be487415b21980,FLAT
0x624e8a602c5fb6bf2cbc27a3ef7884d07377014d,Benny
0x62525c104aca93fef93e53d687c7efe617d42415,miniorg
0x6252efb5fe2041b561d92b339167037fa5b4bd2b,BlockStack
0x62532eeb3779fda75554e1eeece552d0a9ff1c56,PS Kudos Game
0x6255e51fc3029413283c6ef4773098466c64dfdd,Caroline
0x626389c375befb331333f2cb9ef79fb2218a0176,rotki-mint-handler
0x626464cfc4982338b4ac1cd0068c1d8c6e4dae7f,kaliuo
0x626f93adce979b0fa16dcfc4709bca636c0daf54,Lucasmith
0x627688d29d1933df17004eeffb863e18a4e099a1,Dashnakamoto
0x627de6c8faac358ba581b3b8f11917c059c009e9,Salvatore
0x6282d5559d0b58f5e634f0465b3c37f388f91469,lioravale
0x62885e7c113f705875d4cbc7ed9aa5cb757ce1c7,Youssef Mehdi tammar
0x628cf25932cd5d3d919ff139557775d8b046b9bf,MartinsTestGroup
0x6292e4e5f74d8f94d509c8db23e4395fe43fda2c,Cora May
0x629a5c9c79ba4fa5493e4c3674dfd37e33b25d4e,hopefully
0x62a7f6d0a4b99acfe7df284a35545e5372e418df,Joseph Nicholas Deady Cabrejas
0x62a91d6c0e8a580fa32809312a1777f818bcf925,Lumbeavy69@jourrapide.com
0x62aa6e9b2d88d492d713ee893df68420d4853975,vanzoo
0x62af98f20c55819406864b62c2aa47be0ac7887f,mmaylee
0x62b2076ebde524bb1304dc919df1f39f890fb087,cypherdage
0x62bc257f94a45e97720f95bc1347363f356d3673,chica
0x62c41d0a5710e0b4b3c5986534d3a2c44816c55e,dylan
0x62cd7cda459c8e9247558b5e634238e221a4355c,Illia Pavliuk
0x62d50e80722003c2580032dcd731a2642fb4a0c8,zel25
0x62e1056e2d6c0cd98e6026711b422f46552913a1,cestmoinanis
0x62ec355d4cbf0a68817a23c815e49a991daec03c,Matteo
0x62f3aad2bce877341a21793724882038da78f363,Will Circles reach 300 or  - add
0x62f423d518f890c753f27590944c680030838e75,NETHERLANDS
0x62f54bc2d5a08d0fa7aaff226dc245f3e93759d8,joel9d
0x62f6286d41e102c649064a24311d0f93c0aa2b77,Andreas Kaaja
0x62fc4024ecf9310c775fc50efe2247dc4d59d1a6,Will the media price of CR - sub
0x630a838a3c80335ce5f0adacef222fc90a6b34ee,Fediverse
0x6310e550437d12c210564cd45fea07a1c74e070b,NFL
0x63172821ffa3b045225b082419d05aa4b532b29b,isd
0x63178bbd087e60f5e9c5d5a7eec7e1cee63535b6,Ishaan singh
0x6319429b5d41479913a38c7c474dcb3d9ea15b24,Ildaso
0x631b583767bf6609f4a05bba5ed3bc8709c3b542,Jerome
0x631beb09c8c41debf1261d60028352c48571f3b3,123Group-minter
0x63213bb93b759ed2f324a586d8169ca96ce5140c,vornix
0x632d5e294a6e6b8e8cb043fb3fcec9176960bed4,Jelly
0x633312ea67f163d6bf769c8ca3e297fd8ba8f5db,3MI Labs Safe
0x633b626e427318bdbde1144bc64a1bd22d2dfba7,Carlo
0x6342ec50227a458d773cb11f5237e49ad0e84067,Magdalena Batkova
0x634551ed88a1036c9966a79fa723040f4f6c52b8,bhabes25
0x634b653a7007865174fa7046689554ab3e115a25,Inn(er) Circle Kasse
0x63531cccc4a05a6b2ca9b0bee134ad22695b4ef1,Philip Martian
0x635df011e03049de23b90a09dd907d19e799d9d1,Vee
0x63634fbc151dfba71b542d3d0da186276f12ac12,jeanbapt - dexm
0x6363631c719ffd8e8a7628b340ef4cf3b06ddfd7,CryptoGrunt
0x6368e63988b4be276a35260a7b324ae0065e7c6a,risto
0x63697f3d836e34c691ac68d42edd29de9c95f902,chewable
0x636f44a378da9256a128b104b1e06aa50a578f33,Fileverse Circles Offers
0x63700b42de9696d29978bc674ca9bef2ed06ed94,VeBetterDAO circle-mint-handler
0x637466095ecde361757ccd7f36f95edbef49c96d,Eliot
0x63787d423d197f5abd1ce3a98ccbcd08be2e54d7,legohero
0x6378af938433e721cfe99b8bf1e9971fcbd94922,0vni09203
0x63796a5336f7537cb18c7e192103b9764f3c6bf0,Peter
0x63840153e51308e841b0231026b8716103d965ab,root
0x6384093af9a77234acbfb515772498a62962f1a2,mrpatrick
0x63921a5d51d44ed75a2d157c74af96b7d57945d4,leila
0x6393f74cba1cf08599774738f7d6f405338d224b,Will Circles reach at leas - Yes
0x63971851953cf46ccc1ecaddf6e351b2e9544008,Aruwah
0x63997576ed5ab0cc2c09e8fb76bd33d1e1c08d7d,KwdOhl
0x63aa093813263364166e6a57ce23abf7fffa0f1a,CIRCLES
0x63b6717ceaada51e4dd88ad09bd387d4c6b31eff,Jennefer
0x63b7d19dc169a74285f8c48776345729d8625ea4,Raul David
0x63c343decadce952c9948d07e3144a9450da3ab7,simon
0x63c4669ac938733f39fc2c24a5363ffa8c042b1b,oleh00
0x63cb6e0c19ccbfa35b8e4479112564fc4fe5782c,waman
0x63d703582eb49dd020523e4c5306bc961ca82384,yosemitesam
0x63d777169d8463d442a48f2c39c59307154e3ee6,1xzohier
0x63dfbd73aa4501f44da17c31611ac9c0fd6bf65d,0x63dF...f65d
0x63e860bdfae9d308d7bef164ce31c3a08b279a31,frdysk
0x63e8b51fa9e463c6ad6c4f501ab77b1ff9b25353,veekay
0x63ea8d2bd0a9c164fc46af6fd02f0ec386cda6e5,nap
0x63f382bb6ee7fa94e902cac9932ab5c4a210862c,queenesther
0x63f3afec69f5b2b04fd799a2eaa617dbb8e41ec0,Daum
0x63f6eb08c202a31f76954918bd8780c0764fd03b,defijesus
0x64181489f148c1b1faeb5e1cf6f8c0667a5a92c4,testGroup1-mint-handler
0x641bd2cfdeb464b61c848f7ff33f4f34412720b0,ejais
0x64201dae3761131c8f58253260ae19ab018ee04a,Jouanny leo
0x6423530503b0160770345fa8d33c7509330189b1,Ejike Destiny
0x6423f94622d5e9e24ffa9cebaf441e886f2d9306,Tim Johann Stark
0x642864d8a93f6aa5f53b3c92aa4ee17c2ec19519,CRC
0x6439cb187ad0916e9ec187cbaa2a7731513eb9e0,rchris
0x643b1c95f9176b4b44d5887bb784db63869c8e79,NiK
0x644661885a9fb151a043aa5cc3f70c57bdd15cc3,TestCMG-LBP-02-redeemer
0x6446900b9719863ac3fb956dcdaef2c41b655065,Test-redeemer
0x6449c1fda0869c705d9954841383d38e65cc6a7a,parkhj7252
0x645d392972c5c2f309f8e05cf8f9933eb01862ba,Gnosis cap
0x645e0f3393f56e3c93ad572f700480dff65d48df,Dan Test Main 1
0x64688a13ed932d97cc190b2e3d26da8feaeacb5d,My Demo Group
0x6470100b075de6f603d51d30122ee0897d8e37c3,angela
0x647a99f7bfde9e4b7c81d477b6dd052006880c44,Lumine
0x64817bf2a3172449d2f38c5295138cc46f87c829,cembo
0x64834fb7ef670292c5b135b8ff072f2c5ce93a1d,Edmon
0x648960cd9b9ee74d7704349e37a43cf016524f04,Daily 100 USDC - June 12th
0x6494d1aea2a87aeac23b93f2634e582e117a9025,ryestew
0x64a501e551eb74eb88a74af4cdce30d79331a672,Deepak
0x64c358b9eeec25456b3b0acf5776f0cac7d7ee36,0x64c3...eE36
0x64d4b81867fb464e6ee8768458c26bc4bc53a4b7,Fabrizio
0x64d79fd8ba0a7f898b5b4f63f13a97b30045aadf,rasika
0x64e90cd987ccefd21fb78433b553e50509e88c45,daniele
0x64ee414cf794116ebee6660fafe0ae400336ef65,celinatha
0x64f1118a097ba827a04548725543860e17810102,yoan
0x64f663eedd5b20d3a6ca73ad834edf4a9d8b4e94,kvn
0x65068c2ef5a3b1c4fabb101a23580773d55ce4f1,Circles Amsterdam-mint-handler
0x650690b6eec0c07abd3fb1a33212e7d11d7d7bc0,nyomi gootjes
0x6507c1d69ece9aa833b732d88ad6f0e0fcf288a6,TestGroup-treasury
0x6521d760e685782553be0fd9a6966532d42b77a3,LunCo
0x6522857209396dfc0343149523cc040a13286ffa,hgf-minter
0x6529a55f89c309d9d178046f7896ae195073ad49,sisi
0x653cc9c96c83a9d561b025fa1acc7746da2e9eef,coolname
0x6543c9f75058f8bb952b202cec54f76d1609f46c,Vuv1337
0x654b62a802b0b4059352c87e6b0127519dedc8c5,Money Glitch
0x65594d43f149ff0974f961032dc27e43e8eb2ee0,test424-mint-handler
0x655c7bffc08826c37bd1f784bd9f3890d24914b1,joy
0x655ebad6aec6a331a47175bb42a23a721539ff76,Leo
0x6560028cab74ed5045dae17767b185b5e02460e3,zyzymena
0x6566ec5f737a42d6328a05a50049627afa799309,fasfasf
0x6567bc8661c8e65c08f7c0efe550ded441a32eb5,Subi Group
0x6568e66c14788c2a605ae7019574859de57822a9,DappCon25 Circles Lottery
0x656a9d59a74527498dadceb32f7bed7f287e2b2e,whatami
0x65700c4e26996ed278117846e523c027dbb0813a,fmoreno
0x65747292c439c73e30621fce22b44a0558fe7d74,CRC-1029
0x657839c003abdeeaaaa6e85a5661d5a02a8945d3,Andrii
0x65889ad65906bab4901f8d79c836cdc937b04e4d,fafsonu
0x658f259b31059c03924fb73071cd7803124d30d2,Test base group
0x65905be98ec1c9e43f40cdc37a35f54ad17335d9,Emma H
0x659584ae8798c817f08a8bff67715b28bd173364,LOOOOOOONGGROUP
0x65a36d4f6984615aaa5323b3888692bc917652f3,test hg1
0x65a4cf1dcc0731d4695a8473789666dc54593f29,GGG-mint-handler
0x65a693125d0850cb3aedd7833e679d161a78c5ee,chikakason
0x65a848a77554c729aff42e0c2b33c6f4de451f2b,LABS Testing-mint-handler
0x65a9589d7672de3eee682a81d3dd2d962df9e7db,thih
0x65c01969920f199ee1cc46aead9a3b7c73f4cc33,Joestar
0x65c57d61378ca3d9d9a151b711a7ead59e2778da,Margniphycente
0x65c67ef5e1a6cf75927e18f9068dcb9ae713485b,TestGroupSAFE
0x65d4d47ff4883cf52851b2d423c83027d43850bd,Summers
0x65d6cb807b1f7ad961b99dc49cb9fb82b1ee3077,ubiq
0x65e65a8731e11aeb0b140f18ad1eeac311d05333,0xDonald
0x65ed6a1a981928f6b8009b0a9823e45500f71954,My Group Name
0x6606ffaa76e48b47947677fa48cdc04ec236c000,socrates1026
0x660864e7248ee6bdb6c3388ceb6e77a428fbcd25,vb_group_dev_3-treasury
0x660dfcc62a4b5b95ea9fd25cbd995154ce432077,Christopher Fernandez
0x6612150d811eb9310e68658f5174c9376e6ffd4f,edvincent
0x66140271b0d9f1359bd6d69ccef78317ba827a9c,lambray
0x661a1738e13736ac2cc85d9d952c5d82d821ee24,Khaeljy-treasury
0x662298b30108e463e1961da141b1fb3d2c537cfa,N0xy
0x6622ba0df7bdb7b80b66c1d6281104a8f43c6e5e,paul
0x6623e24e30355843e6f9407db7524006f12db375,tert546-mint-handler
0x6625c540bc5fe8e47b8a0f8eb6eb348547b89962,benyoussef
0x6627935b65bf796acc6bbb51227d65aaf9480d78,SNode
0x662fc099fb7723b265a5d90be08467a33bab24ce,tempe
0x6630d8dbd22e8219e3ea154aedc8f25678f1c154,legaltest-minter
0x6636101182630e5ae16bac4a2286ba4c6296288d,Santoshi
0x663f46ce40666796ee153fb98ca8ba3c4ea31ced,CRC-GNO offer week-4
0x6647784ab79ee0a7690ae5372582453f60afc240,kevinsakemaer
0x664e45bf3ea666ef19db854085887bdce782b42f,Juri
0x6651b21879e8d7500f93322d604b4ec21821499d,drallejera795
0x66541053266179f8f18eb66a69583aee6fda9c13,0x6654...9C13
0x665425935c976fc89d41bdb801c8d222eed8f1a1,ArbBot
0x6657a76068e84f993f8bd7f4f0a3f23ce333afb0,test-offer-zrm-test-setup
0x6658b0131b6ed5715490d1170a067bac4d177a96,Dmitry
0x665a55a3ab1de41853cf808df40d112824092534,rooarrcore
0x665dd6e395d4f360a2a5b01fcd446410e6fe0a02,whaleminator
0x6665ec2ba8ccb56a75454a6abe711d99119b0d1e,capybaras unite
0x666d792f89502b6269f9ef64358f4c2b713f6837,AtomicPersonalArb
0x66749cbbf963e9e4a9b689f950173bdfe1e1c063,Herbalise
0x6677ad4f21f3f1cd9a02aa80e257d85cdd65d0a2,Ugo
0x667b175550636cfa3c7bf34795f8b7a47b1eef3a,Jaroslav Krcho
0x6681dffbeff639bd5261688f5df15e69318c8d7f,martinbreiten
0x668ee345328e3fefc99bc1c3745cc2ae345e32bc,Circles OGs
0x66a4e2f8f1ca63a9a1a844b6656a96db83af11f3,Tragic the Mattering
0x66b761dd6677080235e01ea921baea00d3dd322c,Vicrhayor
0x66bf027ae8d29e05975760e8cbd5c921a8167916,Mehrwert-mint-handler
0x66c28a9a72e4d86e9448c63e0eff760929b4bdcf,Chong
0x66c4b8d700818dc35d2fe23be28cdbb468d734cd,Sandra Burnichon
0x66cb37a2571ff8eac0d21a79308ccd845a2a8143,test2-minter
0x66d3e6ddc461da6f2a7bdce3e1f8f2e6f373f38c,johannes
0x66d8fe8566d703a6fb6419649d1a76a8dd9e2f25,f5group-treasury
0x66dd680020cc5248578df8fdda766f2145c91fed,sakshamgr
0x66e5cb31028ce904aedee8e5d8792e5e78343601,Dejan Murko
0x66eb8fdec1c1058c7f79f2a1c1aad5459c310652,xarife
0x66f0f4c6444abb150f9dff31199e9610dd20e328,FFFF
0x66f29db6cd4a58020662a40b8606bc7f94b03671,CRC-GNO offer week-2
0x66f6c4f5fa910c682ad98dffc16fb9dd77f22983,tsst
0x66fbfd925c38f69ee77d9d0c5c0ddd8732403573,IhorGP6
0x6705afdb3a8a42e87fa01521e660b6e7de44b9d9,vdo
0x67095a5743bd60a286cdc9b270df6fa0765b8162,VCIr
0x670f3e14e205e97ed63ca759c018ce6936d7ff37,khaeljy
0x670f49c623099514afbcb8bca6a1185090de41c8,testGroup1
0x6722796397930fbb67205d032670c348418fe7dd,demo test group-minter
0x67363fe1a8cfe10350f654f769e5c73071553701,amadzai
0x674093e48348fab8cbd5ea00d812ff036dcc59ec,v1group-mint-handler
0x67439590fef890dbd118dcd41b7a39d99cbd488f,Shiptoasters-mint-handler
0x674b6595b3eaef69cd8345e4a72ad971347264a5,jennifer
0x675a376fac8c890aa3ebc124518b02090b31d2b0,studds
0x67734af7e5b1c8c6e2ec87c690b22160e01ace3f,f16
0x677b13a993be8045f68bba3edd7d060ad88ed744,user
0x677c0bdd934a7bc3619f5ca287fbbc9bf49224c0,Yusuf
0x679a4ce9c73f0269ecf0896b6c492c0882c8a756,Kaps
0x679e009f0c852137563d16e351bdcab8c1d941ce,seansjt
0x67adca7194f31feae4d8959683fc314d562ece4f,New Dummy Group-mint-handler
0x67b4be1ac5fcef64b06cc8502ab6a54b134e8791,Clearheaded
0x67b8b7bb4f38aaa50036df9330d1c4757d04415d,Milan
0x67bdf78ea1e13d17e39a7f37b816c550359da1e7,amir deploying
0x67cc1814967ec3b896c17b73d19dd6daaaec5dfd,twyla
0x67d00ad06645733a5d82f1b70c65b3d53283bb12,Polarbear3x3
0x67d1439e2d59190237ad0bca859b84343ac20e9a,20goto10
0x67d87e52d25b7c2d4f2057d382b6dcf6c3442377,tchande
0x67dc7e4a436208b03af56167888eb8b14f0bdb25,orillard Jeremy
0x67e09c9c87b175ca57302ca51157978a549fbf78,Carlee
0x67eacda9a1c66a536d128d9945395c75f461ea75,jeandemeusy
0x67f10f1934744f29df4650a53202b43b3121d115,Cargoli
0x67f2e70b7e85dec6cc41bf2603e21712c4813f70,TestG345-group-treasury
0x67f6d585281c35320cf6a14b3201a49793498799,George Avdeliotis
0x67f9e76d823dec6b9f70f58efbbbc6b10ac3273d,Emble
0x67fd675e79df3f41888bc7bcf3a86696ffd11e9d,fechess
0x680cdea9f4a2c89e3de60065e6d05b4264230d88,0vni10928
0x6818ffc84576138d92be2530f7a4923c81ce5d43,BaseGroup-mint-handler
0x681daace270bd04e3c74065ccedac8f1420d3388,Mazzy - frenchy.eth
0x682100b9eebe8bf991fc4e6171647dd795800320,antione
0x682c8f64a91c09f8d6b8fcc5d65ca73f86352310,Staking Rewards-treasury
0x6831dcafed940a49caed18ba1d2de922b5a153fd,vdscsd-treasury
0x683c15fc33d4b9465251d99b8d39d533b8cbdf8e,qub1t’s private party
0x683f5147ee52dc4136c807db9ba50ff2b4e32d49,ETHCC-treasury
0x6842d67ed9ad1a3b9b5fdc48faebaaeae79660cd,user-pool1
0x684346be56ef8edb404eca795c5489a3aac1eb6a,IvanovPavel
0x684c61be9296c44211c87dda06ad1882a7968e86,STEAM
0x6850c39cbe68cf044cd4a67065e3923d4f975c36,k4nguR
0x68530fec6adcc94991a231dd15c0dc47b401b579,quality.group-treasury
0x6858f5a9f557994665699061da40e31fe5369d1b,PoH Group (Test)-treasury
0x685a4f7c63a0fae1ce5af7aef6c4c5463f0e188e,Sherita
0x68720f284c466e3d883b69fd1f11b960b0ca4eab,Etzsche
0x687980d6533f733c383bc7ab28da7739dfd1d67a,Constantin Pekuna
0x687b97415e7a6f9c572d9290a1377553d18c9a26,Heidi
0x687cce79b2c0a210992b7b49ec30539592a47be4,test-minter
0x6896bb87e1638ae15e6f9dff802ab9de9b295cc9,Dappcon26
0x6897cca0fdc3693122ebb5be8ed754be15d73f2a,vb_group_dev_3
0x68ab83b62ded3be53cb91730569f5c10be245ce0,Novi
0x68b6872d3c0b1999036582bd7773f83be0845c75,0x68b6...5C75
0x68bf5ae28e6c342b2cb8d323b1d76333b14d4149,Carlos Peñaloza
0x68cbf5bb128de51215f07f213d02775bf1b2fb58,Rok Behin
0x68d346cad26fb8b4ee016d0b119deaafd1d03b76,camilags
0x68d47d8b563c8d3a8db01c43492cf4e2f01b8b70,Alpal
0x68d5bf28be107c91c82ba42f0b28f15f63a1f6c7,Dedicated
0x68df4b1ff349f23504781f86560934f4514f7311,mathild
0x68e2c29feed2a4d0f22cc6d271e2b25124d99892,GNO Bonus
0x68e3b115e41e74a4b6008559fe09974009efdf9e,devon
0x68f73e92d29e01feb640413660ebc34ff6494c9c,Zed
0x68f7d4f40f972d699eefb8c71a41e424e5ee4ed4,Dk97
0x68fc21bd54e65f54379c7f0df94629c77cec92a3,luca
0x68ff1d0aef71bfa30c97898fbd171e4111f9fdc1,Paul
0x690ab5ae576e7d3b6dfcf5a1f9fb21899be7091f,cozydreamer
0x690d1c8376de73f3bbc97c169e739c889a273425,LOOOOOOONGGROUP
0x6923b4390969b800104a3ca688eb74d4a75a3e90,jhayccee
0x69280c7a6bd3c1bf71638933da6a5d63c371b2dc,taxi
0x692c30a858ae0581de19a7b166c1004e9c7fa54d,Emilyether
0x693bc3b00b74512810d29dfdc007af7211b6ae98,Salvatore
0x693e04de5f306539efabfecadd66aaab94adab69,ginkapitan19
0x694e5df7577713e6efe5a946f39b18c7555418f4,Haz
0x694fe6a298534d5eabe711aecad5a500584ebf2c,Squidward93
0x6953689c83998396558f62f5aac9282e638eec22,phil
0x6966216b9c364c3bf8353ebd6bd5b5fd41d494b7,Test Self Group
0x696b54bf078c4780644b4ed05b3aea205835814d,veran
0x697b38087d4c6b4ac318a0b0a201f58c78a22271,tupac
0x697c191bc8d31d0d17951832633ba6a992a100b7,valenteine
0x69861cb9041976c82fb595297056d5bf65d20bd5,HOLLYWOOD
0x698d0c3add0e3b4c29bf5d9de01a747110f3e1fd,Builder Support Hub
0x698df7643f8617bde0dde1a49e5705183539f46e,ricard
0x698e9c9589bdd970de73e744e34b072a642c7660,test
0x69a416c741304e8176b09a93bfb2792b1f4f73a6,Kian
0x69a52589d3fb83c926236b30a8ae145078c44bfb,DeployBase-mint-handler
0x69a855f2d4a7071a4509b91c5ae1a52c366f1509,superbunny
0x69a9f92d9e7cd093dc9262a5f7985bb704c73459,0x69a9...3459
0x69b26af8be49f031534ee52d17cec024f67dcb58,Mhideola
0x69b577044a84b0c7faa7b85335bdc7baffb97548,alisher
0x69bc083a51478e1cb8b2c77f95290842ad727022,Valentina
0x69c92fac2f7014d1703a89ccceaefe3b2ba20906,tyest
0x69ce1f5ae1f1c71ffb9c5020777aa201342632a3,HODL
0x69cfe3a82903d6f675ecab50eeba921c6cae48c0,zelvyn
0x69e6af2e02104876982fdd0a799eed0143548679,ori
0x69e6bddf3b368403e688d060436bdff3dbc14a92,DEFG-lp
0x69eed932717e649af8582bf50a5b92ae16508978,Simon Jentzsch
0x69f0856b2f97310d9678988b45f21c3dd0d80c6e,Cypher
0x69fdf6b457dcfd3fd1bac1ecd78567151133a370,criptodamo
0x6a007e6bc9e169c33295bb6ef682fb2ae2bbc21e,0xarcloo
0x6a02b0fad16ff5ba6bbf06e94a3831cdec532a70,my test org again
0x6a031f0e2751ef88856b4fbc9f66798fe621b151,testgroup-mint-handler
0x6a0831df76921caf93d8c5addc06def92c66fcea,phimld
0x6a0f108b9a4eb18ca6d65c1000eb03a0e3c3d4b1,Dann
0x6a1de619c26afa69bc7b90b70a2cfe077439f449,Bouzid
0x6a22b0fe47be756a01704ac6bb8a8723c68003a8,João Almeida
0x6a22e98a211aab20469f0c08ed8db245b481ff83,BeerFi Prague-treasury
0x6a27eb06a1d0e9374816d12626b2ffd96e2e16ac,Sharie
0x6a2977765b5263603a71011bba8f3e95bbe5ae76,Eden Heinz-Tebeda
0x6a298c70bea8a62a768ac7afef5243f5d77bfda7,oxmatteoneri
0x6a2b7b41d501076b033766f69c0496bfc1919fe2,Lucy Doyle
0x6a35a30a6d882d92403456dc74af13cea247e218,sdfgsdgfgf
0x6a382acdb9357574c1468a4fe652aa4b168ba351,Berlin OIC Chapter
0x6a3b08242e0a41f67450257989d777f62e57e201,sam
0x6a467da8af5b80cb73dee84f548dcbae8c0865d9,Validator
0x6a4a15490b1493ae5f75117db0bf9c93000b7301,Petro
0x6a4e0bfd230fe7a214e9fc752f3104cdc4b560eb,barabazs
0x6a523c3c3c8b34256c56e74c9f4095ba91cc5922,Marko
0x6a53977c85bb5275d92c571c6e0bb8d009c1a53a,Tcc
0x6a599989378b44db5b9c8daf532d756da73b9385,linia
0x6a5f8aaf34487de8275c0b46cd92cd84b645a850,Han Hegeman
0x6a60fda1b76d8c1725e4340b67fd8f7312baadcc,Etherium Foundation
0x6a66e8dadf71029fa5263f032b195cefe5be7b3b,_gw_2
0x6a6a774c13348dafb3a408a601b78bf24905ac30,realhumanoid2
0x6a6b9ae716ccd8bb56ba4d7d14e623c75ec9dc15,DevGroup-mint-handler
0x6a7dfe30bc79cad03c9a4635e57391ddcfc7b0d4,Kitty
0x6a821eb3ce8c410245771d9cc0c2f46a4264668f,denny
0x6a836ecc819a53c020b386221c45bb8f5c7d7eff,Norell Jamani
0x6a856c0b5cb10d5510e30d6b96778203a4cdae28,batoo
0x6a896b8137a378aa04e005888a03a8769c6c1868,Circles Luxembourg
0x6a9d16b6fb9166b6cabbe7192dfb370967c1b82b,Gnosis en Espanol-LBPStarter
0x6ab45080f34e621f0baa92dbbf3ab9c2b3df83e8,Domingos Oliveira
0x6ab5c497255bb401d8d21eefe95f35e67b7a38ef,miguelone
0x6ac05dffcef16e59f2abced4b0eb0069ed5615a4,likert10
0x6ac1dd1b493933ec329e9cf361495c1989404f93,Nethermind-mint-handler
0x6ac64414787176a15102a3d0dc1db0e9920e3016,Hassene
0x6ac788fece88e63a1b99f2614894833a7433aa41,Deep's Test Group-minter
0x6acbf5c2fb1d484eff36f6f37326e1d09d9f82a0,TestGroup-treasury
0x6acc180d605588e2b430d7172efeafcbb3eaf1bf,Angus
0x6adf39f7baf702bad94180bce54e9c1e3b838997,saliba
0x6ae11e92526029fbdad6909240508f8d65677f14,CRC-SepETH offer-2
0x6afd3e0206e07c31decb46534542c8a37cc348bf,Sohey
0x6b013e44dbe3e11e05176536bb2ce6bb3525d5c1,KiwiNews Kiwis-mint-handler
0x6b050eb17408d3da80eaa2eda1331d646dcf5075,santinomics
0x6b051b353402493e29672f4a47b0bb3c4fbe7e34,tom
0x6b1d6623e4e483c626e0bfe14f326beb4b5f5ed7,gokhan
0x6b3253d44fcf44928d62f0dfd38e0fa9aafbb2b1,ejdegs
0x6b355b418a242b81e2c90c3b8dbcc47d434c7645,2turnt
0x6b43621f5b7f79a61c3e5e40a3e175435388ab16,some migrated account
0x6b513cc3c190c5af74f70f1ceb9514c93d7f36be,Nacho
0x6b58eb62d61666310cf568af28cfd94bf7a15c62,NFSociety Test 1.
0x6b5b89b6fd3165af1267a96d57705126b90b8d4c,bendito
0x6b5e429eacef572817189258c0115b4c9ee7b874,TestGroup-treasury
0x6b613658560d5f95677dff4c6998213986454f1e,rulle
0x6b62c60b1d9a0ff6c79ff6502ab2af128ffb691b,Jitendra
0x6b69683c8897e3d18e74b1ba117b49f80423da5d,bh2smith
0x6b6bf29b96b25bc0a275bfbb2692f1322f61cfc9,John
0x6b7050ef53d812493ee018c3dde4dd3b58ac420d,CM
0x6b7947cf16a7579707901359fbc692aef4631146,TheTaZ
0x6b7a09b5a349579aea5777f5d1355671b71029d3,testCustomMintGroup-mint-handler
0x6b85c49d367b4419dbf86dd1c6f4b184dabed99d,thosmur
0x6b86bf945933a395806e94b10af8ca63daf401ea,circles slots payouts
0x6b875604e55e652daec369b8e70a2186886dea61,David Mihal
0x6b8c6d8667daf9c9630fe2f748c1061efc65fa10,Gopal Rathod
0x6b94c0d6c28956e7c00813e222ea20195364ef9f,Mseddi
0x6b9f6bba34e543f3a253edeae70e581bdb3700d2,sebastian
0x6b9faa01e42e6be3c80d4901bbad2cb9793aaebe,Kathleeninweb3
0x6bafcd5fa04c61282b8920390dbc30c2e4c377f7,KK
0x6bb88fc227c866ca924f871117d7b87894c7d915,Francisco Aguiar
0x6bc8d2e7769a546c464f82167ef55078fb4b9fcd,Kamil
0x6bce97797afa319fc16de973c695e6c22f5d7a98,Bolhas
0x6bd0034be21dbf4f582f18018d22cd34a42e894b,kmaster1
0x6bdceb82d9ddaebe7c3a624c4e5e4751f8f440d9,Stefan
0x6bde3a1332c723dbd0359625a45bcee144b03289,MINTHANDLER
0x6be0879e56fc82a70ff92babefcbcf8a3da9a3ab,testSGB
0x6be2069e781688b3a6941d65de18a9f65f47d231,shalik ram adhikari
0x6be4e227e6e23b3bad84ac5800a7e5260842ae45,Archethect
0x6be91e84b9cf03017696147df65a5583705800b4,breadchain demo-lp
0x6bea6ac4583590acbacaf9b88c8c354d41565f5e,Luc
0x6bfab8edafe429da718d15cd343b999edeeee033,0xrandee
0x6bfd932b1992e82e026cf3b22217e680b6253511,WooShopPayments
0x6bff77d11ce1a5a7665ff54bb2d15181fcbd7dd5,Will Circles reach at leas - sub
0x6c00c1ee34f0530248bf9c2b3e0232a5744d9eb5,pybast
0x6c024c53eea9b209b3d52b1b7844dc2132c04e60,jahlyw
0x6c04413e7ffa6bcda2ca9cdb493bcce92f4177af,wurui
0x6c0d6859f51453377063f7c96287769b4832140a,Debbie
0x6c0ef15f9dceb4b122401080279c35c2c979ed0c,Help With-treasury
0x6c101ef3f00195314fd3e3334993668cd6a3f9f5,Antonello Lacala
0x6c193e792d8e8e07f70b5eb4d3b53410fba7d52a,Spyros Magklaras
0x6c1bf5cc794b44dc1ffa7e3fe05512b10a551cc7,0x6c1B...551CC7
0x6c200a62ee657d5edb44671a1b0a80806d1ffce2,Hanakawa
0x6c21b119c5800fd8ac2957a008fc36519731a5ff,Victor Damsa
0x6c23897c12efcebe561c7a3416e6232e3dd5a661,blockchainberlin
0x6c301fce295c0524dd1feeff4ef2e43fc5e7648d,ArbbotMiddleware
0x6c38fa92ccaec115526c53b056a7542f1ca0b1ad,Hunters Group-mint-handler
0x6c40dbdf97994843e7d7bcca74d356a6dd76ba02,Fatoumata
0x6c4586d39e1e19f9f672992adfad749df7a27d40,Sherlene
0x6c4619b67cabefbd4cf88e81fc73cca8e650281f,xvalorian
0x6c4961d0464087a2b2d09db897af8cbb8ca098d9,nasif
0x6c5030ea5dc5829e7cb924949c2559d36a57a880,Diana Serra
0x6c5293b299289c5792def14e81d0755fcc9a1a7a,monica
0x6c573b7f992f3cdca4238821286832c780086a6a,shaun
0x6c59cba27d85c6f6f77f1f52e3cfba4469ed0739,empty3-treasury
0x6c59feed06e6c29d66b04de3bc6e3b239a7e96c7,regam
0x6c6459949ffee81622214c8be65757e101794f72,junjie90
0x6c6e3c95a26ebdc8016414d5155e274a62c618c8,Tom Ramwell
0x6c7779271c19950de50dfe3ebdb513fee3e426e2,PillCozbey
0x6c7cea5100e089cad042ae6aff428185b0f72b80,Lenny
0x6c7eb96b94b6d7e268e34d6dee81160c62e52aea,ejiej04u4
0x6c81be0d2be8152ba5bbfb863085d41908689712,Dorota
0x6c865948dc8856bf4cffdc85c91cbfc35c51850f,Vanshika-test
0x6c879d48dfecf8408a5cbfd583062d43a3e03097,HHHHH
0x6ca3ea2325139686fbda7fdaff0309b883111245,testing group sk-redeemer
0x6ca5017b336149a6c7cdea797495796f3e4186de,GALLERY
0x6cac9e1db85ae7b565d4fb4e8b3651f07f5bbdd4,Nektarios Chalvatzaras
0x6cacbf809ff131c081a8f6f878164adc6d9aa276,refcountsign
0x6cad2f2b90435a6aa22d5c1c7f1589ed0d03fccf,Money Glitch-mint-handler
0x6cadabfa341c24ad667367c5ea538967bf42ded4,Taryn
0x6cb3fa969cd1e6f5f43f48567c8d5507a2291060,gtmtest1
0x6cb93ce2276f12ff2f93afee91322318d7dba88c,testCustomMintGroup-mint-handler
0x6cbd4063986e87456b41cda62a1c280cd972f926,eriksven
0x6cc868481875c6fd111d56a2ded1ab2d4f9d99c8,Boladale1574
0x6cca115ebd07eff672a33331e737ac10239e550b,ajkkajbbTest
0x6cdc7d513bf3acd41b065a9f3341b8679876f2a2,Alice
0x6ce1289fa9e951d7fb286b7fca14611168f86034,SDKGroup-lp
0x6ce8ec3542d622ae8006ab4e234a4e9929132ece,wadfe-mint-handler
0x6ce9eed2ba2a1fb3d87eb5a8bc9de90f01845efb,Victor Morales
0x6cee34fb57ce1f55d4bd23485cefb813dd96cb89,mozza4231
0x6cf0180f0c9b2151962d34790a18bb933288d907,Maurício
0x6cf165a39263984827d8c13829c60bd047b089e6,No Group
0x6cfb553fdd96b1a8cc7e4b75440a8edbc242fcb9,mwzk
0x6d09eb96eba03ccb74363c80d610456173ac26e0,0vni9090
0x6d0f0bf40c9a81d9272ed4317ecf456bfa1dc8c0,vdice
0x6d13a9b51b0faba1f205510a723e8fad0df3034c,Marta
0x6d1a95cebf04c68259789f23f6d23ced2bacae95,denseins
0x6d1c1ad553091c6ef30d8e406a75784e5d8296d1,Liam Connor
0x6d1f89a2b02d9e86ddf4e477133f36885ba25668,Carole
0x6d1f96ea7e5b3d6c8d97444cd6c56dbe7de50e70,Ernest
0x6d286e8daddc6e3e9cd918607f8602554a76f861,Gaël
0x6d3499803384068d53c0c14ed1b47928f411a3c9,Glory
0x6d39b2e26d5b8ce5611647e9aed8459173f08520,Jonathan Neilly
0x6d3d6eff80ee401d1d8223307fdacb65ab84461c,rebelcoder
0x6d4c402ee1a68af23f8ca73e0ec7dad562531543,koenmtb1
0x6d50685e5ac93c3866de409abb3dc6ac0edd6e39,FullNodeDummyGrp-minter
0x6d510741763ae19f9734ccaf81d79f17c9bcbfa0,0x6D51...bfa0
0x6d5148ef75e5c88e923815baa92f50fb1dc2cbb9,TestLottery
0x6d53046771aa86b88abc8bf2db4be28b52a3d7a0,Golier
0x6d53cdb298e85890787600e79aae45ae2870e802,testseren
0x6d560b451265cf22954a12b98e42c26f42ea2c3d,Szobo
0x6d5b2c0e0864e4bae8790f6ffb032cde0f7388dc,Rosanna
0x6d603162a9e93bc2c98cc7196d2da7515a4f4128,Obasanjo505
0x6d6494455278d868fc7fabc1dcc0659155e7a2e9,Mario Sposati
0x6d686b051dc3323b522bc6fa8ec1dbfd6f10e8bd,Slingly@armyspy.com
0x6d6ee3f0312351ff25f252ff98ba5b82f6f7246c,Alex
0x6d6ee817ee95b4df2e804895c8129a60f83c5f72,Daily 100 USDC - June 8
0x6d764986c93c70b812220664ee12bdfb685ebb60,Pedro
0x6d8619f560977f3ccae70eb5246da366b02ecb61,InitiativeQ
0x6da0d5ad98e538f81d047587fa5a78c4681bede6,Alex Nicholson
0x6da133b102bd62696fe23f2ea148738fa4f99cc1,Roula
0x6da5eb3a6b7d2d0d173477a87d156648d5ddcb39,dghgw1
0x6daba8ea284df5b9aafac8f5f28bbc3c729fc231,Will Vitalik Buterin have r - No
0x6dac1cd4a46d6bf6d696654cda65c494192c78da,Brant
0x6db18ddad15acba8c6dca51684ab8b0a19f039d6,MikePawel
0x6db5d98d3847ee6d25b181b9485539a9db5dfb63,goerrk
0x6db96207ab21c908f7c66c3a14f7e5fafca7af15,Commons Hub
0x6dcdbf40fc720403508961f29404b0104c3889d5,Karpatkey Circles Management
0x6dcf2bdc34c323dbda04d0c1319aee4349733566,dre
0x6dd109cd7d1c80f08f21f84da0baf81b8e8f20a7,migros
0x6dd6a8e15ded6318ce3ddd607bd7bf8bbbd2d46f,olexiy
0x6de5df31e3dba433ac25e5a77323feb9572f9f69,Jacob
0x6debdf0ad25b2e3a8192c550d71b0166e1019c78,ServiceGroup-minter
0x6deccef67da5ff03be66be0f55a1fa84c9953c67,florin2347
0x6df464679ad1a6d1c49ebbe32adb67eb2af92b00,sofiadelgado
0x6df5ea645cd2a5557fc55f3c7e81b0db13c82eca,Kostyantyn
0x6df69b26f9fb016faa3f9d9758490af8cccda275,edefex
0x6df8f0d91c298fadd2c75080a7e91e1991da0dd5,StripZeroLeft-redeemer
0x6dfd8ed30a684432df55c81006fabb4f73803fa8,Rainer Viehof
0x6e05a7c91ba12e92505da723c258f83e5a18f60c,marcin
0x6e098d0e6d30b173c833932d2f8bc1b8206c4545,mary
0x6e16cc8337de8d8bd4b653750d0ad6165337c06c,Kyle
0x6e1d1a40d5ce200047cf941feab3aca012162991,automation user
0x6e1d97a2f0e7f548f2c7a5d2822bd32e1226037b,Test
0x6e245f2998f7fe50f87d59e8829436d2554ebb32,SG1 - test 1-minter
0x6e2abbcba31ef5bdbce3953d6eaf557db76ee2ec,VeBetterDAO circle-treasury
0x6e34f392f7f7a4e425992b17ba1c0e0c68de2138,jordanwastaken
0x6e37e55dc5a3b9f914d3f1b25171d3afb39d0e95,Full Node Payments
0x6e3ec7088f234668446fb305d3a9d0ebc68d222f,Ana
0x6e4210980037471fefd8a0243e7b832aa61b5e94,rosalinap10288
0x6e495e3c2202d57d33fc91f7408b67648a88472a,Marcus Zelenski
0x6e4b3150ba3f932b519e00ac54049f2b4268a6aa,bijiinvitetest
0x6e4d027fd576398f2082aa80a52fcf34d774f7ce,pray.eth
0x6e4d0c88725fa7049fd47677616dfd11946ae7b1,akhil
0x6e50d5a5b2011922a0b21f1c86f004d6005dc08f,Samanta Figueiredo
0x6e56648aeed2b3bf2a2537272568f0a7901b6292,hadung53873987
0x6e589ae7b4ebab215d846293fc5eea1f2656ed99,Blockscout
0x6e5f29c2191aca28f11fef3ddae9edba5ad54267,spaintestor
0x6e69f7c2cb0685631bf7ff93189bd863f466494e,boss
0x6e6a9ac9cd36137a5217d3feeb95b0139262c583,Nel
0x6e6be5f048090108e779ea458002034a9fe6ef26,Zuitzerland-treasury
0x6e6d0cc19b88ca3ebcc60aa4e5c6165dc5b15718,Bolzenius
0x6e71a2c7623b93d2af6a7d240079b67609e0dcb4,Vocdoni-mint-handler
0x6e8427090a5841f69c993fb0aede5c4e0475ffc8,Satoshi's Secret-treasury
0x6e859a0e766f7237d32a7a3d05ba3c3466c73624,Rafael Silva
0x6e8cbe23e2e695dcb3e027da7921d87ccf16a64f,Yasmin
0x6e90d941eb987c6cb69ba952d79f347c872c700b,Test Group
0x6e9abf5b6bf99e949927394a03c370f5a7b91a6e,Payments
0x6eb368313d028a3b5aab462d9a8b178f179a7cf0,Afipetis
0x6ebbb1831ccd864ecf6996a39b946748421adf16,mrblue
0x6ebbb4513c71519d1bb210add11270314f8ff41b,Matei
0x6ed076e3fdfdec358933435a465af900a18e3df7,Henlo
0x6edeb589c8fb091a5169731bdd754e05c75473e0,Jimmy
0x6ee10f40441d16faeee866f9a5375eafde672097,efrwefwefwe
0x6eea731036d32c642bd7fa4deef7917df8380463,mf
0x6ef569546a00d47aac4abfc0e7d84ea948dad18d,Heinrich Lio
0x6ef75b086748f4f629cdafc684a4f50beb08d232,Passkey
0x6efc035506350c79b726dc44b583d01b8b002990,Jerri's
0x6f06b4aecdd2ebeca2bcb541c409b5285359c69f,josh
0x6f10a6317efda89a2504406bf4520e72ec400537,Vitljs
0x6f4505b8eb28d1c4d7908c835a2f46bf0061a10f,Subi Group-treasury
0x6f4970c7f94c8d64362984827e66804171fbf296,Hexlify-minter
0x6f4b6b9df68155fb350efb006caefe76f6c95a00,lucretia
0x6f4c3316d1a7cbdc26d6d121ff39b68bae8b78aa,Ounce1937@armyspy.com
0x6f4f830d6dedc063e768ce0afb4edeadeddac767,Jan Hetfleiš
0x6f58616c4dac1b0632ad437de9acc2ea5cd0e296,Oooz
0x6f5c1b003eb3742810ffaa6119218e845fc66eea,Saad
0x6f5c2c64167be2a1a8d6bee412ef0009210d9afe,Greg Cahill Moynihan
0x6f5e46136723d19b02c191030e60243b2081ce0b,LogGroup-minter
0x6f64945dc91b06476d9ef6de9a2cb6f9e5106c41,Jakub
0x6f66f36230fbba54ffd015d8026d441dafa45a12,yodlmeister
0x6f6b876cab3bd2d9405e5af3de8bf4c6281375b1,Shorn Safe UI test-minter
0x6f6d4561f612b3fd5978e31afa806bd2f9d147ed,chr
0x6f6dc0f324a555e86fde2812d4a482dfd9caa483,metriuser
0x6f7445ac3d045791bfc6c290b5ee3281e82d5da3,NFT Ticket Seller
0x6f8a2447a394ee36a316171e47293d2f418932dd,Flat Mate-treasury
0x6f8f2623480ecbee4cdef49a1f23817f9a9eec81,jehanna51f86a@1s.sixthirtydance.org
0x6f8f2c6a8d1e9de6b3292b94da064517d23ff6dd,nguyenthihoai63
0x6f8f2dc27746d04df821a108e729c3d2e0a5d9a8,shorn
0x6f98020d80b47fac91b3cba82b8a3a1ebbcb5f60,tlmdelete
0x6f98f735ade35d4b262875a0f697e0e0ca105e94,omuraltunbey
0x6f99506cd91560305bd4859dcddcb422eaa81f02,Parallel Society
0x6f9d5d5ac57f5a96887773c7be3e7443ae7fb11a,roll
0x6fa2f8e531b61cd153258b55891821291a84abb8,angelina
0x6fa4ca2d10c7555b283bfb11e2010cfcf3cec58a,CRCTEST-mint-handler
0x6fa6c46f6a7181cf053e9b930288873b6d8e9284,Pierre-Louis
0x6fae0588ee6aa8fd8349516e1ec1d1d554252141,firstmate.eth
0x6fae976eb90127b895ceddf8311864cda42ac6ac,shorn-test1
0x6fb0fe02bce2ef47d70bd4be3c05e6e67ded65c0,starmummy
0x6fb3b3c010cea723e1d49b287fa3f9b5b9c35072,BaseGroup
0x6fb407409dcf786ad02c583cd108a26525fdb3db,SilverRift
0x6fbd9751f63ce5a9a7de5e7d137dbb2c9a5bff70,Muheebat6
0x6fc4574de0dabaa56182dbd1cc4758e652124eac,Abdo
0x6fc5bcd747b026f7c0b75b58fd07715b66d14c5e,nikos tsitas
0x6fc6bd76ea1a9670413ac03a2787f3fbb472c7d8,MelaNnie
0x6fc74af6bc87a0af3dc99f26caaa480291880f9d,ITA -mint-handler
0x6fc7ead13161e3dffffded1715bb51afd58020d0,Giovan Battista
0x6fcbb9f9f8b3ed171ddc6b8c361bccefba4f44c9,vvcryptos
0x6fd3c89f581f8177ce04afcad38e208a240ac278,Fathima
0x6fecdd548e018d701e202858a9c7b78861c41c6a,Jeanine
0x6fee83e8a31bcf08aec102354663eaa89c6f9d05,France
0x6fff09332ae273ba7095a2a949a7f4b89eb37c52,OpenTransfer
0x700d6408b8bc3a3a32e3d0db28753f8e0145f2a2,George Spiliopoulos
0x70105cc9346b8bab7a2038a586a6d877384d35c4,Testorg
0x701d32ac2e34438b198c2e1213d2fa23be494f52,Open Berlin-treasury
0x70323f7618a629911fb122fc199ab4505620032c,simplythebest
0x703a1023a116a0f00713e2e7e4c523aa8224a9d7,s0xn1ck
0x703e2b34874604fb29ab24d876a2e03057c3795f,RQLTR2
0x7042aa7062c38a37affc432dd76d3dbe3afed544,Yegor Golovnia
0x70452cb079a1c4032f120aa2493022886a56df3d,cryptobitz
0x704f517d68977aeca8025d44882e7b1314a305bd,BaseGroup-minter
0x7057010ca658ac5849ab7b4d2630d4e5ff990e89,sdaf
0x706bcf6f7de499fb2ab254dfca0a1a9bfe207a68,Kleros
0x706e4667fa9efade572fb92871e0bffede612293,testaccount20
0x706e608b26cecc60729348d6344d1ef9e6b5752c,Margie
0x707675252c98afede41b37a446276cf1b9cef543,test-offer-zrm-test-setup
0x7086ecd56dbda3706b97ff65ca51c1030cf112c2,Viviane
0x7087c0338aa7cd34ba918a7fc14b39b18b7a85ab,tobias
0x7088756840736d3d005d451c45f8540faadf3189,FirstTestGroup-minter
0x7095c2c5f20a2cc4df3655a249bdf853e86ebd54,jwannn
0x70a0b5fef355680cf30f374ca12a030be380fcaa,Youcefffj
0x70a7b4e6ae394b2d42a70f8643941fcca42cfa5b,jerrod
0x70ae6e495b8385a972be5508072376105fa85647,trimetilo
0x70af27cfc4c25020af84cc0f6130621504bc61e0,TestGroup-lp
0x70ba4737d7cfd54f0f8159a31de262334a238bd6,mgy1912
0x70bcb9de6284ce63621f37c94d161d3fc70105cf,pia
0x70c80c5988242576052eab8690ec70c9e29f7894,Linus
0x70d1f1669e4fc85f3d2dbabc85e2c0d812c7d860,Help With-mint-handler
0x70d9f6786c430aad5a15e67f129a43b096616a92,Faqih Khadavi
0x70e9c6805fc6d77b47f3e8e9a8007ec9a3bfc4ef,mikko
0x70eb606ece5f3cb4511cfaa5009b5984e0ed7ebd,StripZeroLeft-minter
0x70fb2a690a627aaf1082403e1f74016f680d579f,Danielle Gruppi
0x7101d4a3e2777d1489b3e4e0bc97751f47b2e41a,angiedaguro
0x71109ad1635e2a33e3c3f79768d7ba9d94009b51,PAYMENT
0x7110a84da020ba0aa1d72dd5ca1aa353d1125343,Christy
0x711842d934471c9ff7e56242757cc663ba102d78,Har Preet Singh
0x711b5fa04e660c73e623b1a7cc9c9c0754b3c2aa,mollie
0x711d62a28bed582100732aefa9cad5bf55859fc8,gerottos
0x71203e3a0770aab00f2639c2d22c4e7d0d7d87de,tree🌴
0x712adf5ec8dc0d2965780b76076c3eac62d5f69f,LG3-minter
0x7130a4feed4dca4c672d6ed3c2d256004b84c48e,Finie
0x7131d916fdc7e02886445129429c863b0c3defdb,vbtest28326m
0x71402d02801e5de10db2f86f4578efe56363ec5c,minorg
0x714bac545efe2ef0260fbf1f643ec636f6d09880,DBG-minter
0x714c3d14ec8e70671b751786dc8dfe3f84bae5e6,cla
0x714d134c24ef6f527768bfaa89d1a6d0a1f495fc,antonello
0x7153df4090ef6fc291f6802f2faafd6db8d4d7ae,Jefferson
0x7154d99ea826cf9e0ef5af167c4dfacee3a7e4b9,anuwar
0x7156fe68f01caa7347baaa33c753c6f07ed31a81,Nick fabro
0x716416e266e152d3e08d4b287a3c5d02069c0ad2,huyamei
0x7177cffe74eedb9f7f76e1232698dede717f3f4d,Inestimablej
0x71785fda3a692d6e193f0e216168f6abb46e5f92,rexchens
0x717ce21955fd94d0e5bde55c9ea87b3ee889157e,capa
0x717dd3dbd18d2be87245ace32126a670e379e3ca,Alan
0x717f56df7fbefb9e36b94c54757604be34cbd424,odunayo
0x7181468086568807974ef5acdbf82e28dd500639,ETHDam-LBPStarter
0x7182584bc817508b86588de659f25f22456038f2,Caleb Alexander Mason
0x7185449f262913f0382560bbeebbfe0a765f611a,Panagiotis
0x7190fce1e52ed32917d616b9064c977a7bdd76a3,KPK
0x719c04427bfec26fb4a0384afe3b1f07320c015a,Hoang Quan Manh
0x71a3adf869f46ca8ceeb111f1bd48e14385fc09c,alsjdn0s09u
0x71a8236c19a68e50449d763f37474de8b0db34f7,robapuros
0x71aa61dc774e0c9f7311ff2ec76dadf409313418,Silvia Wenninger
0x71b23f6a398c867dafa6f859868f3aea7a4cd3e7,ams
0x71b6dbcb034552bbec2d133cb821aa79f1f1a3af,Kingston
0x71bcfeae5c0254ce024ed719e9c30ec1cf1ed443,miksik jan
0x71be3769a41893adf98d610f7992eb6541493e51,DIRECT BACKER GIVEAWAY
0x71c8803c5f9895656a598af800665d208a08463f,nilv
0x71d3c71366d66ef3f61e41a63194fe9df7576dfc,Giampaolo Bozzali
0x71f28f3c386008110d677f4acab4703dbb892f86,Paul Evans
0x71f630a2642743f520bdd17be08817b260bab97c,0x71F6...bAb97C
0x71ff32f9b21b0d7f0c99d17c35d0b4746c3984b3,Dappcon 25 Treasure Hunt
0x7200bfce247b0012c80473bd3add51c7eb4e3ec6,dorahcongekz
0x720dac044dd2461b73c64863861f691a96cffb27,Certified Baristas-mint-handler
0x7210df21fab511c3b22a22132573f7cdb958e0e9,CG test group-mint-handler
0x721cddecd12d9fdbc8fb85afc53abae47b87489a,Sherice
0x721e3e07b3578304de75192d2527ffd75e93eb01,Maniacboss
0x7223a7b5a96557d4746c5e2a1653557dbc7b1700,0x7223...1700
0x722db62b05987982d103e063bbd89914c0a869b2,Josa Riihiaho
0x7230d9d736172583fc500487f50e70e9d4479e7e,CNC-mint-handler
0x72337db7ff543055013f8adc6eaf810e01f507ad,queen
0x7239ffd0bfd000117b31068d6d7a21f15d2c4849,4lex
0x72405b45728e49b841e3e44a024cd8c1918d7e20,Sired1986@jourrapide.com
0x724747d8ae3d018ad34cafc198c6561714ff443c,Jean
0x7256f12df42e0c6b7970e0d2bf88d75e69a144b4,Lumen
0x72571678d2246d81e9eca6227a4124abead79f20,LunCo
0x725f6357185d3d4e294299e127f584da2f2c4228,divljo
0x7261b3511fbaab5a11e5d6f542397131b872c660,ImSc
0x7264daf0967bde42a0be6136096906dfdedac116,Safe
0x7268624c6e265bc4af50146a549ba173feb76941,Phed Bardem
0x7268d641a641229b706755c77b6b999f249b0659,TestGroup-treasury
0x726d1d218cf3a43b6fa4debd8952812abb40c9f2,yeat
0x727d123d24f41ac3e5ee7145dbb5f9564123148f,cjay
0x727da583529f6c98cfc1d76fa1a934e2614c0d2b,Circles Trust Station
0x727f4326ade8be034cf7d3cfd75ebd0995ea7df9,nunezlins420
0x729a3e8ff145f8546bee24418d3499fc3fc05fff,Will more than 100k CRC be - sub
0x72a900daa2dead0415269301835342c44c5c966d,Vannesa
0x72c0618619f680389b33889a0358aff80a235ed7,Khejur
0x72c5cceb4d627917d91a189dfa3b94448f4782b2,Shaikh Atta Ur Rahman
0x72c6444b0d0bcc64b6efdfce7c4131d52f907902,williamate
0x72d19ce66c837d77f4028ab1074812c5c89c558c,Inner Circle-mint-handler
0x72d25a637eaa2a6a3606e6c46b96d0885ff33845,leah83
0x72d5f3bd888564d58380b6a6bd41cbf96ab784ae,terminal
0x72da43246d9878897ba0fcabaf842835595a96d3,ZaraHussain
0x72db19f3b64a8dd61b97b0ef2fbf2f0abeba1d5e,Cheers
0x72dc730d57b2e75f32e9029ee6e8989d39bc8cb6,Justin
0x72dd10731e36dba416a0ee2b5c8f65fa554e3919,TestLottery
0x72de214a2f92b615b62c8017a9ff9f477c839043,erik
0x72eef8ae5c5e295b8beaa2e5759b1d2b0a4a0c27,vb-lottery-test-3
0x72f6017cea4265dcfe3663717b868776c0da21af,piupiupiu
0x72f7261c286e48f1d8ebd503351c31cfd18c3ffd,Jean-Baptiste
0x72fa10d3bd3aefdc2711c958d1befc6398689686,aaron
0x72fe67dfdb112136f8c6839ef31aef665b55d92c,Antonio Amato
0x7305da49ceb28555b57fd57954a22065b63f8b6d,Subi Group-mint-handler
0x730946d4d5dbed5061d01d43fd8605345bd65188,Andrews
0x730caa881d0851cea84dca749ff6183205b24c64,nischal
0x73130f4f1b9d20655d62f6ba240d5688b0ddc56d,SANDBOX
0x73213088f9a302b3c6a042a395653dc86e864f2f,Uramacharles
0x73253aebc1fc62bbd2a201c3b9a68c32f3c6c0c7,Dollar Auction Test
0x732a13bbc33b2fb554edbece70d74624a4f277e6,Victor
0x732b50105c5ee98b9fb7aa00e91e17d192ce8481,Vending Machine
0x732fdc64b456103754b89bcbd852ee38efa4c931,casper
0x733d847b0e51a451cd00f65b7dc2faa3053fb541,Dan 12 Dec
0x733ddcf7e4c9b2bfb579dd4b7e2d2fa84cd3fa2e,Test POH 2-treasury
0x733f54453e4facf4bf0209d5f7c8f06bd5696657,Pablo
0x734a61fa6e87fa81f1f87ad641725c9d63f7afa7,Giu_NFT
0x734f4a8ba73cfb54fd2da051e36e6d495a663a16,🔥
0x735484a66bf9dafd9a97c7ae83f51ddf15a2d7e9,Not13103
0x7360a042df9b00e78f6217cb8cd814d73f9e34cb,ilbrusis
0x736173ddf4ee135d54ff3093c395b11fcf32b84c,kakaki
0x7361b6065236cca4998c36fce079b43bcf04dca6,LukaLaD
0x736865de1e6c7d661f061c341de5f9afd1d7ebd5,martin-wrapper
0x73729b9a3ce02c792ba1cf7622e13d74ea185c5a,stasinclair
0x73742b6c67d5ed3f3b7abf8f4894e36477fad4d3,Rick
0x7379bd7ff278ce902da46a90c4e2e86a1b7bfc7e,CNC
0x738adcf707a9c8cf4871dd8e08acac25faaea953,no0ne369
0x739010c79f1d4fc5206302b86e5885423bbe0df4,Drishya Thapa
0x73914789b73570762842eccf1ab56ca32a354257,TestLottery
0x739b1fefc561c205d9e165f0cb7ad8a84ed0f77e,Zucher
0x73aa43b0623ab777d892bce2c326348bb9206b5a,RJD
0x73adf6747726bc111123fc445bab436fbd73a5ad,Trunks
0x73bbce8c8ce48e719eeb0873fb7cca1f963a09f5,bender
0x73c42c70b6ece527a196a947ad3ac8eaf937f7e7,thepavlik
0x73c4326903d7460b9362702cf6dec6fbcefcc1eb,Filip Andrei Bălănescu
0x73cdb9ba03ab1bcaaa080391fe18eb3597b5e363,MDOLLAR
0x73da3d94f1e804abbc6f098958b60232e04cce92,soulreappr
0x73dbf14a93eb49ed8644047d0226d81b8a9de661,Tranquille Adrien
0x73df78c50924a81ef36f9a6fdfc5446b7c125222,cch
0x73df7e8691cdcc2ee118b962052120366b7951e9,paul
0x73eafa7ef00684d07836876b82280e88f7af3383,Isabella
0x73ebe7142ff8163dcfb303fcd160e83484ce1640,alvaro
0x73f69e04d927f878125849dee95905b4054c6175,Vedavyas Bijukumar
0x74011e62dc55a1a6287f6b54bf83a2c3efd977da,Alex
0x74016e02c2bb46af73706c16efe9eb90ffbc9abc,0x7401...9ABc
0x740174f4f9d4e873abb1a54713ef84069b6296c6,Panos
0x7409a989b1a84cd471ee3f1df18c46069d0e5918,CRC-Limbo
0x740b5f54e2b174ed8a6e5fdca276930e2350d1dd,testing group sk
0x740ced8dbc4858384886ea18948ae99ac3010609,romnick
0x7410119c2213efab25338be4ad88994684d7679f,Modelo Time-mint-handler
0x741c262b57be56c01985b1536912f55fc0318757,vxl
0x742993ea0af6558f7e3b33e36efe6abe8f9abad9,w4vitale
0x742b7dbb0f1d330a83497df79075ebc778e6e698,johanna
0x743a404b1c1e23e7aa02d9bc1b467939670e661e,0vni5432
0x743bc48b9ccfe58842bd75cc75cd4f2ab81dec7d,Sasha Solomko
0x7441e4f84862d1c895ab207cae2a42aecb42c6df,Martins new Test Group-minter
0x7443f92df1fce3de284a5eaf015a75f1b652d3fb,Olaexcel
0x74453b6f49ef88a513e3cdf85b3752f8feaf0bf7,Circles Utrecht
0x7446fd077d0e8872b1b9abe08d7ce65fa6fe471a,mightyoak
0x744edeee2ff4f9ca6c2fd9691717453b31b70769,Finneas
0x746f80aec8cce0155f09c6ca8ec96dba7549eca5,Chielo
0x747e70a441fe8600c4903d21709e827c96ac3a48,william
0x748085d4f4e0535bda2f59bedb39c79bae690f5f,eminentlewed
0x74871b1d1c1ee5e80689a34a2b23073cb1b31751,Hope
0x748750b008bda6c0b2182ee0d3cdca2b93d2152b,uuu community
0x748d84543a97b8651e1c5391ac01b07da4606b8f,sambas kalbar
0x748f48d5f416c8b55e2d179dd4f1ccecdb7544fa,Franklin Vargas
0x74916e149631481e1b1dc4bfd4c0d72d50703996,Carlos Menendez Rodriguez
0x7495b5382bb70493973b8c365096a34a43a4deef,Catalina
0x749c930256b47049cb65adcd7c25e72d5de44b3b,nianlun
0x74b93f0c4ef353e5fc0935d4cdae32dca9b83af8,0xclaim
0x74c891072042199ce32ea437d3cb3bfbb3becdfa,kiedis
0x74c9f27b79f0f424036bb6d0118c9e4322823ada,Kirill
0x74ca6f3f3153fcb83aa8dadcaf1ad03ff131e4d7,wakealan
0x74d02dfded7852a00fe25036b5f6a167ca942fa4,smmdl
0x74d128fa6831700850499b0a6b12123187f40d6e,Kindra
0x74d17b78844ada3a6a010e40b30b4822a2b5c89e,testaccount6
0x74d8967e812de34702ecd3d453a44bf37440b10b,Vocdoni
0x74d9b6a3e2b8370ee737c466adadda709c9af2e3,Fernando O
0x74da1de6e10efc24f34e04ff86b5efad1a1a67d2,bagelface
0x74e1f1ab9fde6e39f2f3a204fd0ce71c43cf1ff7,Full Node Test Group
0x74e87b33246b60e67be87686045d238d246b680c,Kandi
0x74f7fb04137895c49bc08244bf4f022ec46c1e33,lane
0x74fb44db0066f189d027c8669ca7ae3e9a2b6972,Alessandro
0x74fbd72f3b37bb0ff73431b1200ccab234951dc1,shoto
0x75071795213500ebe8ed3a045706b24fc3d023b5,Circles Barcelona-minter
0x750a5464902ccdabbf99bcba79e748ef00b94346,TestOrgMini
0x751780fb340601ae18d1a29f5d8fe7868ae71d85,dbette83
0x7517ee6999ee629b9b81b453e33a78e6cf092a7d,can gurel
0x751f8fbbc85958aa15665efd7c10f9d0e463a19b,Arbbot
0x7524069e0254cfa16459adeb652c010fb9045cdb,Ric Jayson Coronel
0x752523e2f1e87e6ccba811731d489b43efb81659,Tolani11
0x752575527cf369841c9c8ee0f8248d44d93f5679,brightmoon88
0x7527899677acda7724f537e247f2d393b9865933,Natalia Vergara
0x752d2399be154357cc1bf714d7fef8dc031ab219,LaborToken-mint-handler
0x752d71c84720dd23ab6eadd5b4b924a0a91ea595,Johanna
0x752fb76f9f1a3c5c1f953ccdccc0924dd738c804,dave
0x754680d894d8af7322121a0686001b76d89d2f6d,IgorPetrov
0x755792b1e25d20269e9fa5b41f372da39d8ba299,eefefewfwe-treasury
0x7583975eaf9184eeb5c3a400edb6134146ed8699,Xamara
0x758e9c0a5c37724ac81a8dacaad66a101bb1b651,QuentinS
0x759488e08468566c973c2cef149a6bfda095faab,codeStackr007
0x7594c68b1a5f9b43fc88b56c5b52186d57736015,Geoffrey
0x75992fa93ca099938ef7ab4a2178c77be12bfc38,peter
0x759d7665eaf633511cbf686d8368fa0c3c38f453,melowild
0x75a6bd8a6ec38fd5114fdb85f3587f627b5ee5c2,Test-minter
0x75a6cf18a1d17189b13de47793edcce8cbac4d66,elvera
0x75ba0fad0155e744743f079175ab549569acb4e9,Shola
0x75bfdb0a432b5375de4ed178cfcf105acbe968c7,empty3-mint-handler
0x75c2af5a51f11422d2eff12172afe350ac7301f3,actarus 🇫🇷
0x75c3ef1fa10d4a0bdf74a85a5961c0acec610b90,CRC-SepETH offer cycle
0x75c9192541456199108bd598a4118f24a5d9ac63,tenzindorji
0x75db29e78eda0bf15a6ce16eb703309ab3c6d2d1,ishaan
0x75f2c4400b1fedcfb0009610b281e65a5aa735bb,g-lp
0x75f5055cc4392a15a7672cc0866890b06c0bdedd,Jama
0x75f65520bf413862288fac4d9549d0ee4c4f0dab,Circles Utrecht-mint-handler
0x75f8ccfa92d7a8666e203f73ed728d415524f1d9,Circles Mumbai
0x75fa842a51dbdf01d67c231de5ca4c6fa8e9553c,0x75fa...553C
0x75ff15569bcd10006f0bfc84135dee960bc152b8,lale011
0x76065c9aaa4f5fe277222152d3f2b144630cd5c8,Andrea
0x7606b1ae5cf4d357acfd2240d8795c8905811d4e,Kristine Marie Belen-Gaerlan
0x7612013177d5ff8295cff70afee94e72d369a50c,Red envelope
0x761b6aced1d7d9b77934fb30fd01e1756985951c,Decolonizing Money
0x761dfa61e12df98ad3e0eb41bbea05ce2170c6ad,Paula Zion
0x762220bc76eb8903e030c2e8c9533994f3453de5,dryy
0x762d314e801219cbc9ce040e10f125b01280ee31,Helena
0x7630328daaf157f6dcb108f70e15c58098732f1d,blood
0x76316e2da51a89bb7002724411d3c342a2df91f1,filipwiniarski_test
0x7636ed176729f62b8dce95490205115f526b0b53,whisp
0x76398f2ee302c84f3e7cfb0aa72de5f7416a9997,bumuto
0x7639cc3d9a9b97c5258a60083fc460a0642c73b3,Zane
0x7649f4414db959aae2627ffe04404660db1a5f3b,circle-facuet
0x764e314b52681a4da39b442d399af07ce46632ca,Sia
0x7653e16f3cf882a5437187e5b9d10dcefd7b00c1,odin
0x76559c6716d58723339b570aa7a057f9e2d1b8b5,Yury
0x76567ce3d5dc3498005e5ed43a5bdfb6e1e4226d,Michael
0x76599efb8032451530bb8ea25ad50460e493f5bf,builder
0x765c8022dbec5b70a15dfd0029630c6a62172fff,Curt
0x766a561275f2be4e4f1462399bb574e4cac3eded,Leonardo Rizza
0x766ca1d708c4b7257927f4097a816c711002251a,Niamh
0x7673ffddb16ae7c8bddf669ad89bcbc95abe2ee7,0xdrethral
0x767ae87b2eb4222760c23eaf0cd7e4c3d58618bb,Jaanika
0x767e23f0b42eddaecae363b8abcfe6abfac6c75c,MeiLing
0x767eb36a98a89eb7de6ad4d0a1049584cb54885e,ArbbotMiddleware
0x767f6036f8a450a2c6373e958169238b95db8967,Metri Testers Gnosis-redeemer
0x76840846494c40962c22e2b8fe020b7fcd9a2f2f,telmap
0x7684123c1f3fbe3663281dd298d6dd6decc2ca02,Bozena
0x768eea0ce04c866138a48e09b580c221d8de377f,Euan Blanco
0x769e8f9ac2d9f61615a509a9c193a98d12301e49,i2e.nl-mint-handler
0x76a42aebb2c54d7e259b1c7e4eb0cadf5897a7de,CRC-GNO offer cycle
0x76a4a8eb86110acfaf037a7df0e25c4566acaad0,BaseGroup-LBPStarter
0x76af53ca16f0c96f376c6f1e2f4dcb5713a51a72,lale
0x76b2c1c5490e648ff8a2a7d066d0245f2a7a76bc,alecaldeira
0x76b43621f4ffc6f77192ef24cd8f5ff451c26ef5,adihulghanir
0x76b8a7cfd99c67bb4f73f7e2a826504e3e4af222,houseni
0x76b94340f75f6dbcc3fb73e62ed6db751a6b14c4,Maltaire
0x76bb2eccbb0f3f20f9bb65c0f5224e42a30605aa,Kalo
0x76d0d22562bdf988ffe25e8927b1ed8259aee890,stevegrey
0x76d9d3592e3cd5182f0fd48bcec1f172361169c3,Kavi
0x76dbbc99363e1a1992afa1d50ff46f5874899870,empty5-mint-handler
0x76dfdd041adea6033001fefe424ff1e0b8a6670d,testCustomMintGroup-treasury
0x76e581add95595ce2d31032323d4f48f02ac4ca2,MM-minter
0x76e8f286d5a1c7dd4970dda9b3152914d36654f5,tomide
0x76ebd6681faa286be992a2032ab4db7210f87cb4,0vni89282
0x76ede67b14900f45110652b09cccc2dddba852df,RikoWibowo
0x77016a7cf6bd1b0c6bdb44b8b39c6f4a23eaf63f,TestCreatePopup-treasury
0x7702e18c65cc16c323d50d4934c484ee87a9cf40,@mov6e1
0x77047ec7c4980ab43eb1a0ca489f8d7a8111bd35,GG
0x770a1721cf8997b4133882e77eaf537e222ecd24,Connections Garden
0x770a9c8e148057323f0afe43062a6b3aec84041d,sherlock
0x770b14a11a6064bb5caeffaeed3838e3c3263ad1,Trump Nobel Peace Prize - Yes
0x77179cffcc73b073db64116a46c651c7d117550a,mehulsv
0x7721ea42a40124edde77755e6fd0312c3a58ab42,Gaby
0x772a8c2dc3605acd0f50109a480f9f080fde14a2,Joost
0x772d2d16cc9cc5688608d3bd29a8577b05dc72b6,JB
0x772f2adc9d209575cd207bb719e054c9572cee83,João Marcelo
0x77424595450bd17885e653daf1662d082fdb621c,mattthepolish
0x7747b14150755a82744c623aa1c52bde67757482,jefferson
0x7749dcdbed0b21036a8647d823ff12faf12ebcf9,test
0x774adc1f943d43d622a65ce80e57270da96bf8d7,quality.group
0x7751c4907587921dac00dc295809f9f09a7de8f8,efwefwe
0x775ae954499596e450fdc2f8455f1a22c1d1e929,LALA
0x775b1070b1a7a7915bd56d787fc0e3d2a14678f4,Chloe
0x775cdd809e51136cac3a75d548cf52df77803c52,martin-wrapper
0x775f46138dd8bb9c13b8cd08582a3ec0682bd548,socrates1024
0x77609987c93604211b0d4186fcd2279879377a3d,v1group
0x776153e62ff7f6ca3e8f82f29fd38e06fa04c2fd,Agnes
0x776c09b6d06a46ace19498b368c684bceda29187,o2
0x777282bbd644392cc8b55a16c67604e635c1ceeb,sanpei
0x77737da3b6c6aba211fea6904a56f7c0cfec17c9,alee
0x7779d8b980a8c40a1be5e8406955dd28a3252966,Dollar Auction
0x777df4994f1672e35a2fb660d6b59a185cdde572,Shehryar
0x778f752b004a0ba85e32b220c9b98caff8d3f8c9,kraw
0x7796398f7172bddb824b7b1de1a4bb8d9c4c0669,EventOfferDemo
0x779f8e6b0146c6d5aabe456ab876e2250278d067,jesus
0x77a385e1d4c91a5ec8bc68be35245dc6f6cc3c4c,Hiro
0x77a6616598d512dae151eb249e7f7f50146c7b98,Ionut Prunaru
0x77a8e367553df5706250226a2b78b14bc2bb51d1,Web3privacy Now
0x77ae124894f0c81b716fec13303ad39b8bf384c9,happy_gal88
0x77b6532acad2562b8e818e495a21f46ff29b5f6b,xiangliang
0x77bbe3b309c64f7b48ae7d7e7b7526d7ceb39955,hbs
0x77c6930f1b77baaecb0efb1da10628879dca6d57,Christophe
0x77c7e95961d292eeabea54496b242acc96f5013c,Ricardo
0x77dc6103038eb7d2944032057f7650aabf5ffb26,Jonnie Sand
0x77df8a2b336509d137d7756b6e878487edf3fcc8,TestGroupSafeAdmin1
0x77e7a0eb8c57a45af8375d0da665714273ed3dd6,Recap Time Squad
0x77ff1a504f4d3114f4c6536a3b6b6114d9655b70,TEST-CRC-mint-handler
0x78144372a9814aa79f0ba50bebbbdae87f0f55da,ddsg
0x7815a0f7d16dd229c7d3dbb5513bc9e410ae51ba,Blubb
0x7819043ce25f620d3117e9402e8205d0fa6e5841,EcoSynthesisX
0x781f1df24799210f593451d81c4432611b0fe04f,Tommy
0x78231b780254273eb267fce3b8fe5197c8b36a0c,Kirby
0x78358f800ee4baa24335d023e496832e925837d7,Luxembourg
0x783d411a257a6375c6ce8744f8c05e3491354169,KRAKE-treasury
0x7856a168334045a58b7e5c88a5589ec891fd6664,peter
0x7859822d4747c59bab00c0eed57a18275ec59d56,test physical gateway 02
0x785b1140965cb224f0e26ca7e8756fbfca434319,André Sobral
0x785b80f87b2f7610ac1cbc36af901a656f1e7438,Aaron
0x787af9396007a215a4965a6157f5f45812fbff86,jkm
0x787c08568183c02a21d8fdd06712c325f6566e44,Reza khadem
0x787e6f5ae59902dc50d9d774a113499e0a52f062,stef
0x787f1f9113ad8b386a82ebf4cfa79bc3a33f3509,Maxime MARTIN
0x789a5c4e8582295e7d7213dd059e27bbeba4b598,shinobi
0x789d8e1f8c023173442990c810667a7b0a125e3d,susreader
0x789f62449bafb017c20d51c71b4c1598d9dc9b11,Circus Group
0x78a428e2a17087965ac9f55b8c1418a9c4fcb358,AtomicPersonalArb
0x78a6fd2d886332fb939b62786ed47d75a7bf17da,Noriad
0x78a730481f611d1366a12e39456912f85dc96195,vothuthuy5810
0x78b44b5e0309249c249361cd1f55643e8fd0f2b2,0xsha
0x78bab18ea311155f429a921e11dacf19bcd90ab1,grin
0x78bbd8ff66e2160daaa21dd7d33c94f5d1a97920,buhussy
0x78c22725de5a7862d3119ff09ec154dc2335aeee,Margaux Ribbe
0x78c68db3bbb9fb9d8b71bfe94253cf25d899ad06,Subi Group-treasury
0x78d22896a7a7ef97f31b5ec7dba042c99e6f7658,Kostiantyn
0x78d3cbf80da5a4ec5516c0abbfd067d1ec4dcc46,Mihhail Ištšenko
0x78d53ec7eb20f366acf7201ac4abaac8df862cb5,jackpot88
0x78d552532b89465c1169347164776b9ef4325617,Flo
0x78d782eb60d6ffa8ab0c518c92b1f13489764049,refinvite
0x78ec39b5f13db043b8cecc01830ad8f133e41a39,fritz
0x78f399f74d3fc716e85abc3b0ae9de04ac65dee6,jozef
0x78f4512b358eefddaecc078d03cc969170aaf50d,TestLottery
0x78f7efc84dd13cab31718ad9a3c9fe20b7b921d7,LaborToken
0x78fef276402755072d73a9caf0fca50d0e740503,Gadget
0x79113c3390fdf7d458ddb7067257d6b106fe211d,Daily 100 USDC - May 28
0x7911eb0ef0bf589ac922b88a6aa89978c3f3dbdb,Hue
0x791f0756d7e38dcd1566774596f37539f8eb775c,Anthonny
0x79211326952dd307004bd3f98e69ca4cea67bf99,albones80
0x794157bead7c14be2c188d8723e9daad2ad7efe6,Vincent Kleinekathöfer
0x7946e1e4569618eec93571dac41650f138b00c95,Mayer Andreas
0x7948469e63e074428c66ea48132508b5126f9989,Tazzy onchain
0x794fce1f9e5768cf8dae3b42f8e02fc0f7aa8818,Jye Sandiford
0x7950a222a25e111b2ab21945df4e56faf4230e80,andretest
0x7964623168b3d24a4a2dab3adabf8e8903aae4cd,SolarVibe
0x798ebabe2cb1f54d9346d7c00d99dd950f100bf9,Lamaliss
0x798f12f2cdce1f627083dabb9462846b12fdded6,Will Circles reach at leas - sub
0x79925094801e6a88a5769d5516f9a5e35303bd7b,0xprado
0x79973b95a7bf8ba9ed479789d067be2f083bc736,0vni2001
0x799ad6ac0b8e60a096aea6c0bbbf022c51833d43,nail
0x799d6f54961589b64d00dbe265692d7d06fbd7f5,Reis Mesquita
0x79b7c28088a5d35e23e63236f98ea93aa276cf1a,Astronauts
0x79cb43fab30410ed274d370d40e73650dfec74f0,ruben
0x79d14795109fd0419e4790981151a82e5dd2a5a5,CG test group-treasury
0x79d2963dab2d620643a8d4e31208bb0fff1dfa8d,Beston
0x79d8f3bfcaa07bc3c08a0d6a4587c60a73c3ce24,orangecurtain
0x79d90edf48f689f9191ca2a06dfe33742996a16a,SDKGroup
0x79db55052f40a2ae52e93f5761a71595c14b6df8,Petru Triboi
0x79e38a68d3f9c559835a42938285314ea4f79ac1,dorine
0x79e5887feffb8ca59fe8fdf419d98f64f214d679,Nick4560
0x79f095e17053a3559d2d89d2c63142080b4a9060,Martin
0x79f1f14e40bc1f5d26eaaaec0ce5b9475e233a9b,o2-mint-handler
0x79f20fcc8f0b8ec3def8781dff6edd561b5c775d,Lxs
0x79f281b346204b7af83d9ec5c2251376e170e43f,AtomicPersonalArb
0x79f2b100469871712ee90edfa0f791ffc6c5328b,Milo Crest
0x79f6f8d95c5f07c1beb289589145abd96f647394,Circles
0x7a014d941e186e681e40d845888d23a80ca9d3c7,Artyom
0x7a08b2b61d47d2473b0d106d55f42e38f77f130b,Eliza
0x7a097a35eaf0309b6fb6214c2fc3b5d4cdd0be0b,Karan
0x7a0cd4487f261dbb456aa736d5a637393a4b5ace,Manuel Rico Molina
0x7a1abe884bc29768bb4c31b1fcba8f17c8bfb3a9,Marianne
0x7a1cddb34f53fe1ae41a099a766fa860271fcb31,SHAHRAM5678
0x7a240b3c3c20992a496d1c24582d464cd39fa8a8,PriyaNarayan
0x7a2b2c316d30e0a1e2986b94b23d0d49257812c9,Coeur Essonne-mint-handler
0x7a2cfaf50b1e68deaa77c898bcbb5a81f5b202c0,gundam
0x7a31058993add4a105e7684bb05741466de4a018,danub0
0x7a4df289ad5142b33bdec3e5188f4a04e586e902,convexcommons@protonmail.com
0x7a5e55ac2ef1d559fa3f1595c56416b95ca9da76,GGG-treasury
0x7a621c0f3aad703c323f17b711ab6e44350b12d2,pierreMht
0x7a77c999ff5a81e198ad3f9d4bc23630789790f5,Leaneze
0x7a7a3c5e655fc8da6b4d9b5e2a3af50cefe7708d,hotels
0x7aa6fc714205f0742ae94a46b830d07b9bc0acaf,Whitecloud
0x7aab144775f1ab299b53c2bc8968f83e2b0a7ca8,k0vacsX
0x7ab85321cc6df34371a2b5bcde7e42ee91919563,Keith Maxie Jr.
0x7ab9794a5185a04993c041f8095caf51aba39c00,Ems439
0x7abe74b71f2958b624cb2be0596678784c0caf6a,CRC Cashback
0x7abf5e4578b488e81335dc8b8c1a03a18980f08c,Space Cadets-lp
0x7ac50343e1aafaa72bfbff20fb3aee2d70688b26,Makiko
0x7ac5e716ae580a01548cbca4a2762d00efd53273,tit
0x7ac60b1be5e8be0db7a0266aede6ee19c8f9f4bf,neo
0x7acdd201ae0fa4e433068b87f424a32ede499af9,Test k-sterio #2-minter
0x7ad16265839e027d427bc247442fb302dd98e04e,snowcrashhh
0x7ad3bdf83687be96255b1740871c8b3e73cc379e,efwefwe-mint-handler
0x7ad4304ff3b59a8d6ed6d68ea9e8ea08f54b47b6,damian
0x7ad5d27c0ccb711a34bf3312fab4c8bcf1e97be5,Trump Nobel Peace Prize - No
0x7ad75e16538cbcd79c85978b8a519fd2fac6ffe5,Clément
0x7adbc5832739117a6f3d45332d439d492d4c7e62,3.14-minter
0x7adc554258240da128dcf74db94b69bdf06fd55e,Payment gateway
0x7ae0061a6116fe1f6c6a8d54b895cd1cf4db135d,HHHHH-mint-handler
0x7afb8995b40c8a18beab88c404e60105b7e62f93,snar
0x7aff15ea5a1aa13cec25faf87f63a98fd2ea3d6f,Will there be more than 2k  - No
0x7affc28c9d6a59f8b80d60cc91fa395adb648b6c,Rui Duarte
0x7b222bb3ac2cef2b574ee24b14946b31bbbb9d75,taranis
0x7b2afdf7bfc6da305a9157cc7a45ce053d58d007,Cyn
0x7b30cfe3a47fbb3ab0ecdb73243180c1e280b9f9,Pascal Daniel Mario Fuß
0x7b32198be07d58ae73dfc153456a04db044ff1f7,dacia
0x7b365011979ea2d5c15417a751ded507ef5f3f5d,dsheets.new
0x7b379a302328c5b32688d3bc0b1c2dc60c0afeeb,Buenos Aires
0x7b45f781008c9dbc1dec02554c23f413f618be6e,David Miller
0x7b4e2e510bc3c22dd38f7ecfc3adc464bcccbcd2,kirprih
0x7b54bce3f935f3b76f0e417ab4f2680c4288216e,night
0x7b5a0ee6dd4be74cd6bb05d01837b2520cba11db,Simone Minolfi
0x7b60af586720e9f10a05a9fd607f43ee6b6abfbb,Stefie
0x7b6278c9aef4ff4471558ccdf9acfe5cd4fa8477,dessymama
0x7b6de0955d5b13bc6dee0142522d791ace5dd17d,Morshed Uddin
0x7b783be3ec4d035406cd3f4f05c755f85351cce4,nf3121
0x7b7f03a22f8a18b307a0cee266a745b9a8827f3b,nasa
0x7b8a5a4673fcd082b742304032ea49d6bc6e01f5,TOLDU Gateway
0x7b954794b3f4bd5c92ba03ffbbe835cf810c2f1e,Fari
0x7b96ef27ac9b8c74147d192fc9b62b5b604ac2bb,Automation user main 5
0x7ba7c3c7a86f30e50b7cd6ef9859e9811f5247cb,home
0x7bac33f60543e3c4fc6490b83f8c6e2e19f88875,blubb
0x7bb0422c045b61f9281159b2f11152327500e0a9,iveta
0x7bb8defb20660d0c75bd5f388774ee982e76f4b8,tommyr8
0x7bbf979de6562e0651caa365683c4676a5891e7a,fix group
0x7bc05f243b527ab85d00f6beb713edaa590b4929,violet
0x7bc077d0d7f8f692913a19f1dd1546fea7807a44,mrv
0x7bc39e4d7427529f12b165dcca75a30744d82daf,camvic
0x7bc3ea8b6a82645213361c7adfaa7fd068fddc58,tham487
0x7bc77ff67979a657485c8a5c2ec578aefa273d9d,flo
0x7bc926c8756845b7b8b54136bce3833006835c02,NotFloris
0x7bd177a51925fc3f4b7e94900c5167dbe1d52c50,slow5ort
0x7bd1ccdd1a65347e5ec40ac12119a90e1517245f,mattekr
0x7bd4f45ea8013d89c6684a6977133a73009af3ea,SatoshiNakamoto
0x7bd9fe6a931dc16747f9d94202515905710eaa87,bllizeuh
0x7bda249f0fcfbff86de1c85138f22f1e67c7eb53,arn3
0x7bdc7a4e77cfddfaf9500e6ed8b724c14add070c,Stefanos
0x7be2b60c8225e763654e8dbf252c4290c5865eca,0zeta
0x7bf3e871497885b33c6f63d64c458fa12be9531e,Russell Ferguson
0x7bf7b64179b43eb109c6fc30432c076d42015e65,nicki
0x7bfb003620e0b8091023ea38759a2f20faed65e7,rollingstones
0x7bfb3ae1f9ddd14a06231f21be2338c9a43e7aba,j0celyn
0x7c03f23cc8b14b285e0fb47883fea25800b81f48,LunCo
0x7c059093911c80ca1cce07c22740488cd405dd08,Anna-Liisa Täht
0x7c1a5fc07ae7d6e46b7557cd19ca26497a6ef9c7,rogelioganda
0x7c1ef6b21c030a6ec6c765fce9b4f6599b4aafb5,hootpot
0x7c20587b0d75e3fdd0de53af7c90c89d1f279764,Corwin
0x7c2720bfcb6bcb1ef0839b41d0590c4f9f192b0e,Students in Dublin-mint-handler
0x7c2b84789147f6743766d1df53c88d456d7b6924,coolbeachbabe
0x7c2d34738115513982a24447cf792e48cd5e34c4,Eunji
0x7c2f51cfee87efe2fd1805fe919d6e980419691e,SoliPonics
0x7c3091f2f2d6e2b838641ef8020adb2e1e966771,hootpot-treasury
0x7c357d945fc05dc0bf395f674d965e899337f31d,max
0x7c39354c847872962fdee808e8f5ce686f1c0fb3,TestGroupMM-lp
0x7c40dca0e48be4e0d218869a788eaf9f91de3ad0,MestryX
0x7c4363d083b9c069e014f1115224b0e55113a85a,Nicolai
0x7c5248fd4db351d4896d9412aa58ae3660e18028,Alfonso
0x7c59dd3e95c9f2059b57c8af1ba311ae8619bcde,alisha
0x7c5f150c7d926fcbae27f8e5041bf2ce1b937ed7,CrossPoolArb
0x7c637153ede02cc66c4c0d4548f152ea2c88bb54,testaccount4
0x7c735a3dcd0be3eb080c2e6bb9bc9dc4bac6628e,ectoplasma
0x7c7956fe9ce88fc66a64217c32c4ca0499c4a4b9,owerdna
0x7c7aa58952c8a69406da71e5840a7777e401d560,9by8647
0x7c7fee201af19a89c5337d15a074e2dc18eb3a20,EventPayments
0x7c80bf7695c2edb48525393cbf4b0fb303829a4b,Test-mint-handler
0x7c842a9578e917eb4ceb998d75d980cf113d68f9,MicStrat 600k+ BTC by June - No
0x7c897b3107787317f6e3dec6214b3d1c357dca98,Dappcon26
0x7c9c9370333d63cec1d15953df7a3dbea6485a11,gr-treasury
0x7ca076460930e96d4c1fbb70266fa63488baedd3,Ivan Ivanitskiy
0x7cab18be72ea969267d5006e063d47a52561003f,siim
0x7cadb2e92295f3e4fa65d3d4e7265e2e05d7a783,Gnosis
0x7cade22b75db31653dff8f1c4c27940edfbfe898,Mrinal Bellary
0x7cadf434b692ca029d950607a4b3f139c30d4e98,freemoney
0x7cbfee22182718bbc79381ea8b5769032c6919d0,My new group-mint-handler
0x7cc66347463018ad43461eb9a90214aa537fb145,mitch
0x7cc8cedeffac4d948bebffaf04adf125ea44f5c6,benjamin
0x7cce863df5db3126c8a7e2860bf2bd0b63f90d79,Base
0x7cceca8d706a39a8bd263336d1c648aef1258d8a,Loring
0x7ccf113bacb53fed5441036e9b734f74ce37a767,The Owl Backers-treasury
0x7cdb656066057e91b64846d09e07cb34bf9b9be8,Ann_TestGroup-treasury
0x7ce16d82a7e9608baae59906d6332e5f893ae04a,Paulo Lopes
0x7ce2dd60ae42c41557a861208b6e41b89e6acd99,Jan Magnus Brevik
0x7ce3b7bee44a23b28e21bb43afaa284c5563cb89,proofofjake
0x7cf01d74033691a09a0e29c9fa504dfc18d87ab8,G7
0x7cf614b1c15a2bb6da76446e66747500ec5f021c,Tom
0x7cfc6633c49fddb5a4ab1580b61d745f2dc7e40f,阿迷脱毛
0x7d084849860d253303e5afec74ab6df453484a5a,Amos
0x7d0cdaa0421deeb8088878eee563dcbd3a460617,buadsa
0x7d0d37398a2d1a3c3494a17ffc5ea0524cff9fb6,xecuuhoa
0x7d17a6752a1e5b3b921af355af20747f7ed7cd70,Grant  Anderson
0x7d200eab1ab2786e0fdabbdc07661c6fe7d2a8cb,gigahierz
0x7d225dcc867b4451e4860f61d2122f0a73b18ee3,Phoenix
0x7d2c0df50f77f6249885ff0775146eb2998bd1bf,daniel_bmn
0x7d2d792fea24a32237dcd5eb8064b64dc68b8bee,ivanka4
0x7d2ec03a058457053ea77e30a72fc1130e5f5c3c,giraeffleaeffle
0x7d32ebedc58460a21a43fc7cc9b3c6b6975173ae,lbabe
0x7d34f02ca511873ba03dfbd6c02122f48b83b265,Evgenii
0x7d382ecbd95c3fb22f7cde93af9185c684d4f729,Androniki
0x7d3e738cf4f83452a61058a2822cda41c3b51a21,Itzmichy
0x7d44e3060cdf47b46151a29d568e0e1ce2c65072,Charlotte.dr
0x7d4cefc5c07edae92d776a8d348b83074eda1710,Ernest556
0x7d546ede72b99af2f42c539662646b36381e9474,Mini App Store
0x7d5f135b281a261baacddd88d70eeca0515e753b,Gilson Farias
0x7d6398f9490f29aaac622286795a053ad89a39c3,Peknews
0x7d68c508ca9b457441e604da0eeb1e6c41e6ff2f,Rémy Alvarrez
0x7d786ffced34833487296f678dfc31361399d84b,Angel
0x7d7a04313ec3776f98bd5ceeb5fe494a635a07ec,fuinenova
0x7d7baf42eacccf140124cfef79348cbaf1b2e873,tosh
0x7d7e07a09c8ef82748818e7b076243183f5b5ec9,France
0x7d85fb71e2128384a3c004741a08c0f32cb47e8c,rafael
0x7d8a2e56a2d8f2f317225e64b071e39e81f87aca,derailler
0x7d8c623568e34f6b5f011920f31a821f18ed66f2,Wade
0x7d8ff5d1a5406ccc7204472361f9687034df059d,roxanna
0x7d940e78a0855ea5a4426786215779c7cc9bbd5c,0xbitshift
0x7da18d08a7e3142eeecc02ca53e0b7121223c25b,Konstantins Vasilenko
0x7da2339fd24acabe3d656053fe51ad9d550d8d6d,c3rnst
0x7da2f7f011e9f57588db3cd6d23bf842ed9347d7,Daily 100 USDC - June 5
0x7da59424a109a7faa60fea8d926be1dcca6e2de6,Juanma
0x7db04bb4751793689d625bfdb81a9679e70d29e3,Alen Pankaj
0x7db16f0df0aaaafd33172f3426d9671efb2f1d58,Stefany Soares Guimarães
0x7db9e25f4ec0fb0711696ecb47da31c8e85b153f,Nyrok
0x7dbc693c478836bf837ebc2f499cfe79578bcc7e,Gnosis Guild-treasury
0x7dc7b47614516356bcceddf16de4e7386167353d,CARREADORINNATO
0x7dd9f44c7f1a6788221a92305f9e7ea790675e9b,NFSociety
0x7ddd0d3ec8b12c6b15273b3a7f40f3dd2083b084,Favy
0x7dea87b718da6974c2219f527ff7bf445d9e25f5,Simon
0x7df035ba8a41ffc310f7e3f94b0ee400c27043b2,FLAT-mint-handler
0x7df6a002bb8b9e37a8e4c552fcd686a277b1ea1a,Lorindum
0x7dfd91ede448f2edd33b024533c5a4abb323a49e,Pete
0x7e05912e2ab223f26edd954ee0858b74533784e4,matiasgonzalocalvo
0x7e05a2faaf3f837f703a1ddb0f2f69e539488e94,DUGUR
0x7e09438a61ba64b2866b5fefb350146f93db7959,vitalikbuterin
0x7e0e5a9b4ac405dd36ead26d7ca991e91d8e1540,verstappen
0x7e10651c51b7aebc05e15f0bd6f9115bd541e6e5,Michael
0x7e10f629ea1529d0be8df57340c6bec71bd587ff,hir0
0x7e145f212cc02bf59164234f43a0bbf6d6ee218e,StopBankBailouts.eth
0x7e15c685d4ab71750a4ca45f607af0de2091c20e,Casper Andersson
0x7e2031f376e7768590d521ba7e5ce5c653c9868d,Guil
0x7e211025e7ba7f71d458c374684785974a56dd2c,tman
0x7e34d7f93c756ba55b83d433b53bd9d7f3df6e01,Hexlify
0x7e514d5380eb4ab90ac3d22e6ade3cdcd27d3e8b,argiago
0x7e53b94096cbd8e242a1578dcc172554af018ebe,samparm
0x7e6bffb11bb73d7cef3c2c2c14474f606fd91da4,numberfour
0x7e6c4b575b9ef5f33b74283976fbe4e0b79f3a90,sobat
0x7e75fa9b524f118846bcfd64138a1d383b10f514,dnbx
0x7e7732185302607e9110258e5755a4556c2fa10a,Ada Moore
0x7e77a66b8620ba3f4506cc273071e3f2c79174e7,TLGA
0x7e788525cdc6440cf6f657752f2a6774e94f5e37,0x7e78...5E37
0x7e79e6241fe7a1673dd4b3de8da1d58503d8167e,Jayme
0x7e8122f0f73669ae5d0ea29ec44853ec2a45a161,0x7e81...a161
0x7e85fe8f659467d8baeb3ede778858a9c67ee1f4,TraderLea
0x7e9676b1e30514905c06e9bf6bbb6570721f0b5b,lympix
0x7ea2cbfb4478295b60a48d028e820ec6869428d7,hurensohn
0x7ea335c50685274cc3bc74b7cbe0a94be87a9857,antonyo17
0x7ea518625872c5e9d97d8a6d93f117fa9a82a8cd,0x7Ea5...A8Cd
0x7ea7614177a75a3f6bee8c0e9be50c5bbc20cc5a,yannia
0x7ead9d5070bbc5c894d1bc505fa268088a9cbed5,vb_test_66_1
0x7eadf37a1651ddd9f61614e8fd8e2a44c06e0838,tomteman
0x7eb21ec52cf86ab07ee453d07cf816f7365f1667,0xbluejava
0x7eb336afa6df8935e7157eef4f79f8d4a038493e,Ligita
0x7eb3e212870c23c5bc3e9136d62d4e1774090f55,Test Group-mint-handler
0x7ec4bd7ebfdfce18ab8d3c716ce4342c4c27b71e,Pinnacle94
0x7ec70d217a33cb0076bba47f0e2e73c5d7720e6c,wasabi
0x7edd0742968b24f872b323146b6f9dace2cc6018,Fatih
0x7edd9cce91e9000e6cd98665f9ec75201b921aee,petes
0x7ee0c9a6616abd7d1d41b437311561924addac7c,Pedro
0x7ef27b7c622a913de4bbc4d8d0b54fa372c13800,qerqwe2
0x7f06f905ccb8f00f1cdbb7c55020ce65398ed925,Gideon
0x7f096cce6816d7ba2bb6ee85827d22a12087e27a,fakebanker
0x7f0d16548944d95ee14b29c6b3871796e98b9f8b,gm1234
0x7f0fb0dd2b130bc24511dd0e91c2e5a2730c450b,raphael je
0x7f157241e0c0872006682d5006f7c3ee4413b8e5,Romão
0x7f194a86ec5c27854344287dde7ef21e3a386589,Isizzyboss
0x7f1b10a01e6ad8d299194c08af5b8a48c5463da5,Ingridas
0x7f35e04a831e4e3c6a566e3ec93a3de04fa3b1bc,test-redeemer
0x7f399f21f16eb2fb89990416c6de4fd20f5cf3d8,XX
0x7f4b9d9da29d4301ba7857dc0901293ba85d3329,degane95
0x7f4c2f0f30421839225c977d5d10e67aba848d5d,Madusha
0x7f51d99711560c120ff0d18cdff2693b0d03aede,aaTestIIII
0x7f5268bce92fb7fde2ff23b811bb295b6665bd62,TalaHafiz
0x7f5aa1eaffa4262f4160f4ba627ba0189331fd0e,Nina
0x7f5af2bfb1c0b8e32318ddca8b61e007cb673d32,blug3d
0x7f5e2ebeda119b3f3597426371e3b009c854b295,History Guessr-mint-handler
0x7f68b8697176ed145d5404af2e9cf7507943a77f,Jibril
0x7f748d307c6c3b782024157daac5a4f903d411a3,Praneeth
0x7f87cf4e5e7cf547aeec1361146cd81285f44626,testvinv2
0x7f8e070b3d81a52473969c6c9cd33c0733538439,anthore23
0x7f98ba3d9b4385822e83fb56c7e3bf5aee478b1d,TestGroup
0x7faa02e4129e2b5459184e0319f702f86420b857,Telmo
0x7facb36a8435e53282b7801140156e2b56ecaf6d,omegaskiller
0x7fb389136268dcd56c7db30bacaba8042899d20a,demogateway
0x7fbbbb1b338abc54feeca5d6c99f1f7589345f14,marco
0x7fbe206a856a7002e0ba1532004e1ef1cb26a597,Nova
0x7fbe221cd2e9e993db68ec08a9c19179a111d6d9,Test New-redeemer
0x7fc950c97a124f9905e593cb8a698b82904205aa,Onchain Fellas
0x7fcb47542b91f044df0a0cd1d29a6f618e5b9d30,jeantore
0x7fcfc0369565fd90b757eee5c76aad0523ee7fe0,dibeh
0x7fd0d7a99b3c7d7d149805890d9cb87f805ddaae,mi familia-mint-handler
0x7fd1c2fe0e0e0a683a87e24e435429158e66e378,Amancio
0x7fd35d536d2246963306a7125d1a1d35def03779,anything
0x7fd36d96d442f717c015540543248e7ff1798a3b,e2we21e
0x7fda809cacae2803f7836841e93fa42af23a2e32,r0botllama
0x7fdb0936935e56bd2cbe5434b2b4cd49d7fdbeda,mig33a
0x7fe73e9334c9e151fe0c690bf403f815411f405f,rongxin
0x7feb1367fdaa8837f8940bae871a167ae1edf1f7,Boys
0x7feb1e67841b44cb9f360c366e396b77f055677c,rochube
0x7ff3f32a0bcda1d496c1d810bcfc5d625d086de2,Paulette
0x7ff481b28ccdc5801ec803ddb452c522849e6e86,Nightrider
0x7ffdf68c3cfc27b78fbf4d421b2f6b06fe3a6f44,kaloiu
0x7fffab79fac9dd2f8fc22f1e904ca6d498e6183c,Dwenn
0x80043ffb011925811a207d8e031f716627dc7435,CrossPoolArb
0x8013eaa742c9c9fa4d796193e979241a14ba5e8f,Jy0102
0x801a0d132c6e343450c389202179ee56e4739e06,xuxiao
0x801dbf93e416cd24387c59632e61f664376b3188,Joao Abade
0x802bc542994606b275cb05106b2176ddb3464d0d,vbtest_22_jan
0x802c2df7ffa878b4b45ac526b4bc101ea5a4402d,mathew
0x802c7c3b742553433efd7b2fae595bf059be361e,jensei
0x802d69979c7ea5ca5f36610af0d058db0ebbcd16,Test
0x8032fca762a0ad903f234d69d5e801d37c691056,norton
0x803475999eec59636bdc7f345a8c335df566fe4b,Ameng1983@gustr.com
0x805ed8a7752d30d0ba6af408c713b1c470928250,Ihor_gp8
0x8063397fcae46f1d7a77e494cf09b52aeea94125,dam1618033
0x8069f2ec4d973c0ecac98de577860c0463ba21f9,Gardens-mint-handler
0x807c6c6c173098abaa426ca366dc586ca9d176a2,Winifred
0x80849504c1cb6ee93c082b2e1f60184099d2070d,DashboardGroup
0x8089e2ecdfed287f11090f963016dbe53eb8288c,Rouaud
0x808da12fdd0a56413551449053c2ff918822e7d6,BookBeat trial
0x809258dc8b65b775f632593b70e2d230724004c0,Mariela
0x809993e12d302ff6221d3d70f3286df2ecc1c02a,Thewalters
0x809ccd60cddbcd42e12690cc6b76d76eea064b22,Gnosis EthCC Merch Shop
0x809ef3df3ef5cb2bb6381cecbaec4d17c0c1dff7,sarah
0x809fef124c2a5b1716ec0c3a3af7bcafffb371ab,Circles Group
0x80a0dc6ed271e1dfde5173956372ebe1ba5f9f58,creator
0x80a1c40890d5388d42a421b5f98aff3e54717334,🥂
0x80b159c8980e8a0e10119f10750c6d7634520215,deonoinhieu0303
0x80b5d2dfa590d04a60445b6602e0e2f7a0cace8f,djaksnfjkaenf-mint-handler
0x80b905afb21cf3866a88e2f266108bfe627eef1d,mishahydo
0x80c221325d88c8cc2b810c5dd7b132f756237057,dnyberg
0x80cabc56d08e3777725a7b2725e2ada642086613,Etherium Foundation - ITH
0x80cc0696227df37413a732cdf71b6b040135d638,CRC Consortium-mint-handler
0x80e4e346ae986b0335aa66c25b56f911d87740de,Pepa Nos
0x80e9507cc2ff621d8736dd20d81ac3fd295f1b80,prachi
0x80eab3342bb4eac37d630b2f8ce4e58cc9efc15f,xipmix
0x80f0af62e443c9b446da233698010837679958bd,Dr rj
0x80fb2898bb73e13a78f296d7f902656e383dfa7a,Kajakkes
0x8101dc90acab35b54f2e8df0132da095fac3a3c5,Jelle
0x8107c70f432e3f34fc84df66d7636c8455468b39,FFFF-mint-handler
0x810af1140e0487641544d1c04c3ac7ae2bb9bba4,NFT vending machine
0x8112970f51bc4fbcc6bdd09fd7961d362cce0613,Stylianos Kostakis
0x81263f8b067fa435c20b9d268bf2817923423f4d,rick3657
0x81313249fcbf09707e45fdb2cc2604bef7ccc4a2,inherit111
0x81315470107b8946484afc0b377eff134eaf6e3b,kadeka003
0x8132139d4ec3f68cd3edde9baf9d2137edca5849,Arcade-Org
0x8133bbbbe640e7b740a286acdff94279676e3d3c,Circles Pioneers-mint-handler
0x8135702ef22d64a632babda70b319d0556d4dd04,Roméo
0x813c714952f5a4b890281c0d188438b22c491f2d,My new group 3-mint-handler
0x8142413e76b015a413db25e1917ae6bdc3a06244,natosan
0x8153c0672d7a6e9336d5b806b9ab96ecb024aafe,finfox
0x81613b3eee4c37553bfe3c001bcdea34fd1a762b,admin
0x81678fae695ef95602a66bf77f56089c366ea976,Circles Team
0x816c231253b9c9bc41ab38fe1ccf49a3e39266d5,Regenton
0x816d5eb5fe3b963ce9f7f75cbd718497a7f9a4c2,smolgroot
0x8179d2ba84dc555ca2b6c84bc3cd1fa78f649974,DeluXtreme
0x8187235796a07ab7f5a841df13da0b3213746ec2,vibern org
0x819fb2af6d66a4fde8d2f8396283cc9b40208c1d,ScoreGroupMintRouter
0x81a337b87adee71d37d12116f8180ce8e47a5f7f,JONY13
0x81a342b39be01963f4292717ca90b328619a4c90,test-passkey-org-reg
0x81a515019ad86302aa76b19b702e1dca61f29228,AtomicPersonalArb
0x81bd5b933023a11f9a8adc654903adff4124109d,steexx
0x81bf738161e984f4fa4ccf7b1c1750ec71f221fa,Tiago
0x81c81e352c88122522435c6b4308cd597ce8b818,d1xia
0x81c820a76f309046e78eea20cc2bcb9ddf430690,der
0x81c9db6d20ae74207388099a76cbc845bc345452,motiejus
0x81ca5d400552cbb702cec65c113fa7af2c828e15,Felix
0x81ca92c5a28aa050ac234c74d04eed82db456d48,Merlini
0x81cb9dcf4098a589fd6dfc6367ca03fe0ae04ca4,sunce86
0x81cd37c48873f79b347e928d16bf556331c7df7d,mdr
0x81d09c0f3ce00fa9cc231b5b12997785e469f11b,CIRCLES1
0x81db46c7a98bc010a8aff2b01a2fbfc6241b8980,Allen
0x81dc550ce666a781c653c87b9c29521fa8d3ff8a,Leonardo
0x81e142149e7d317e0a9ebdc2b384a44f588a213b,MidnightFlare
0x81e3d2ac8a10fa19349655155addf370b9b0c735,okok
0x81f079782bfcdac2ac7b6175bfa7d6ac343146bf,FullNodeDummyGrp-redeemer
0x81f5c609269b5be123282f282a88282b41f3005e,TestCESGroup-01
0x8207cca910b18e25049f6cea19f876c80edd30f9,rsx
0x820f3d27d7b9cba6259e80f81d1344fc7ed6dc14,vb_test_74_4
0x82128fdb9ee1cd5732b6cf5a6a7287735e55e063,gno
0x82186ccfaa7c953ed15854cb475b86aa239c4bea,Beasim
0x821ecd9bcce99bcf593f38735f273b6413c9ee88,hasmah
0x821f0a4b7bf6fbb9fa885316258796c75f7707fe,Dani pols
0x8222f231e4270b49947bbc6831c2a4af63cf632d,David
0x822318feb65c23797e88f7b80a39e6bbe3414286,0xsooki
0x822b7b0b9a278eb2b63e4fe8e0dd23e03093542c,tractorsss
0x82320761bf9f42639fa9ba408082122bf0ecd3f7,test
0x8234b052258e7ac850fd6a3897aa52b2123ceef5,David Vega
0x823d4a2f37bbf8ed8dbe388a62289d60fe004c5d,1xPaz
0x82455481d042552f893664528b7a16ce8637088a,notsoformal
0x8247da0e5c46d3a410ea5dad31dce38cfcbddd29,opcastil
0x825792acca395aa83405b8a3af0f73d3d4c8837f,jorge
0x825d47b1967964990897e3e4dd0223b5d610fc12,DappCon 25
0x826ead113ef92e596b2515dfaa5d148c11f692a5,Noah
0x8278b1367a2580a76f79269f90330a2c362d231b,GGGG
0x8288dc6ad270f9a77c1a872ec5224fadb7b16223,Enrique Garcia Belda
0x828e9ad7309d90864c53c43413ab047caaaebab0,pin
0x82939355e15956a2b589ead8508e5b3beccf87a4,42 Berlin-mint-handler
0x829b71edf2a24fbf7a15879aae6845b40cb73ad3,Everest DAO-mint-handler
0x829bfd6dd66a552784a8d22ef01302387aa37644,3.15-minter
0x82b9bda810c18e280fad397bd6df8ea43c1d8e63,CRC-984
0x82bd60ae79add0afeb902c1fd554e7d4076dd5ba,mhdsakzz
0x82c21c1dc9a75a4490912b1440ec7c2dbb6f9197,squadgazzz
0x82ca19491b540b63c1a4f674986f6633c8b2b8bc,GnosisArb
0x82ccd50f0698b68e60118f4712ffde094c5cb3e0,felirami
0x82d96d551a9b5ee1b0d166dfed45aa5b48ccf9f4,Lorrany Xavier
0x82e76c7293e1e429b8f067e445392203cebd093f,Circles Slots
0x82e829aa0d02d1112d11d756e41855035c9a2389,lumi
0x82ee8c44302015f34cdb0eccf36043b7a8d34301,Kanisha
0x82eeeb91ee8e466f13dd7eba88c78b3437326d71,annamar
0x82effc5b0b7c3573cad8863029c1bf170bd1be72,manzoor
0x82f09f3e3bec87162a2a60ad6a55318a476ed5dc,test-lp
0x82fa4ce497440cd012587ff465f4de29e12e5701,Armando
0x830c3017f3340013ca5636e08c218e9ad7cd7307,Sasha's_friends-treasury
0x8317a8146b75a7966f6427049567836b3ab2743c,Maximilian Florian
0x832d503c56c970bd5707c54cbd2740b8021ab101,Dmitry
0x832fcbb613d0d2cbf92bf8b5e334247a3a4d3282,MINTHANDLER
0x832fdb98935417258297e868e9cac364541fa313,fasfasf-mint-handler
0x833304482eb6f0435b62b6b7cc67e5cf3e1f134b,Robinson
0x833be594675cb5dd83b19905aa6f46201b5d7a37,TL
0x833e0954cd48630d65a0dd8c93eac45f5638f653,Reinier Klaassen
0x8344a51a4d90d7c9b1820dd5917f4dfa7be0654c,xylenos
0x834679fca59f59fe1febd8bc0e56cb8de3145266,Circs-mint-handler
0x83543ff6a8a518a2a9d65e73b8d7065de1614f87,bit
0x8379436c6bb1150240050b74b08a1078ee14248c,0vni1098
0x8383cbaf055fd73dd5320657e2a79095a97207f5,0xangeline
0x83846851f1d6d4612fe678a6b347ec0626460269,Stratton
0x8386c9e54809a76946cae1d4f572e2883345e35d,loop1
0x838a3f6320eee0e96a5b75285afe98e09a14e7d6,q
0x83917e61fb5e191bc75bb7b214ae1bc3ef4f9f41,Nine
0x83a912170b7fd053730ba8fba1b407059ea52fb2,Georgios Patetsa
0x83ad82eb12a50d5fc65458d3c740a434b04a6b69,polina
0x83b9888926fbdee7ca0399b1941b757f3fe7e0f1,Catalin
0x83ba22673841f13f6b47745fc7ab8227063a91ac,Edmunds Zalitis
0x83ceed64ccd1041c150e688c842455c1f63f9e5d,My new group 3-treasury
0x83d37f3469cb166e63d8d67602d611dc1c1b1f9a,BaseGroupTest-treasury
0x83db322b79d85862931ea8735127b964477dcfe1,vbtest243262
0x83f33bb8ba274562cb508eee60b4b4bd09b5d110,Rossella
0x8406c3174c3d91f6536a6ac960e7e8949cb1a753,Ludarep
0x84173e4161b09e1765b9e4bd0a4469fc0ec7e476,The Onchain Fellas
0x841825dbb96cf2179f04e8a060c3859542210530,Circles Amsterdam-mint-handler
0x84199c20f35668f4bb5e566cd35951213cefc32d,Dumitru
0x84228b1201330d3e1f872b8bf89a42f4352c00f3,Joy
0x8425709f97f9c61eb46923acca28e2ac8492909c,vgrms95
0x8428261fa2e03fb25fbb48c2b661c6d7cf8d31b7,noslav
0x842a39242d70f05f6ec0a0e6fa631df0b811dec7,Albashir Farman
0x842ac8e3fbd9f9a3c3f749539d91aa0d9156887d,shrns bandcamp
0x842d5e99b46ab1023ce6bf20e6c38b876d1996e4,rapstyle
0x842e5bc9e7ddf6c6428e17abcd2df36598464fa2,TobiasGroup-treasury
0x8430f4e4e670b0bd89ae0bc332cf1642812321d6,oloroso
0x843593cf58f523222ac461e32acae0d7a8519472,Isabelle Novak
0x84361c293049c6d3255e0c16172c58085e1a3bfd,anton_eth
0x84370e30515466d7afa9eb44b8e968cfe8794b5a,AliyuMusa
0x843d0be7d859c41d2a819706219627404641f06e,Daily 100 USDC - May 31
0x844e7cc1c0e6b590058271b966307ba1becefb7a,Ginevra
0x84573db6370509840e8225b6e39a9f750c395e68,maxime
0x8457eeebbe9622efe238baffaee5decb3b2238b8,artdao
0x845b297950f82745a76eab63cee09b3dd0e027a9,Lindsay
0x846dab358d4a9c22b6e221ed8c0a561f9411e11c,Meaghan
0x847383f0d87655156323d8383c7ab2d546c704d7,TestLottery
0x8474e30da4fbe47ee3c66d3389fff8fb7be9ed73,Kirkkonen
0x849630e448397e4e58e11fa0506a47db09e46ff9,retro
0x84a788db9e1c871d4c10abb9015b7eb7faad44b9,noic
0x84cbe563a78e646048cd85beec09fc98d55342d5,3.14
0x84cf62fe275fb07b72e207c67dd8e68d067ae444,Alhassan
0x84d63c59ec5b679db259dfbaf67947026b85705a,psTest
0x84dc9560b2be268322fe5bdfd7258599b33628cd,Laterain
0x84e049d97e56909d35d0f5fbe17f721fa176538b,Tomas Martykan
0x84e0bd566c5a91e9aca7d16b5dfc4edd4561c3c4,Dmitrii Kulishenko
0x84e3d3b538db3b3a013bfce32154143bf85d068c,bikash
0x84ea90bef624879cb4bf13d752a53b95b4f2258b,Joelene Marinone
0x84f349a0396df92898155aace96c348a9c758b43,Dimitris Konstantinou
0x8509147427b4f2df6f5f752ffc79aebbbd59fde2,Ruben Ezequiel
0x850a8a51500098c5e55ca70c2ca3a82f194e4a9a,Mateusz
0x850fc269be7d6b21e589f46246d41664147c8452,Chris
0x8514c948ba2b39b403ae6df9ee460cecc919244b,TestGroupSAFE-lp
0x851a627f17f6a0059b41478d31a8e07ec3fda401,mlaegn
0x85259439ffa5fbf28c63c0452892be7a7969e8aa,Harlohskid
0x852932cbc3001c0f6f03ac88df3e9a94afb1202e,bursa de zacusca
0x8538f349eeb702d67322468de49bae151da9e66e,Max Uckel
0x8539aff8bc540c872606c28f36423eb4f93e57be,elysium6416.eth
0x853a3544be5deb56e6e2019ef680d49cd9602d5e,Emma Erdei
0x85454f80e0dd57769b70e4b6620529e14ba37c40,baby
0x85461277297bf4a534079c3175ff7bf1d2680495,dunghoa29100419
0x854a34a738c38e479259a84b735abd3ef9c9fa7d,CRC-GNO offer week-3
0x854f1649e5365176e86c93410133ff05912dbe61,f4group-treasury
0x8555734b202a4fe623d4d8b68737821d0d29f4b4,pollll-mint-handler
0x8562eedc12815d551da84bbf7fe6bd4c036d915e,Balaio
0x856c2e91a4e7022ccc9efedc39c407f406712506,bronco
0x856e23098f41b615ae51de70c12fd4e03c8be5cb,Zuitzerland-mint-handler
0x856f4230b038cd398e61ec9bdb26c20472d142ee,Wisam Abboud
0x8573b9822a0d71688560e036cb229c0c742a3890,„””””
0x857ebe7720dedb46ae7bfb1cb1a11860b67987a8,heviuktaras
0x8586b48d6f773e8536823182a7abfa82d5a51f47,Parallel Society-mint-handler
0x85938b5c6b32b7f79d814d8db54e2e1c2b8339e6,bjentzsch
0x859dd57d14042edcf741374f6506d64400d38df9,teeeeest
0x859f9ba83016c813c21dd1ae0964000c28f270b6,anu
0x85aa728318342fd811b8443d48185b31d5c02e67,Will Circles reach at leas - add
0x85b4c14b880e2adb5dd43694ca4fe5f3c24d7122,Warren Schwartz
0x85c1e7c2b3662bc1eb8c02c1237ccd3d03a06cbf,Headwitch
0x85c8badc429c8624edf1793c0a7d24fb9c1b7f6a,Milos (Mike) Rujevic
0x85ca350410c851ed6063f78711c5297af3bd3920,DevTest
0x85cde229cba782ef2d59d3958ada84e078b92867,Edouard
0x85ce724a624b4d9deb1269ec37b22853ec815033,0vni9082
0x85d0426302a307d9e187521c386001341c7fb5c8,Stefan-treasury
0x85d82127d220f549d1be2169ed15b7d259b973fd,stengarl
0x85e0fc69245c1088a5ae6b81eeb7e9cffe806d68,neri
0x85e1e9f2cf7618ebb9f9f079c46c639a8294ec2b,spider777
0x85eb66033af87ddcf7d4fd5ebca7124749aa1c49,WooShop
0x85f42a2c1f7ba04c3e7f5e6375658c8dd5ff4a87,KryptoSpace
0x85f47da6dad6422efd873e00d6ad1d1178a3887d,bit2a
0x8609e47b24102ea3708feb65cac91f27ac8f94b3,aleksejs
0x861043f68af47890b55f3f58e6bf4628b67218ec,joe
0x86214162eb26599cb49bd988695762546efcded1,jen23
0x8635b8fdd8520a8083f0523d8f35c37b46a03135,Danie
0x8640ed64605c15994acc7f9b0cb7f5b0b44a560d,Satoshis Secret
0x86533d1ada8ffbe7b6f7244f9a1b707f7f3e239b,MetriTestSupergroup
0x865da9091339c2e2f3cb66559f910c25b754a67b,CRC-SepETH offer cycle
0x866617891908e1f8ae6792f6a0c57c3c40ef941a,Will Circles reach at leas - add
0x866635b89288be421c5aa88e1815802aee30b30d,AnhPhan29
0x866eade109f26e130b527a4e9a8350272967fc2c,lukalad
0x86718e990d011608e6adc2786639bf43491f95b2,8899
0x867b3d333ef9aea9fa373f4377f42706b90c322c,Yueheng Hu
0x867e1d198299a832f5e407b106caad38a4c4a328,Test k-sterio-minter
0x868410b876ff158a107c3c8caf432814eec30b34,GNO Bonus
0x8685af1828916bc807beba2910f61f088f79f9bb,vijaykrishnavanshi
0x8691c607b78aed35d7c3256dbaa427ee7a7b3f91,rday
0x869c216e4b66c30753b6f7399d0c5d986bda7115,Antoni
0x86a50cf4146fcddb459b64f9dd4ecfefc1a62832,Jrmy LHT
0x86bfa5ed1d6627f4fea2cf8c00f4f6a7c6d9637d,My Group Name-minter
0x86bfb9125dd16e94240e26c79f610c1027b27b28,M. A. Sepúlveda
0x86c2a0a2cbf20acd38d19f159ac101aa143582cf,Samuel Lee
0x86c91954a1a55a391e963a185df26c5856a67e63,Test Circle Group
0x86cc745adad6a62a400b80f2247c543b4397035f,leonari
0x86ce9c9c9c9fdbe2e4bdb08ed4d460d72fb3c10b,emin
0x86d6d6c5b0191242abd6feccaf8a83a0b74c5340,wally
0x86dce15425408567cc2059c1a38f538da4318749,Limbo-mint-handler
0x86dde09b9a025952238a95f89930ec7b7dba8015,xoxo
0x86e235b87e4fb0c42bad800d9480287bb91fa7e1,Chibs
0x86e2c5597e1fb53e35ac9a72329d4c8375e35016,ghquality
0x86e2e1fa1da995429e36a960d638349d16cb4a76,sophia6571
0x86e5dee7fa2e05c3b26c1364ea274ea3c2e5d3ae,vrexyl
0x86eecc189dbe958f0e5d8bdcc05b392b532a0969,Cassandra
0x86fcd9a547ce31cadce19ef9f0a89adbed086acd,Discord OG Group
0x87026967e6609bad09f0cb9fb9638e0496ff5c23,0vni0934
0x87045eba26197870d19d9a8c71e81f805c3d20f2,dummy-score-group_1-treasury
0x870cecf78dfe2d94fc0925c5108ddfda931802e0,matlemad
0x870eb6b6a504f5e58f76626beddaae1693d60255,kin
0x870ef8427987a30347bc29ab372e34a34294d8fc,TESTUUU-mint-handler
0x8712f004560095e2f3ed57e9a11664db6211478d,magnetisoren
0x871bda6fe30872b65aa3cb09784ff1fa24e5664f,Steasmoke82
0x871d69b362ab160715d2cbf86b05ca28c8afe261,Etherium Foundation-mint-handler
0x872bc4d053d96f724d11a4b01964ad43544c3c8b,Shiptoasters
0x87415ca1d8182e116005216d30337c3385f7d0f9,Gasmarket
0x8753c989d19a74d8de1df578352373b5a05ebef8,Thossittly35@dayrep.com
0x8774c5fdad6e75d91d80ccc1db901be4274abfcd,Tfame
0x8779ef979fbab7135d10b6c53660bdd02abbde7a,GGG
0x8780df0aa1dbd9c63f75eb086db9a8406b1e5351,Baer
0x8786874d7f325e09f07a2dc0c938910d6a9f04b5,Zang
0x8795439f66fcd337fa0fdba0488a1979c44d0a5e,Tonton78
0x87ab1708a12ecb6f0c58278d6cc3ca088c1d2335,NguyenFaith
0x87be1f6b9befe0df713177504c9d06a44d83548b,GianfrancoBazzani
0x87be46995c76da91725fc633ef9a7915f133432e,Gunther
0x87c23a8ddaacc72c9fc7316baf8be4fe1fef0b85,Anestis Andreou
0x87c53acf85228c6ecf58d85010448869dfcec0f4,SG - GM2
0x87ca1c12eed6f91f400c7b31e56f6f6baf5958ea,aez
0x87ccaccfa96bb2e545e3d70f2aa155489ac1040d,test group-lp
0x87d32a7d180e31edfd2c4d240005fe8a39281d26,Valeria
0x87d7ebce9a787b9ae408fdb7d4992e081137cc5a,jfocmrkrn
0x87e021af8b25fa14f45024c1ac09345030db8c1a,Gita
0x87e42388920ba9285307f66bb851a000e8c7bd15,MyNewGroup
0x87e6d7a4f3bf2b9fc3cb0c9f52ec032bace9e346,Coeur Essonne
0x87e89b3b202237e209bdca3a71539e9eb15b9e68,sandask
0x87ebcff2c010e93e5c187e112fe3d8e29b0c3778,JC333
0x87ecf30b4d84b27241233cb3f23fd718941b0b04,belfone
0x87f11b28818bff017cdcd17af5acb25c1abf4068,scuric
0x87f35752db86515c09d060a0b91b5c58ca8e3b5d,Jhon M Cáceres M
0x880d61c9f806c9be60d8ed3a8293192616e988d0,SIMOS
0x8815f2e0f50f21c89335fac3ae577e6a0e638bf7,Siriosa
0x88164232c4d6f19326932abdc02d91a3a0565e1f,LunCo-mint-handler
0x88167fd695786c9ceb95fb9c2a4013a60a144bfb,Lotamike
0x8817219b8ad2388fcd033a9a540baeab1925c2c5,Dmytro
0x881d3d07871bd60d6798a159c51504eaf61a5935,marino
0x881fa00fb0b8b7bce4723866bc609c5acecba84d,Jose cruz
0x8826bc2ffd252fe4366dbfd06b5d4769ab589dad,circle-facuet
0x8828d13ed7537a6a166d11175d677e4e1ef300c2,COOL
0x88371943c63dcc8ac041f2cf2e764d121fb45e3f,Dimitrios Grigoriadis
0x883c76a0864b52ac9c2aa41ef5afff36a4faf46e,Nuri Melih Sensoy
0x883e2a0f73a1fdec7d080627397836b504ad7b22,harry
0x88509aa0732c7525f5251151b1004088ed89df28,0xtimika
0x88556b630b3be40ed800e98b469b5bdbc8e81dcd,TestOrg
0x8860c97044da8983ea654ac41bffd8f96f0a61bc,Thyr Finance
0x88651571f59affb9eaad254f21859e13a36d3288,Juuso Roinevirta
0x886e01f7a35f7081954fcdc7f58594288d467763,joao
0x8877ef51570eda7bd73683c19d9c7f6c7f64f474,joi
0x8878cc0461242000ef2c47a6d4ecd3f3a27309b6,Luis P
0x8881baba1c0b0457936048e7f5b3eb69a0eabc72,test-offer
0x888517f1d6467b82da7fb83cf3fd32913bfe8ca3,Fábio Pacheco
0x88873ba24bbc7b3eb19931766fac7e0da50b3f40,MichaelNovogratz
0x888eba9902d6ddbc7d0e0cdd5de5a96f0a0562d9,NewGroup CMG
0x88907d8fe9bd86f0f601788f96180a9889daa168,yuli
0x889d43ef0b01a6dcd56aeb93c2396bfa9d48ba10,Funding the Commons
0x889fe0f0361fd02395ce73b390b4de3c500911c4,Danil
0x88a9c9a1753b8077665f136a2156c0eed4927844,mario
0x88aa111254f7187023b0fe773bdc479aa82d98a4,Bevan Tey
0x88b05b0629357262d597b3843499cf01597bf9ba,Marcos Miranda
0x88ba7c17014e39196e23604fefd8f9391a89f541,test3
0x88c4077a15b88dc9cc4ee26a3b9ef1f95b8be05f,0x88c4...E05f
0x88c6c2ad4d415466d74269fce555f96e3b6d7305,designer
0x88cbef43f9b2d9a33861d0d59f269b888ebce075,oic-test-group
0x88dfeb905c49a5a5f355018dc31a17b0f92b93a5,artis
0x88ef660686954340d20ea69b6e945bc1919a08e2,Mr. T.
0x88f890affacbc8668b741af4d7f275079ba13978,mchatlak
0x88f9ef4a3ae556c612044f726e2e58951a9d3979,jide
0x88fad366b0e440bd9b742ff422cb212c90f1edba,Hunters Group
0x88fb60cf41dfbfea05c796e73f30dcbcafbdce91,Stok2Vel-treasury
0x88fd1ac5e1624b78a39349d7287bf70f05722106,antimonitor
0x891a804c0f17ecf4af30d2e647c8657c09b5b15b,Belinha
0x891a968636e9b48ac44f4e950e82f54132105496,tteat
0x8925da36f55db2f91c69ae2b7612e2311e10733a,acc8
0x892d89dafb9cf8f27d69375d3e1e494adb53c3ca,1xStormEcho
0x89308e1f7efd05f7d57548d4b722feb5ea560b49,Metri Testing Group
0x894881c8e8496af7ffd7a6d74042600032573f80,Breadchain-treasury
0x8949662458248b67510683219cc2b41cec9bd1f2,Marino Palsson
0x894b361f53e175d512d514837b660e4b9e92a25c,ozawa578
0x8953312b7a82911399e0c42163be4eb0e20b599b,Thomas R
0x89611688f028c51946f75e2e2c6358a975a81e89,Leo
0x89690f53709b020d4d53e7965db117f66a0a292a,Cygen
0x8982ab7d19bbbdeb1922de814c6f543923b1137f,AtomicArb
0x898ba06f4b4d95fcd981697d7fb63e3dc34a15ac,BaseGroup5-treasury
0x898e78d121638e4687348db9f3185f7a131a2043,Microstrategy
0x899ac50f2bac4a2105b1d2f3bee9db35eefebb75,Andras
0x89a41ba11e7dcda8baaf554c2403730170821822,fanfanht
0x89ae38644f8875b50e5b1546368f0765ed6d522d,test org passkey 2 gate
0x89aea589b87ea15f467c08eb13b4507a901a4ffe,nina
0x89b7bc0c8b880240652790169a16ec6cbc80c843,Sophia
0x89b80313167328a51ba9dce97663fd264573c417,gm1234-treasury
0x89bbeb77b1cca6eb4d65d38a84ef5d0220b11f82,Gnosis Test-treasury
0x89bf86e73955bed98d161d5e96c07162d90f3b52,mrg
0x89c30df1a638e1318149be6be56a8da6b32dc710,kk
0x89d1afcda227093d1ef922ddb0ea2c117f598e0c,botanicalstudios
0x89d6e227a3fdb9ee2ca0b51255fa18e9abac41a4,Colin
0x89d8bbc3dee92a62a824b98072c69dd5dccded1e,Masternodes
0x89da86dc9d13d542e1d360becf6b41449655ca05,0x89Da...cA05
0x89e33fc0dc6af3eb70bb392ed47f4f5d407d2af3,Sensei
0x89e5733a998c4c334870f045e44af146bc2ef098,maribel03
0x89ec5428c9f6aa91b175aa1f4a833730793018de,Cotabe
0x89efe927186ec09e8c2d2f6c586ed676b1d74a77,valuty
0x89f1b5c65393395e061706d7d4972955eacc1702,Engmott
0x8a02b0c215bbcab94503395249d1f43c7d9becaa,azee
0x8a035c08d156923b5d7f5e30343cc22ce881a2db,BaseGroupDemo-mint-handler
0x8a0af7042d86b340d86733d3e174b3424de6a321,Thameur Saai
0x8a1570bdc16dd7703f415ef4eda368d802405129,ArbBot
0x8a1cbfe5d75ef1001e58fbc9fb364c39fa21e557,0xKowalska
0x8a242f7865bc45cdb4a1436819542cadd9aad969,MartinsTestGroup-redeemer
0x8a2b43f36f383ece1a4794b4cdfc1ab5204996a9,intergalactic
0x8a2cdf893d03baa102c0a1f256d308123aef1d6a,New group
0x8a2cffa203c727cb4ebd90de24f7d8960e9cf526,zhonglimei
0x8a2d15774c25e0739a64601723d36c3f7ac4ac94,AMAZON
0x8a4b426931619cfca4954589da78b5580c9b9c48,arkhen
0x8a4ede197cf9caef09d269e8b73e1a342a8a4b33,graceless
0x8a50454aff2f9942bd3a35e630756590644f06a8,echo
0x8a58c4ced9c51da3d38b0e929912161c355f06b7,Einyel
0x8a62c9c11866ca6e64722ac728c1ba4a8dbdb83c,nikemelaos
0x8a6b476b5fb68c4e8cc030c5ba46e517d14eff12,Onen1988@fleckens.hu
0x8a813b371617022bf2b5098b58095e1efb12d4e9,My group name-minter
0x8a8723295499ff00c3a77aeb48ba40d0ccfa1bb9,layton5
0x8a88b2f545d84bad33b8c334a54c68e2b454188e,Liszt
0x8a96b7a587452efd2ee666e08e9aae6e270d377b,S20210117
0x8a997879e3bf9f6506a250f47f0528742956a295,0x8a99...A295
0x8aa4a0cce3c9559ae716e9950da67e88a2459d2e,Vocdoni-mint-handler
0x8aa80c255fa1d6d575dcf8de7604e5f7bb6fa80b,onions
0x8aab983d78abb5f281c3e54c55bdd81ef50e91fd,tariq
0x8aace35d0c10e5b784edf17cb5055f4c16451b68,Martin only
0x8abbbefc15b1fb9d69a50fefd0a494c6042201cc,My new group 2
0x8abc1ca9ee9943d2e36cf518e212d76d20f8edad,Junco
0x8ac28cdccdf124305ea2a76dddf76354a37bc093,Gianpyvt
0x8ac816fe6f8dc1a6efaeb1c79b29e4110c218a77,abc
0x8acdfaccce7cccbd31b79d31ab3c1c395700b4e7,Circles Amsterdam Shop
0x8ace2fa3d0adedd1e2d71368aaa27563f9566e80,Rolando Tabbay
0x8ad6f0e981c9808896fd92ce69d1ceee871a7434,Web3privacy Now
0x8ad88ef32e795a74bf7984e50ad445b4dc3a28c1,García
0x8adb69770b46ac52eab2cc5b785b0ea9287d5dea,elfriede
0x8add8733b0bbf7a64cf1e08f06d624ab565a1e34,hoangf111
0x8af3a6fb98ba680b6c00c0cbd02cabf2266c552c,kpk-1
0x8af89d41f5e5beb1691f66c2fdebe15fe3adcfbd,zafrir
0x8afabc04a9fb3bf497d86a9340ff496bf14ac310,Jacob
0x8afd068114521a15ba86d3d8de76de454b70d45a,Logos-mint-handler
0x8b08fe64649194f61f20b42cb397a08c9c720219,CHAIRMAN
0x8b09aa32f89a558fe51dd46e68d16cd8bd49ae1f,Bright.W
0x8b0afb249c04206ec9ddb0153d1fed199028d16b,nice test account
0x8b120dbd098b786f5988e4ce72b176ea320ad9c4,Vocdoni-treasury
0x8b12303178deb1006021ca3c0c4c47993d6472e3,mrararat
0x8b3c4b5cd5e820810f43e3c8fd69ad53cf4fa56c,lela
0x8b3d19437379c606fc7b4ae7386266213fcbdac1,etherium
0x8b4332ae735069435d29bb0d91483961c080bee7,testcamp
0x8b43680fbc7815953d2ba9a3571a196cf55820ed,Regenton-mint-handler
0x8b4679cd1064691a661e63dfdaaae5e4dbb4997d,DirtSoda
0x8b4dcb5dba844716e1c28119dcabbe804f9a43da,Breadchain-LBPStarter
0x8b529ef78046008f9d1fbc91c7407030de96ee32,Blockshard
0x8b6c44316e7d1ba8871403a4b9f5a95d23fef5f7,ethccorg
0x8b708977a6565c07f79eb2f71e33effd8d3ae11b,CryptoTesters-treasury
0x8b735cec9293184a9a17f5cbe4be9248b5425e20,Miguel Lopez
0x8b74c6bcb526d85b3d5da8f1fb869d4fbb7921c4,ramas
0x8b7a8db38d9fba5ad74cfe969bc8f466d6e55ab7,sandbox
0x8b82da40eec7ab3a0672d3ebad95ef20bbbd0fff,supanova
0x8b856b804b3c293b17b810d6e10ed7f7f983476b,asdadTest
0x8b8745c7b23139e72b0017d699488387ad59ed7d,meryl
0x8b8837883abd62a088ec6079f8c3f3bfea2ee3a2,graadient
0x8b89cf8285f34c18af632a304f306816eaf41bbb,Masterclass
0x8b8ab5756ecca7269e6d19df8ae04ab396efbd3a,Glightb2
0x8b8b9c7348c61d312d93ac6fd71ac0ada6958f0c,lamg
0x8b908ca811b6ca2bcecaafb6769508a981e279bb,jdetychey
0x8b9b2b953fcd137e134bf749a0476ef689df6c44,Franchuphone
0x8bad0933b98e08a809f0b93a7e4d550a7329ce83,pingouni
0x8bb1d973711cbb093766dfe6f949fee01009a2aa,cascaonacid
0x8bb7e19679eb72ca2bbc8b6e03b437f7688c42de,Pet3rpan
0x8bc149533ba68684361361cf82dc6a60185fba20,meili
0x8bc69accfdfda6592b8f31d42b2847e5fbb92781,ali ali
0x8bc8449da7efbfe1673b31ff14a27f8a983a78be,TestG-group-treasury
0x8bd03b3fc6f08723cd9b73f85fea662c946e8ed2,Soudeize
0x8bd2e75661af98037b1fc9fa0f9435baaa6dd5ac,testGroup
0x8bd3d50fe097faf5f4d7217b6ff55508ec39f288,Devid
0x8bdc8f71e02a016e6006d4e640b70a79f9b92437,MrGuPe
0x8be3a74fc7937405642520070e9824d400b52860,toluwalase
0x8be64dafc6535f049150bddb9bd9c461f050a60b,Aurora
0x8be7fc8279bf38f62fe877df750f1bad3e0df63f,Monika Luize Eglite
0x8bea15725478377c24a86dcc4985e03f2a545134,asuncion
0x8bf6a69b52f3b6bc201ce38307b29a5bc10a9c7d,f7group
0x8bf7cb50d2b1d83a1a4f81b8260a3ae0e6bd7d89,TestCustomGroup
0x8c009a832f3c20204e25648502cf453be1c267ae,YH
0x8c0de54fe00b85205745a7be920f8c065fd2223d,Vojta
0x8c0e16845037419d31c1fc88f76cfa2ebca9ca1c,itzpapalotl
0x8c0ea7b9e098a824209ee83eb10b6dd487a8fe7c,rhino
0x8c1b4742bbeaea4e433e0122c84f9ebd93d11ca9,jean
0x8c21c7424d012663f1c0983682d20819ef0e82fb,Aleksandr
0x8c2690d0df9c6d21e8be5b56cc8f983cfa7e5e8e,Navid Farsijani
0x8c2ff96127a7c5d8fc32c64c865dbe37f5608d6a,Sirwalter
0x8c361f380edb6f0ae4633bc9547401fce6746291,thalos
0x8c4cb95d0e92c5005032722dc8a96430375053fe,Olga Weibert
0x8c61cc1ffc352be2e52be398586a7f89f551813c,rcarrero
0x8c676a3774833df6113525c88b0f2f93e417d12c,fst
0x8c6c0a6b4c21c81836d74e75eb7cde703e7c3434,PickleRick
0x8c6ed28857e6d70bc58d4a455e88060f75c18813,beans
0x8c70a2af15cfe81ade4d0f843f45b9e435f206e6,VanDijk
0x8c7ddd2781f9644c3173bce6b10c4e2e83febe4d,Jade
0x8c7ea1868ff28f4041a6dcad9e8102c0e7970c6a,CosmicKnight
0x8c7ef821cd70bd7960f0e66ef8778f8d3bc6267c,Cynthia Osa
0x8c811a62206cc80b385c9811726af3b296e684e2,Hugo Silva
0x8c891e2a37c73819fe3fe02740c3933b354ea8f1,leducnhan2772
0x8c8cf5acaedd119803d5dd24e4929b61629fba4c,0vni1019
0x8c909015f441da64b8806043b8852db1afb04ade,Twenty
0x8c9412925cc2caefaa723aa2c329d9c11b3fb40f,Trax
0x8c9da62e424854e706fbd12bf71b8ca5ec2f28a0,drBoss
0x8ca30879b544d8bc47c2b7715076fb70cd303491,YOPAN ANDIKA BAGASKARA
0x8ca3570aeeda8b1ac7adebecaf00fc85a201ae86,TestLottery
0x8ca40d1ccd69df04270cec34fc3de4bedfd35ee3,Liamchen
0x8ca500bfa3f74476ed43108189f17dc4a69c7b3a,Joefred
0x8cb1a970d74e0db5a12100dc8c7c3c7cc0d4a0ae,0x8cb1...A0aE
0x8cbaf376858a60ac7751ee630302128cdc62df39,Too slimy
0x8cc0262f37079a132206b7292707f6034c8cd2ec,alex
0x8ccf55a05deedc14530e1181724f7c78b1c3a04a,charlene27
0x8cd1a4991a724a745697f7e9eb6a1a1ae6104972,Eden
0x8cd7e700d8f004f894b24238cfc4829d609999f3,Metri Testers Group-mint-handler
0x8cdb3db8936f5dc0c6b1ff1401ed79146efdbd7a,zachary
0x8cee6cdb61fbf496b6818d4f25329c6e406ba1e9,Dawid
0x8cf11e1c81fc8b83bc4d330883413ab5bd6dc245,ifeoluwa
0x8cf564e43b5d1f242f04d0c19ef726b778d65719,0vni08743
0x8d06cefd0b6c73919960ebc1dd778b8246acd6dd,TempBaseGroupMintRouter
0x8d0cc7f4de6a1c05ec7b4541aa8301375067240f,Alfonso
0x8d14e3f07f7073326d5495333d62574d6acc7353,Cynthia
0x8d1838f537cb48c65c04de2d5420f98dfdf96ea1,TestG56457
0x8d1e056d9725d382bbc132c4544dd16ef8364c5a,julianna
0x8d25346aea11de4c1f44aeb842625b7dce39cbf0,DODGERS
0x8d2a7ec4d3d5522e78b7733ed25e304dba90b11c,HELLOWORLD-mint-handler
0x8d2ad670f52ae02311ed67d7bf9eb4c6ac7cfec7,olepio
0x8d2b0f09a509bf54dc97582cfa476174a3a4ab53,Etherium Foundation-treasury
0x8d2d427b4abf786eb4c3cf9f13e4a36e94cf06d9,gm1234
0x8d312c145e18ef6c2743312fc433a8813ffa2e7f,Blu
0x8d31ee8109d26bda0ab17264dd4c498b68211031,ugur
0x8d3557887ad7c2f7ed026049e42c053d5dd95f4b,alessandro
0x8d42d81234ee7ce0e234ba0158d2047bd0672ec9,amelia
0x8d4eedababc3d756b786170e29bd0bbbeb0d3d39,0xkymora
0x8d5130b23ccb688413c693729fdc7c12e7ee9f7e,3.18-minter
0x8d5962750345cb234382950ab11386f757f76575,Beth Montelongo
0x8d5c1a77a7d7765335c9d18427dd8dbd4d6b0e64,GNO Bonus
0x8d5dc886c4dfdabfdb7eadd75e8e7d313d3be437,Filipaya
0x8d5ef3cde97183fff013b8a0c887e39b067aff7e,fred
0x8d61f3cd9c00318834693405346c7860be8adab9,Alaa
0x8d6ef6944f61f7c6710aafeb6ccce039d6dc0d9d,Johny Abraham
0x8d79481fa7b8696283ea9a22eb8b77ebbf6f41ee,zombie1
0x8d7ee309bfc6f20d0f2bdfbc441b7bd8a21ee558,0vni209
0x8d80bd78d9b545c2a37f02ae87741badfe077147,adskTest
0x8d8a2ceba9878798ed9d29f38ce872290c3733c7,HarutoMori
0x8d8c09d3a869ccfc5b096ef9f80c1d0f8c9dfaef,Lazaro (e1Ru1o)
0x8d9153e54ce58e33b5dd43b2799a1cfc9357d2d5,Subi Group-treasury
0x8d9316282175998efb988378d973bc5dd9095dce,vivi1975
0x8da379f8192329914c0c2bea34653c067c3086f9,DimitarDinev
0x8da6d56056be3bd91353c0993de9c6d11eb84a0d,SuperBenefit (old)
0x8dab0e637d3fb5dc732a787af9bcb70d4aceedbb,Serhio
0x8db73ea437ca49de84870ad9b8c760d9777b7439,HOPR-treasury
0x8dbdb5b658c3e249d19a27da744dbeeb129817e6,Rudi Manuel Oliveira da Silva
0x8dbe6ce7cb6beb5f967a907081072f2e84445d22,damien
0x8dc615b9466a941e88dd63e5d0c4e8a273ba49c6,Don’t trust me
0x8dcca072ef3be1c02bd86ce156787b7775a34cee,Circles Growth Organization
0x8dd07bde1f1a4a03fb7930c26ab223124f9964ac,rahulpathak
0x8de16286e202850f0efb68a838665fdf90d2ba1f,Alejandra
0x8de3403e8e0b0c454a11034e68db48db21f52154,Will Circles reach at least - No
0x8dec6e4086f2658e7decf8347e64a9dfb3355c10,juan
0x8def82adfd3c214b556651681de07403c15b7754,awesomlylonggroupve
0x8df1b8cf451a3b245b9e6b360aa9eaaa46034a1d,juancruz
0x8dfcf687c242df513020b7ca9213ea1542f5244f,test_group setup 1-treasury
0x8e012e7d221b6431f828e4abecfbcaac473683e0,empty2-mint-handler
0x8e02f390f5e7f212fbe9c1cf637c47dfb09cec6a,Alex Khan
0x8e05c71cb12f10cd1c14f688d5e88281b915a5b7,INFANTICIDE
0x8e08dc5aafa532ce19a9d90b9a795cbcd90b42fb,tianchaijz
0x8e19e89ca18bb8fbbac24a252728bdde76e75aaa,3.15-lp
0x8e1bd99fb7249c12b18425d2ce03ca7d67cb8668,root
0x8e23c18d04aa63832485d3e9e1b8acf4f9ce54e5,dick
0x8e268f5aa233d6566a68d03d5624fd2352295f43,VIKTOR RAVASOPOULOS-PETRAKIS
0x8e30285611c053bf9ef12fef6558e914a16c9ebf,Circles Indonesia
0x8e33c9dca121b326ee7659449fca33b2f7abf606,Kingzeye
0x8e3432a33d36b8de32745cf58682d50c0bf5ac71,Santiago
0x8e3e7984c412d8265a24ae143a92e9d516f5c72f,archtuxfan
0x8e42d20a64bce247c6bb955b4cb5b99742d66d82,keshava
0x8e47d831d33479d71c9700e0d674708f937c0529,Gnosis EthPrague Merch Shop
0x8e4efcfd1fb35169774700e78d58a07f3e43f6be,Bartosz Michalak
0x8e568bf8db9c2bed33b96d1319b996b3fd70a1d7,Randy Paguirigan
0x8e571f96d481f47bd4efae8fe65b90018eba0688,OORRGG
0x8e6225c00c0dfc15387aed84eef0594960494f8f,dogeking
0x8e62e2c9ef9fd4642d8136b52a060248739a6f15,drake
0x8e68d6b6b92f60595f2ad7bc068e4e82f4634cd1,CEX
0x8e74dc93d48df54aebcc520c2dc5f0be7960ce0a,Finn Moran
0x8e76b8aaba5dff5deb149dbe64cf4fba5d5425da,skr
0x8e7b0c6a8ec8d0b9a3e25c1d96cd779ca83bb49e,dxn0
0x8e7d8ab8fec595815892f3a88233745cbc5456b0,0xj4an
0x8e7f87e621533e1b66ad1026c31c97efdb4347d9,Edvinas Maslauskas
0x8e86fbd198f6881fc41d3f3b9f16949349b3f8bd,Nyro
0x8e886b673d6ddd198084da57d7c1f7dee21ebd08,TestGroupBis-mint-handler
0x8e8c39e4fcf39886f6f2f9eb7c196b6acf0aeb04,3.15-minter
0x8e8d57cb92c5e13fd33bf69d70f95dd1aca0fbe8,delan03
0x8e8e7a5766ff99de6a69d3495fd4fcccd0df7479,Enzy
0x8e9bd88ff98572297bdce2dda9e07d199a1d6e1f,Vasily
0x8ea10ce220b1f557b29b29cc2d14cc29e40e6d7d,Will Circles reach at leas - add
0x8ece02f7eec422f99562d1dfb5e66ec3746df472,lakmay
0x8ed4d2e12743bb00a85633ad7ca87c6a7f212c94,0xlala
0x8ee62485d012aed48432f55e7dafa639e8425944,lea
0x8eef222246241b9a42d31ac2c945d119ede161c7,z3r0dium
0x8ef24265d591c674e222c5a27332dbae5929ed74,Funding the Commons
0x8ef7f2de789041a9e5c5d2a498e8baf5433e1830,LogGroup-redeemer
0x8f046c15923591ff1083f942006db9eb27b1af2e,benpreiss
0x8f067c2ea51f10c291a54445b5f897be6c8cdfe3,TestCreatePopup-LBPStarter
0x8f0b0b0f1f7d5f90dd84701d9dbee533b9c40ec1,Daniel's Personal Group
0x8f0ee4fe35e5d7e3c812195ab33b247b5d4189bd,bernardo_test_group_2
0x8f11da7e7cd5f731f2164e85add660cb03881607,mauricewbr
0x8f13f82280b6aa6a492cbfb2000e454f3193b0df,Elixir
0x8f1cf6e5822b3f49c89bf6a48b8398ac1de908b0,Yaroslav
0x8f1fdd7bfdc4af3006dfd81b7229cd93162fc0ec,Gray Mandorla
0x8f22c165e4eaabe9fa4f4ad81e94cc03ac0979cd,demo test group
0x8f2b68d2981d4adb93bf68086498502de95c87d7,Flavio
0x8f35215a90c9ba64422d733781a28f1f66a1842d,Hermes Tris Gnosis
0x8f37b90ccb4259621c159965b83ae385d1ce88da,Mey
0x8f3aa201a9ad566ea8c1076ebfbb6e3b251dd725,Christian
0x8f444159de5d62b1ef8d3e78b948661570d281a5,maximilians11
0x8f4c1ed8c848e1d26b7752a4f972e8d7a5e3f9dd,rodrigo
0x8f4ca29d9b593a96ff96125757a2517be07d3a06,testglf
0x8f4d858bb931653dbfe71d5fc7453bb058922fef,enti
0x8f604adc50cff90bdfc9f2b9235841f2b1762c0a,gm1234-mint-handler
0x8f67cb674a67cfee56da7f04a2a2268b0c36c618,Test base group-treasury
0x8f6a5ee51f38c27b2c77f1935b40a93e2266d443,Breadchain-LBPStarter
0x8f73d212359b8d4279e4e3eb26a203975fde3bb5,Poo
0x8f799b0392d3dfd8c692fdb8b8a9b78c0f74eb6e,PawnArtima
0x8f8117d89e9f4f3dc264b62db390c21cd24dc479,test org
0x8f85e125cbda0f24d5d515ce548f238d45189ebe,TestGrp
0x8f89569d29be4be5bb52ab52a8b865bd1616b38c,Circles-Faucet
0x8f8c264f963573faa22141c9c62fb8bb8e18b4d6,0x8F8C...b4d6
0x8f9a415855156a647c10346e66a23823c78a149a,nakamura
0x8f9f87abc25e19b450d0bb4793334d7888f38f57,0x8F9f...8f57
0x8fab0e348b0c95e5150433e0cad2235402369379,atif
0x8fc7f6d6b1a894e919246d75682e3b3d2d583044,CRC-SepETH offer-2
0x8fca46d2ee8ac7a7c15ee125a0354466f16437fb,mart1:n
0x8fcd1f9da187f908bb8b9ca9d9b75ce92208e69d,sailer
0x8fce00d021dfe88e93cb0a205388597144571c99,Oliver Robert Bauch
0x8fd105a72e3fe55f4bf8254d3e55b4ac345036ae,young
0x8fd10e6ebb1f231c38101c49924fae017e473ecd,libratus
0x8fd19233f67690fdd6767aa66fb1983e40352778,FromSafe-treasury
0x8fd5ed377aefc208e6c8ebc84aacc99bdb746f90,Ladoczki Bence
0x8fdbf06b4f368ff77059ba20b074b8ecae4212b1,Inner Circle
0x8fde5e30183c24e3c383d1ae24d6d0594d4f8754,still empty 123
0x8fe528f121bb01eb64bb1133c57e093ea8371ad4,Money Glitch
0x8fe5341621986e5b42d63fa5d97ef6de5999623e,ideraoluwa
0x8ff0e346f09feaa420c865de4671ec7d6efbb16f,Dmytro
0x90032ffaedb84644a302c97b15f785ac8bc08b82,Will Circles reach at least - No
0x900789ef2ef4dada77ffcaa170012651ba0936f0,SendIt
0x90131a948db1125e50756621a2031b0e90fbac54,momaene
0x901bebc579f9cee693ec891cb0398c11490f1742,Espinoza
0x901d57cad0782abe5f9ce90f2fb3eb014002dcdc,Nahin Mulla
0x901d927b399281849806d8392dc735f59ed4a26f,joana
0x9032b9da21eaf98b78f675576e81da847b94e21c,Circles India
0x904468bc854e77438d76ca7590813ebe5b588c23,Danylo
0x90483b237ea41d96d5c165faebcdb3dec0913055,edstable
0x90628fd70a29a46d8d1a7ff49ff896d397f9117e,test
0x906724e40965c03236e3d149f7668d9e4b7a0ee7,Equat1965@superrito.com
0x90679b5f8d428020d3ac51625e8ec7c4473d078d,clay
0x906af9a3baa1e55309867e1f54f89674a51ba5c5,jjajsjTest
0x906b3bdf043bc2995e280d27e7aaa4c2a0d11c57,Circles Pioneers-LBPStarter
0x907b41481cda4f1c602671412f4b418aa898677c,Aylin
0x907bea9c0cce8cee98fd8ab44ab33c08e53587cb,Ulan
0x9089b757a20bd111727f2cbb1ec212fd7f8673bb,pitchblack10
0x90a659268a436fe583a3d236e124777c34bd24db,ArbbotMiddleware
0x90ad5ae18916d30f0812d360a38a5f77c390419a,rubenwolff
0x90c9e7c577c1bd627212cc606dc5105cb40b27a6,1a35e1
0x90d9832d35cea2e27251d70c73e022060c8a105c,Jörg Busch
0x90e2520a6bfa3343511e43ef4088746de6be3bf0,Airdrop
0x90eb455eaa45ecf8f3bf5af4ba96954d6cec5a29,eefefewfwe-mint-handler
0x90f01b78d7271d9eb2bd997969879c3acb0378d6,Ravi Kant Jakhar
0x90ffcf983fa4cd21e40f11e631b34f9335c1014b,zhangl
0x91012dd3d6db572c690fad452e8826e2b4d0c7b3,New group Account
0x9108e45d69839aaf75756050d90a4237e2acc396,SDKGroup-minter
0x9109210457f9719579f12fc279d3b6bcaa8292ef,Dandelion Group Owner
0x910ceb3d0cfe1d4a623b4f87108553f34e1c68ce,Space Cadets
0x910e69836fa3380752687ee5eb7aa809786f9d97,laurence
0x91127b5b74ca0a087f325525b929df7cc464eb16,Julien Montagne
0x9116cc5ffc67bd7ee1694bcd661856eb36a7950f,vb_group_dev_3
0x911d38a84a08f9a0b13c8def75c543409e896e01,Jannik
0x91305877c419fc8dae7be0b2c589e5fbf7491aaf,thbt
0x913aa0f8aa25507f9d4fe4ce85d427b5217c8162,AtomicPersonalArb
0x913adddc4c082902578ae9cca9fb9cac7e2884cf,ArbBot
0x913b0736098107ae03b5e78d39356cc2539ddef8,Metri Testers Gnosis
0x913fd80cc9b8ae38faa91407bf4fdf8303b79656,Ireland Q&A
0x914c90963a63a2898029cdcd9f766329a3438b34,Test POH2-lp
0x914ee25c9234653a15209a9d10a5f27566271413,Deirdre
0x9152ecbf170670dd77a2ad0e63ae25df3f5331d9,Will the number of CRC back - No
0x9156b6c7ee264f49d5547a9ccfefa6db7945e082,Vee
0x915e778080ee8e5e465e6b77b4ddfa39a081258f,Alexander
0x9165323b88667579c3b32a95aa10991cf070f1b7,Mariano
0x917a09ba67b6c6e2266634b55dc774a2154d05f6,mandros7
0x917ecb71e734ae96bcf0eab05480328d7e391c64,fra
0x918b5e4e8f2e7d1f7234fabeeb9d57cbd8c635d0,Margarita
0x91936073bd6f457751aed0877695c9f7733d9985,Craig Malton
0x9193dd1ffcae0deb8dcea7bd34cbb57328d70b7e,Hodlcarter
0x919445320e06217ab816307b8e785581dce97fea,testaccount2
0x919c9342099b9ef3468e45975c028e5f33b9622a,randi
0x91a05251672871b574cf4b586daaf964d1b59a1d,Karel
0x91a6bb814340ede26b249dbf28b0378c92c405f6,0xJeffie
0x91b5a84c908c8d03a97fb8fce2d10121ee21d252,Antoni Pawlak
0x91c496da4c1c5f03a1951f14e7adedff6bab4fcb,Hanzu Wu
0x91d9f85e096b388be2748d458c485b5cf1bc0bc7,Canada-treasury
0x91e1c272775ca89f6d076643f402289a3290aaee,obxium
0x91e4d92df9b59f2073aada541365ba9c070cfa47,noobie
0x91ebdc3c615f1d15aa2a9986d2bfd471e0b8250b,Andreavitto
0x91eda110cfe8cb905875d5b75500384a2b06d0d2,kwamebonsu
0x91f86112e9cbf6cd827c19108b2328d04d248bc8,Migmatite
0x920676659271757d67b723570c0c1ce27c769aa0,TBG2
0x920a8db1c329a2ab525d260a84ce6e6d99696190,Cascrypto
0x920cf4fa2da03123fe36b319f8c5969bdd467c47,pat
0x9215106f0328cf46897d2502c6e235e3bb378294,TokenBrice
0x921c2545da2be2127fd4642377f167d306ee2fe2,Yunxi
0x9222586d9b73c7280c988f3213fc6478f36e09b7,Gill devriendt
0x922cd4f48b3f7626fe7067b664b41d507274fee2,Stefano
0x923245471212de13168cd4c1768cf16060437356,Ifeoluwa
0x9235616bc6e625bf1d1851257a3992174f3038b7,Michele
0x9237333e22dd669decb6638ccb99d7324a957d30,OLASAMP2P
0x923f87417483931a1507686a01a66228312c407a,Hiperion
0x9245a82f3d5b7f4d8f93c0ba3259f5cd4546c4b3,cynthia
0x9246be5ee41ed7463a8335a0c5a4f8313837fa38,Jabari
0x9246e54ab90d069c5af2e588b0ef22803656b5f2,Elliot
0x925a0773fdcb8286c3f914e268c12c219558872e,kash
0x925f87c14b063d883624db29fcc98fe7cab4b6df,to
0x925f8f09b48609a134482ea4c399d3ec10415481,Captn_v
0x926066b7bbd3230f5e8e57ed7c48f7a68958c194,Aavegotchi-treasury
0x9262a66ede9280b375ee5c285f150f3a03552a29,Lio Smeers
0x9262ae439bf96ac4ff29ec67763fb407c0c5af56,Wan Ahmad
0x927d21c195bb5581229393f7bfe88d867e5c1561,kerk67
0x9288c9caa7607f1e25d1617ebcf98eb80de2caac,Nima
0x928d086ffe4506bd1e0f9d5f11676afe9081d5fd,Logos
0x9291c41743ff195742f7912337d170a39cefd7a2,Endri Haryadi
0x9292a9f3f50235ac00acca47b53cc37fae593aaf,Jose
0x9292ba443285e74b6eddc5b76abd4f7764c6bf5c,Marti
0x929f89c8ccfb622e9aecfe12959c780bb98f0043,forsaken
0x92a7247743dd4493c0c49e3b8972842081a25ecf,gondon
0x92ae287347a6fda39030417b8a546e46e8a0a853,0508
0x92b5766d3fc3856f33a70345aa1aa9c1370d733f,annaartsy
0x92c28cc09077896e46a0b35b1ef4cde1ca38c860,0vni30481
0x92c9293e969aaaa98c0d20418221b2fab37870af,snake
0x92ca86f591ecda24378d277e601990fe055b8798,1inch-treasury
0x92d42b4a9dea8d3ef47797fc76d07572621f7a2b,Moses Adeleye
0x92dab81214e0924a20f74ee9c525d7860a6db55d,Sylvain
0x92e052f8d564415545ac6c3b1a894c48eb527041,OvniCirclesTeamInvite
0x92f74ebdfc9ade4e07ffb5b907974e680aa92f0d,test at cannes
0x92fa231fc09c47b751efabe51e1c4d4f3d87aab5,CyrusCypher
0x92fbadc2cab0176b7863876d8e1ad7102c351806,jacobsteven
0x930336af2533de68b6fca5493b62ddfdf487ecec,Gracehoffman
0x93071acef27765ad4f069109b284e8e56b8c4252,Merijn Waltmans
0x930f20820dbe10c6e1184e10750eb368d2b1e8cb,void
0x930fc49eb17d7ba86d0ca973b2003da67c806a2e,Sajida
0x931083533b867130373d1f88070bfa96587733bd,CNC-treasury
0x9314da847b8ae3721bb51504483fa96847265684,joan_drb
0x931c6ae31ce84d24021a6a3c5d34481d06b33958,test
0x932291626796f70d8b363197a5bf3c7983182452,Ann_TestGroup
0x933b607bb59bcf9714c425e487063c0309b1e73f,Phillis
0x9348a2e8b7856a4d7fb77fc142e878fd65b26ecf,hyperRemax
0x9349ba315ebc670de1f605534a78eb8cf5ffa09e,coolgirl
0x9353905775ff55089ed84b1065ed473947db3564,0x9353...db3564
0x9355c40b73d85fcdb9f69718820005475a0db520,MAK Crypto
0x93633be1507c507781c1a2fe410658bdb29ae331,tjayrush
0x93656f198e2164a2913dd034fa9c26d9443621c0,teo
0x936ddb066c2334900fc9999122225a2cb5bad4d3,FromSafe-mint-handler
0x937d51fb1aa9713b142822e253df5f47307b51c1,BADER
0x937f7392182ae822d17af0db9e8d9109bc9a249d,someNiiTest
0x937fbe21bef1fa8f3d955b88061d2d08d36a7d4a,test-reg-miniapp
0x9384d32441d18c3130b5fe2644a33be155b3fc1d,Circles Coop Berlin-LBPStarter
0x93874527a31b9c02cc98b2280ac85003c2567221,0xVynoria
0x938c9622a8a6089e9c0bc455b9cf46349e2c4aa0,Circles Group-treasury
0x9395846abba0623c33eccccb112f53472863c6c4,Reza
0x93ac24747c6896c192103bce47a407ca040de9bd,Jokelite
0x93ae460062ac1d67b0e940f0ff4d55389d578380,dead_minter_payment_solutions
0x93b397c8ea2097cafe684e8262a2ef6a17d2a3b1,DBG-lp
0x93b7581edc71d9314e449605d1d8f518a572c78f,coindesk
0x93babaaac3e295f677ab1e7adc82bf62bdfada1e,Alawouwou
0x93bade880423a66a099fac2112079a0b803ff6c4,test-offer-zrm-test-setup
0x93c6bbd7b3605850a1dfac0fea423aad74f715da,Berlin Full Node-mint-handler
0x93c7729e25b34deec9b4796b52d1fdb9756e7ed4,ABCDEF-minter
0x93c84d9744fdcad173e285ce849acbe55ade61d0,Deep's Test Group-lp
0x93c92ba397a90572e5246ba8bbf0b5f8e5ba8681,Zarko
0x93dc32aee1d2be0c52dedabb22dc16e5d2590852,andray
0x93e287ebe8b7a48c198b9ebd24452e4f9d137fc4,Circs-treasury
0x93e49046f6fb1480807c28aa6ae627015db01fb4,vanshikasrivastava
0x93e71b2675ad7a7d6c925ab5b216c711fdbe336d,SaintRalph
0x93e76e7a9b501da68dacb9f9f244d33e00f79b9d,Nour
0x93ea71c6fe0914c4a844ba7103309ed84d163857,AtomicPersonalArb
0x93eb5a317f61d7cbd71b6ad811924a3a8b1f4266,Noune
0x93ec87241a71dc4f67c26ba6a31c8a8dc9325e58,jelena
0x93eced2c7e5507c9396c532808affdeb9776112f,LaborToken-treasury
0x93ed5a96347927ff6ff6b790f8cf5258240c321f,Gnosis
0x93f59847db91c821765f73d3ea323715f8b7f6c8,Pedro Lucas
0x93f6c7e291657e5dc7498f104446bb5fee513bd1,Mate Steinforth
0x93f9dfe99cd418ab693da5233610569835ba3f33,djaoued
0x93fb7e3d42e6c34c9ed0b7b32b006e508f3f53d2,lino
0x94118d30deddb23c18590b5a4aa36417a018376d,Shuaib Bashir
0x9414edb3c4a691dd25c150506d8c40ac5dfab383,OmarSalameh
0x941b8b262ae7590973a1e4c89727662d4da25d4d,jdieguez
0x941ec61bbd52b580680a4f45bbca710bcda5cbe9,httest
0x9428fc1298aaba8b6c2fc39ae30aa921ec37aaa9,Buenos Aires OIC Chapter
0x942d5bf6b278d5f8d56ed72809b134754d2144eb,honey
0x943103eeee39203103072e8d16ee783364c95257,Mehrwert-mint-handler
0x943186fbcfd74fd575bcf9aa76a53f56b2f06aba,test shop profile
0x9433e37ddcb2fd0d5149c1e36547197cf2564c52,CoqMalin.fr
0x9435846132523e4b6b9dffe52ca592195d909aa4,Magicbeard77
0x943dba4be6588d37d17297eb627d1a8b340d1335,elidia
0x9444bc5ec18b42f83f4141471abf5f3c64333165,king
0x944737ba063fbd01d35f124949ccf6baccb24232,adb
0x944ea79bd7df1259d5a67e59dd30a660f10fa167,andrea
0x945cdbf83104b3e59ac730f8f29b0222e01e13ab,Anahit
0x9462f41c0b517adaa1d606faee908e861eaf1d22,Braulio Cabrera Gutierrez
0x946eadb116856a8d14db0492952df9e462abb532,fredricka
0x94773e9b5d5fec05ff23844958e0a306834e9b94,oluwatobi
0x9480f388538a60f6c0e28d17e1281925d83daeeb,empty3-mint-handler
0x9485a2ace5e973160155c0636a7479298f2c88bd,jacque
0x94869beba51d11f75c73e19037f895099f46bbad,nichfish
0x9487396881091d64b28a91547895e565a46ed28b,XDAI
0x948c1a373606385186d767808ae705d016b28e16,fabulousguy
0x949cfbb8946a40e09342dc9312d2c0c3d71e1be6,rexstuff
0x94b5efdd211568833a196c7f5989fa06573dc84d,CRCMigration
0x94d651b23b8ba8e1897f88d49c26ac2a32b17112,0x94d6...7112
0x94deade2325b8e0acd9949b9c9808b51e0ecec49,GoodStuff
0x94e38b12d1c9a609445ec9d3384c8e241581828f,per
0x94e521b6dc72eef13f24845c502636d858a6bc26,jekennedy
0x94ecab852a1ebb82b48c2ed2ddad27d9770c4abd,Doris Hernandez
0x9502a27bf35fd900330ff1ea6aacc0aead39e7e3,looksniceinhere
0x950e26c152f46bcaf81869150cec0efa54d9f5f6,Papawix
0x95116e337d50f4e3dd1270f0183f4f84863474da,hold
0x95124acf1b1e90901e646c6f90ef4d321a644d0d,Reppert thibaut
0x95163e71024e398f9a247f70fa5e254242e40192,Modelo Time
0x95217d5be9b8b310c8c86fadf4876731ccd536d1,xclusivecrown
0x95237bc1b0bd23137a488a73b7bc381371965d40,Edgar
0x95244281b7f91a1424f9d82919d1cc4f7c4048d7,Annette
0x9532183b6f44be958a130cf4e95924ddf83136af,Gioele
0x9539f038af9c7cdecd99a5a863f443f8aa219764,lanski
0x9540850f5a2d0108ca8210014925ffd707918df7,Fernando Ferreira
0x9542240de65242b50b37c2bae76dd25f926f56ee,chiara
0x95435264e647fabeb923d2dfd9a32f31e478c608,test CRC-GNO offer week-1
0x954f2a19a9c4809748ed17fdd2fa925a0067b0dd,vip
0x9567304567c01d43f1a8d2d654c2ad93ad624411,lazymanatee
0x956a4a6859f225e3c351571e2a45e0ee9f3ce7ff,Trust Network
0x956b3f70b1a438cae1145fc507eda043fddc7117,chenelstar
0x956be56c5051e4e2499996a3362fad9100760769,uranus
0x956f59551b69746fa304c38d4debe75fd44a2ef2,Manuel
0x9571499e5e4c200d5b6fd06b8883e2f1ac81494a,Nartyre
0x95732b143cb81e4a96eb1aa77c32e99cfe8316b2,teeeeest
0x95834be33f4db7ec62bc99ca1d05f5ee8b7c38c7,vitalik
0x95890933fdb9196c712d67303ec1501d4fd7c3a5,cryptomaster
0x95ad0691ee1f918eed3170c317b4db68e439a260,Tamika
0x95bc2095edb4b6182c30498848cd6bd22906c9ee,onetwothree
0x95bf885b3ade32fb610921f7d40196416f5e3b0c,jchaselubitz
0x95c08e647f32906a1d8a45501e0ab59dacbd2786,fsanchinelli
0x95d8821481e3d1475bf996244657bdc07af56af7,TestGroup
0x95e3f3a65bcb6ab50107b4ff42a6de905396963b,Danilo Gaglioti
0x95e7100d43bf61bde4625a8f1a63f09c42f88eba,Test base group
0x95e84428beab168d9886d0eae0f622ef0b3c908e,Carol Lubalu
0x95ea937007c7cb9a907711b67715149a558a57db,Portable Espresso Maker
0x95ec0a85746e3fef2fbda394cfd38a1178636946,luisa
0x95fac851103e961afb7c0595f7aed2679b8b9574,test-treasury
0x95fd68a9c2d63378552cf90cdfc008208ef55936,Certified Baristas
0x960a0784640fd6581d221a56df1c60b65b5ebb6f,NF Society Relayer
0x960f65049280a0eb2f3222f941e72323461ebd68,phimarhal
0x962528a860d69c4cde537966b3889f8f3023e450,Vambo
0x9627fba10b0b713d3750e2ab7dff8d435f1869a9,GGGG-treasury
0x962c79b540d12ba667f54cbae0a11e1612cce58b,0xgabbs
0x9634b7780847ae0d892dae904d2e41a75e82dcb6,Florian Schernthaner
0x963a31cd9c478ee54fe3f8625245a3f32774c365,Paul's Roulette Org
0x963a8596379054107adf1dfc9131b5fea5016807,0vni0982
0x963d292f1018eba38cc3d2627bbefaa3d1500d87,MD ASIF IQBAL SHAMIM
0x963d6753bbe91691fef627d65df1d8adc4f6cb9e,Test-mint-handler
0x964ab11b78ec461289b8f23dcf02ad3c587ed7ae,Thuy
0x964c9833e95fbef80a75dffc810b3f0fa6bb1836,Studnoff
0x964f546e3ff0be5cb8c01775c1d86fe140f23051,JJ
0x96582cf7d8666195e2b102f1465d8ed329b13187,bebe
0x966560ac82c2f850ada56309f537d8eb67023749,Alonso
0x966986a11cad85e06008e73cb7b3558a0a43c61a,0vni098240
0x9670999cbfed1fe70e67bf9af9e5c6baf526681b,Cosette Alam
0x96821a4f2e986729759a146abedceacba690351c,vividn
0x96851e8f1df7791ee0ac5bcaa889f172581de29a,Levan
0x96916f5052fa94aab7b5609d601e164d18b4d516,ziyah
0x9691cb4048dc86046ef0455e7a14bb00cf1b8d14,circle-facuet
0x969578b2df32dc14626210a0ca1ac786c80a4016,Will the number of humans  - sub
0x969f9eb868af4bcb64d299a4b52b42b5cddab207,0x969F...b207
0x96ae680015c7f04e34a94da5bc31cc3ac2744556,Adejoke862
0x96b21ae0c23fa1b899870a23a018a30bef57c36e,Giveth-mint-handler
0x96c02f76291035c60dc247e9f190ddf61e3d58b4,sevegrand
0x96c3edf6dd49771dc52e050116dcdd3ad03fd9c3,Invitee 3
0x96cf8633b4e08353845e8a1fe17b9a2418f6d1d8,CirclesLisboa-mint-handler
0x96d0883e1e8ff51b6977db5baf35a467205353fc,Will Circles reach at leas - Yes
0x96d20cc706bcca16dc169ec006e8b2c88262b756,EuroMax
0x96d3be4c83897d506314128fa62eaf0eb56fe7da,Giveth-treasury
0x96d5bb0ce8dbf016454590746aad8d765b71f0b3,My Group Name
0x96dc31cfdfddf8116ad0b20db332c043b66e4d78,Marco
0x96dec84bbc746714b778e1b6d42ceadbcbfdabc3,Angelo
0x96e2999ecb2df7ed1dcba9ff938b6b0b4c4614a4,morienzo
0x96e5b36a6d609eb33031d8bfdc94d0216ec6b645,manuel hernandez
0x96ec5813d6fbdd7a50bb04249b0e143f85e22e2f,fabianferno
0x96edb158527bd6647c7ed9e8c798380805813dbd,MCR
0x96fa3e05f70e5776bfbc3b833733e0cfbc8d7e69,raymi
0x9703310b1150620c12ce1890549f62e70e713935,MCB
0x9706cf927d7c9918029c99d5cec32075bcf068e4,Egbezien Godwin Adavbie
0x971912067e2e3f5e454910408bfb3ae8b1381484,OpenTransfer
0x971d47f511136b7d8161ced33f9f4b33f38eba38,0x971D...ba38
0x973bca40a3f2b2c19c89ec8da78356fe0acb9620,Sweet77
0x9740b3fbf5883622a40221c0e3bccc3124bb7a59,Sharon | HQ
0x974a4155054bd1e3572d61c624496a3b97b6b08e,George
0x974efc0c47acb0edff9f3bfd435d98357103f21e,Einar | Monerium
0x975bd3ac890defe6430ed32a909dd127764c0d9f,indrajith
0x9767c40b2226df1896ccf45024c720ad1ba51bbe,George
0x9774b34f0785045be028e2d173ecce18d60892b9,angela9355
0x97800fda40138b903a65a0b626ce3168cb27cc73,DerLex
0x9784e76b6c89022d9bfc14212a65196adea09840,nacodi
0x978b6aac63bbb94dc62b4b99925d5b601a0ec85b,272
0x978c325419d362adc16a1c584967f6e49125f780,Futura Garden-mint-handler
0x9791f4fc29b633954b061fd38252668da55b749f,anna
0x979488cfac45a348220ff8cfbbf8b455a9a4f3b6,chenxf
0x97977c9c1ad51903bd4ae2fac13d5e1b08680126,underworld🪢
0x9799d2ab20232698ae54464d9d477772746d9e51,Navi
0x97a10484b4021c2e15840ba20d74781acc1400fd,0vni0293
0x97a377dce4756d118cbdbba94d8e8935d6664b42,queens
0x97a4f672f7f594017c13565a5415333bdcde1eac,CNC-mint-handler
0x97b685d9c768cb36aaaadf24383f1395251bd68d,emino
0x97b889bc062720c0f5752549b81667f68e91705e,pboykexh
0x97c0cddcb3395b9d01f46e12597058d6534c0e86,FERNANDO ORTELLS LÓPEZ
0x97ce64a2991f86f94175b603b563db690299c6b6,Will the media price of CR - add
0x97d2eeb65da0c37dc0f43ff4691e521673efadfd,Lukas (dev account)
0x97e62a39f5920c77dd3a2a696a23f5b68573fee5,456
0x97f1dc2a7817f9e3bc96d5a8a142c55b6f367329,t3 crc safe _7
0x97f82fc2a89d9928cff6d6d5ccf44dfd64dbe91f,EuroMax-treasury
0x97fd8f7829a019946329f6d2e763a72741047518,Metri Fees Safe
0x980d3b48d4482e7fe8aada1b45199b4a2adc055d,Akeno
0x980fa5e8f4ef583ec903884f2c08fb0041f5bc09,testrp2
0x9812c0444f969e5e5000d53a9ed562f977da3a23,dasha_dsh
0x981b7506f4de7165013c584d59609a1976a1609b,ksteriodev
0x981edda699d4b86f4713c02840ddc5af8015c793,Windy 🌬️
0x9830207e5489e69583acbca88b3d6fc1decc4241,Ivonne
0x9831478ffefdbe3249e79286fd92d26ebdae4c36,Bilin
0x983791d012888aaaae36e437c64209d28d06bfbc,jessekatz
0x983d0f222bad49d529ac9557b4eacbfa7db2aa24,saw meera
0x983d5003056c5e5fe8a22dbfff672d486862eb79,Student Futures-treasury
0x98427d2345158b1b1659f7981e3cf19672c4fd03,Wombat126
0x98447cfa26a6333668efcdfd8cd811df3e70b59a,niels
0x98499fa77dcae220e623d5ad461a88233c1cfa8d,David
0x9850379c43685fc1d06586aaba7e6b7cc4b5a2a0,test group
0x9857681c334d0a1e169140a0701844abd666fa4c,0xxyz2
0x985ee22d24302de990a0b61bb21db0ac7fbbbc21,robert
0x986e7d3248ec159be133b0ee9397c609d967a3ff,hadung92316630
0x9879c80ed5148ad7a24c9aa48055fbb833817b02,buTestii
0x988034b83df9bcec76c6ddd78fcd3c6cf36cbbd5,TestLottery
0x988232f107a6a45029570d72e87ac42df0648619,f6group
0x9882409b0be4f66182dd26da83526e98c324c8b4,Ester
0x9882c8cc97442f73af9602d6b3e97849b4c8dc6e,Lelouch
0x988c94612d72cebf084d54916a0ed12144fc7079,Luca
0x9895174fecd3e897f22c25cdeb150b797edf8652,Viktoria
0x98958ae22c17827e7195baad11243499a94fa383,hugo
0x989cebf7a2c4b83d5a7b01d82955432ae37b308e,Tom
0x989d01928aedec6930f2a362e758193b0f6cb7f2,Circles Indonesia
0x989edab69925d74e9c407eb0027047428098b3fc,0x989E...B3fc
0x98a5aa09238d6c48895122048252105a663fc957,Célia Boukar
0x98a9750213fa2f19717fad42e9a0879ba7b92546,nick
0x98ab8b89570a09133c3a4d951c37735a5c94f460,sasa.dvc
0x98ac12edb910ce284237c9eb61ae2a7673749306,toronto
0x98aea16309d47496d5a36ebd161c78c3e1a32ef5,Esther
0x98af5555f9673cca7f98f46f48297cf80874820c,Isabella Fernández
0x98b1e32af39c1d3a33a9a2b7fe167b1b4a190872,CRCBouncer
0x98bb62279a95df23121b8eeddc14bc0e464246c5,DG
0x98bd18e4e31debe9a074777b509adb0fa6d3c178,Demitris
0x98c874501f9c3ffbc65122bc221bfe5865a92b27,CirclesPorto-mint-handler
0x98cc5553158f928f82ed1e6f7ba1a6e2e2edc4c9,Pasanaku
0x98dcd9d06ae77ca2fcf4f3845503d4adf23724fb,costgallo
0x98de9c584d7cec63075fe74c53dd972084916b1e,Leilani
0x98e5c6a597d60dd7b41699e87a6f4cf42bba031a,hoangdu75603992
0x98f477ae8d0b2c24c6f7fe467a341d388b227dd8,jony
0x98f92bbbc06e342cce394dfb97f2365c4f6a0a5b,AtomicPersonalArb
0x98fa5b675c89541c8492a4b8e8abc8cd3edc7c2d,Chen
0x98fac81877b0048cc299fa8855742e5deb74827d,jamer
0x98fad796e6bd44bb78be1971f21264192dc69642,JT
0x98fb02126542be581c756f304ef4dd3522128648,awma
0x9907b3b3f684b2ec972bb1d50381894764204bbb,Lele85
0x990e5be2266f1b6136885a3ec75f6bdeffde17c2,Circles-Faucet
0x99147044c8809da445b213369bd548daee37d646,Justice
0x991658c5a467d84fbbf76a59fa68b40c1231ae49,Kris
0x991833ec8fafd82b6708f7f85e8477914447a7c8,sanmartiniano
0x991f80061f1fe9b03e9d3ad7df34200e50dd5119,Builder Support Hub-treasury
0x99277c0e46746166391b8560b60def212d0aab9b,bartek
0x992915aa262eba75c7e034c26089eec895249f14,Flat Mate-mint-handler
0x992b6b006c0f2377ee03d8589bd83a973d50a096,f6group-treasury
0x992c504d92e9d6a0201686269b4ae228272be329,Ant
0x992e8787456d356b75d7143e20d762e10603952d,Julia
0x992eb0aeb2635f8bfb4fa4f94d85afce19992602,reaman
0x992fa00ab306a454e539bbe0b200f4223e2f9c0a,LM Liquidity-mint-handler
0x993b8a10e8304e05757013784a40bdb9fdbe8c0f,Roeland
0x993f1b938c9d0dabbd1f978f73007db2605c20dc,babala
0x99524243c91d1174824b58c61c09e7b2493093bf,HELLOWORLD-treasury
0x995d6087b112a526b5cbc20eb58dcd6c985c3cfe,safe create group test
0x9960649343d715073fe7b607844a4c5107f2acdd,Gaia
0x9961871402d4e4552326afb07bf18d9fb0ae366f,Amuraby
0x996e07f04dc7f3ad92c3d217f35e5a19e54b7595,Md Abu Bakar Taslim
0x997106a26e062641c7e005906521df09f88e49ec,pop
0x9977faa758892e85800460cd82187903a9177920,Revaz Eristavi
0x997c4cbde4a7d12bd972be3b8136cd153b89dbc1,RAFFAELE
0x998298f36cbdaa9bb6bd33b2dd4e07d891d2eeac,Circles Indonesia
0x99a809e6111deeeac2a313bb23319787381b013d,TestLottery
0x99a948b729c6b8c3153a323aaefe9ea57c8f9852,hyperstrike
0x99ac015afb34c989b484e0a042bdc3c48323a816,name not found
0x99c621f385c23062bc598763bcc9e708b45f7027,empty5-treasury
0x99d39b03f487ae223528a1c0fd5b8f98b143eb4f,3.15
0x99d3b42d09c369b012f02003dc64b573a9ae8fb1,Jacob Jelen
0x99d3ddab8f2197d5cd178743244179539c1976c8,NewSdkGroup-lp
0x99e16e14f3cb743086e4e3ca3e55a5d570ea0598,Meermark-mint-handler
0x99e2e94e4fd93d172a2fda2c583f6281764ddece,François
0x99e516db9fb81b7f957f848152514555b1276cc6,vimeo
0x99e9276073ede0690dee81b6334c2619fb984cdf,Orto Grut music
0x99ea5f9316e0eb0c2d5d6f4454aaa5cb15793a5d,god
0x99f6cfad2782a55a5d43a067144fa8a83e759692,0vni10922
0x99fdd064cd46ede9cbd58dd168608099b66fcb34,catitude
0x9a011f79a5dbae2328cf9767d159f5a4f4362361,marc
0x9a081a3dabfa743a42c971a2f042ca51c26d1970,EdgeCity OIC Chapter
0x9a08c40e1da2ecf27b64e98e84202fa21cf2d399,nameless
0x9a0953e46e8034e9de02f632d8c2f5a75377cd53,DappCon 25
0x9a1099e397ef6bb5d6ec0b150c75434f19dc9f2c,rainbow_heart23
0x9a19209d1e508c4948564d84fe45deea0c53dae6,CoqMalin.fr-mint-handler
0x9a20af19087b3be8c959ef0ac4af826b63693cfc,SagΞ
0x9a31c3d71687d2a828f7aaea77d425e8123794c3,eiberman
0x9a345d7634ecc1605c965fffbbc30e972758cbfa,Si Her DAO-treasury
0x9a35e7bd6ef55a7124451953621f01760a9264ce,InesMendes
0x9a38290c6f9ff9c99d252fcee56ba39b71caead2,Alice mocellin
0x9a3e1911aa0946f4731d65a0036aad15a1d7fef4,BlueMoon
0x9a42168ee35b1dc7fd484d7cfa98cf06612318f0,Yinqi
0x9a450cf5aafa348a3d4857cbdd49e23819f08a0e,Proof Of Humanity
0x9a4c3b92cef17be489e2274d05ca8ade78134774,Jonas Raab
0x9a4e5e7a6a75f09f46d5b336190db650368d7526,blahosyl
0x9a5929e7d274101da6dc7192e578922f5aba727b,robin
0x9a627797e34faece6e0732715c6fe0fefb19fe46,AltinoConceição
0x9a66ab12dd3b568b9d335e5f884d1649d4af42fe,leo d
0x9a686735d0328b8db2bd720bcc653ab2c25d55bd,My group name-lp
0x9a7b0a4863c5aea2c2182d413bbb4f35e8c3e000,boula
0x9a8092e6a5cf7f1f4f5a3acdd02f21a6c7f7b2eb,NFT vending machine
0x9a854db20506e25fed694a52852172c139fbc203,Hustlemonkey
0x9a881b14a0c7ef1d9a3db6ec4b678680624e0d85,jithin
0x9aa5f6e980ab708138cfe49e8760b196a91a3c9d,EventOfferDemo2
0x9abff78db70dfad4c407a02ae54aaa63d0aadad8,iancha
0x9ac9dcc5967891ef6d834e5a2c9624f0f7d61df2,rudihei
0x9aca34983d694e07ce0369a74f63094c989fdf2c,ChessBuddyOrg
0x9acfe12c7a8a286f5da804f746d651d0d563c693,Tabitha
0x9ad4e2190fef23cfd9148429edc93c5d42e06bd9,Sabrina
0x9aeb1181a0fea85b9ac8416ca3fafc63b65044df,max
0x9af5cbb85e3686860e5faa0fc7663414a56ba1fa,seviramar
0x9afb641b49cd46ba1d6d2de7ab1e7b87790e6f4f,philogicae
0x9b0c00a2abae3452eb35f3ab5278ce1a40edb080,0xSHA
0x9b0f5576c84e674ced139810edea5cc9d34b28fc,Irina L
0x9b3cbfba9814d2b207183f9664224b4331753911,test2309523059
0x9b420809bc072c4dc6cb455b6c98e2d20777502c,test CRC-GNO offer week-3
0x9b4874108044e24a745ea1bc617cbc05af20bfdd,nikoethvida
0x9b4d5de4690fa150d14ae1026300732f6d47fb83,Lowkey
0x9b5d0cb9c46ab4bf603337af619984fbaa651546,Andix
0x9b60ac5f9e73c5263a7e1db02b840a79c2f43b68,mimmikux
0x9b60fb8ceadd6b61d6acdd4a0e8311095365dc2e,OpenTransfer
0x9b625a311fcdd1ff2367be0aa75df2e64f89f73a,Will Circles reach at leas - add
0x9b63bbd6c082648146335db6b2562eee9c47a7f1,Paul
0x9b649f7b0179b2b40341f241fa7a669eafeebf4e,Janssen
0x9b6b53804ed916c4d5d5a3fea8393181edaf5d9d,zoe
0x9b6ce7e64d29fa73dde52081dd07280ffb1ae426,NovakJana
0x9b730c2e5ba4ad9bd494fea33e136cda6edd866b,OIC Meta Org
0x9b80dd89b8685cd3286e938f67d28ef5e5aebe17,Gerald
0x9b83e94e28a177cffe2a234032f96dcc4d9d5a23,test
0x9b8654fb0e83bbb8c3bf768e24aea32e751f9a00,homegroup-test
0x9b8ba6c34002f9099a6efaff38ae6b9e4f5c77ff,testaccount8
0x9b9248862ebdefb76690541cb3b20107cba110fb,Sebastian Oberbichler
0x9b9820602cc58e8614857cc18a6f2c5576b65d24,rotki-treasury
0x9b9deac18936ad959e18d5364631497b5623d90b,Lou
0x9b9f55ed35c811448f84f1ca0877a867ce18d425,Will Vitalik Buterin have  - sub
0x9ba30b1b5f6ab82a5c972c53e38a9a00cc2426ae,Marco Grima
0x9ba4dba808d5152e6b61e6233d430fa4ca4f755f,Ben Carvill
0x9ba68cac66225f56603c898a5ad8e90333c1d4fc,Will Circles reach at leas - sub
0x9bac12545a819b3af388014a85631ce152cde50a,Circs
0x9bb3ec75242df2442cb4dd52b0a5935463a394db,Joera
0x9bbf82857ba8a59d05134492df5adf6daa72246a,zborgu
0x9bcddb126532a45df14a46eaa16af3c259c853b5,efrwefwefwe-mint-handler
0x9bcee8935015836c0f9c3f55b1165844d6fa35dd,BaseLogGroup
0x9bd058c169b8aaf116cb5f6055c71f6cac32fa84,tatarata
0x9bd1317841ef2a17475ee8969d7fb2bfcc20fcf1,TestLottery
0x9bd4608a96c8cd1850cf59dab6983842809c802e,AnanyaSharma
0x9bdcb4d3243079bf04200788a2ff670a74584640,designerGuy
0x9be6e0615967ba5a8f8335622a0d8c84c85cb5d4,sdaesfewf-treasury
0x9bee608176d3c53c9eba5e5b78a1a44d0f5ea8b5,IfenioYM
0x9bf33704df1a151bd3782744539385d265afbf56,Elonreyes
0x9bfc84dc5feaccb62f147834b2b6c071a3c69018,abdellah
0x9bff5bb66154e777d844e2f622aaa631b9a20f72,TheSurfer
0x9c06db895260b247c60536e3683523d4fdfa1a7c,Darkford
0x9c07e31c81b9b4a7b3ecd4da5dc8b98b11876834,test shop profile 02
0x9c24fedaf9c74fb10afa39fcedc6b890373e7a6e,0x9C24...7a6E
0x9c362725fcf5fbd8c8654742dac3d198ec4eb465,Bardan Gurung
0x9c397732b4ee2efc2c8bca9fc00037336511557a,Darkwolf
0x9c4722d5d93e721db31afffb0dcb6938fe0d9f8e,nlordell
0x9c48979e8faa8559ed2d81e0e9fa7fc40e5c47df,johnnybobbittjr
0x9c494f37e910e872fefa58fe00d6f9c351e282f3,Kate
0x9c4d5d18c5512a72e4b886dc701d3200d2bd9f61,GNO Bonus
0x9c511bd8f72373fb7fd0bbfe0bcdec1ab137e680,NadineMüller
0x9c5e09ebfca2d56e21ee19e4c429ec00d8852b69,nikolacreatrix
0x9c6d70988576635d74e1011e1829bdea57f166fd,Glory
0x9c6f4304f19a29b13087ad86331a3044e9b279a5,Galaxy
0x9c86cf9bc0f5bcf80ec04c8ad45d63e6df9df97e,TestG678
0x9c8abbb2342aa0a519fd85da33ad7318e774d7dc,ScoreGroupMintRouter
0x9c8bdbe51c63de80aa02c6577883c3de9d81073e,Pavels
0x9c8d426d507869f7b5701746d7798c32df00573b,Martí
0x9c8d7a7a104da931467a49a0375d900a31677673,Balaio-mint-handler
0x9c8ee614f29d555b55e2f138b9714e1d128bf3b2,Open Internet C
0x9c8f03f47a18222282f6412dbbe1d56437e377f7,Biagio
0x9c947188606edd5c8e198daaeaee108481cf1eb0,Daniela
0x9c97cdc8aeec453cd9be94b00fc998cfa1326d60,Richard Pastucha
0x9cb024c739a6912c9114c3ab4acf08c2e8256060,mickael
0x9cb247c1e61bc7979665193a59d90a5d02c3ce7b,Sarthi
0x9cb24cb336cc32bc4b88b3089e8a940b143a3d19,inclinant
0x9cb6ae27d2f3407ddcc9fa3a372a39e69d91e325,CircleJe(sus)(rk)
0x9cb8a7b43c9685499af2bae2f8afa445a6dafd26,imToken
0x9cbd1b318ae1b4585c84c5896548b89f84bb42dd,Gnosis shop
0x9cc3a5c57eff2d65bed3774a22df7ce4b81021bd,Anete
0x9cc4ae7c212cd59aafed74ae7a252706d1c2c9dc,albert
0x9ccf4d8606b10854cb55f65eafc80b1a9e649f1f,yonglex
0x9cd8ec12ea7a20c00603b278136cc935a0526927,cesar
0x9cdbb47aea833a9c9e85975526cbb368c8dfabfb,hari
0x9ce3482de585b5a7d75329cf838a331f1d7e4043,simp
0x9cebb79850ae8d39629c36a775984acd7dfff054,to_be_deleted
0x9cf94f4b734974a366ce9fb327a3625bbe829edf,gabrocheleau
0x9d01c5d9fe5cc5464b221410b5b61c7d4d354796,CRC-GNO offer week--1
0x9d027d2af35c8fcb58d35e50e3f7c5ee15ef7fa1,snowbird
0x9d0a4f708b229cbe254dfcf956e7ca48455cae63,chang
0x9d0bf1e23c2ba2b378e88728acaf8bdafe1996ec,Nikolaus
0x9d12e2923dd18b0a12493e803979a44ff445ec80,rftest1
0x9d159d4c6909094435a70d906ae5ec0022a19d68,dddd-mint-handler
0x9d18e1cb174444ea0288bb4489439135186f67ba,A-1
0x9d31fc0a062e31b1d61d6db4c0d999059ec45836,21nov25
0x9d382a2838e09dfe3f298453eedb13d16011f057,Circles Mumbai-treasury
0x9d38eaaf405b69bd77d91d38e8de01fd347c12b6,Femke
0x9d3a2ab986a8c16d5fd8b4014b99fc6033c055da,rob
0x9d3c823d2c570487db2d7ee6618a08d7fd966276,zilong
0x9d4479523a29d7e97fffc4589ca2ce53b3305b63,Hamza L
0x9d4b8617988921d5a36ac605d83df7395bf57de3,Etherium Foundation
0x9d5cb1d9507eff58ded880fdb5679e32ecc4741b,walid moussid
0x9d678cd4f3bfb7710caf874a4d5d576004f3e2f7,cchte
0x9d6e162c519f72cbabdd0d7ee46b80ec0191a928,CRC-GNO offer week--6
0x9d6f3e71a0528e151f1f28f7b14208e22282b769,Adam
0x9d75b1a8b4b233dc88f38f5d73910341d93dbafb,ElenaBrooks
0x9d77a15f525ecad4e1c801952f6e22fdab001eeb,wout
0x9d7dd942986efb8ede323153703c2b952a845fce,lhu
0x9d7e2a18671f0274083e6c9c62e037395e95cae9,Thomas - Crypto Freediver🇻🇦
0x9d84ec48e46c4f36caefaebc7b908f22636ee9be,mrprimus
0x9d93ec86012c43215794e0a3e649594a3b7a6f51,testpragueinvite01
0x9da120b447ac8e7df7ef11fc45c330044bbd171d,aziz
0x9da258473bd72bb3f522f2216c98fab994ee2060,Ihor_gp9
0x9da98f7c8497300390995bf57ab8c7946cdcc65d,My Group Name-redeemer
0x9dadba889f8c04752c5682c673f7045bb353dc2c,Bûcherons Rentables
0x9dbecd87e6fedc2754819bb2a65065bcaa09c1e8,Money Glitch-treasury
0x9dbed20e067f1e4194087fd705c53a4c710004a4,CRC to BZZ
0x9dc6169402229852ffe71cecae7e04fbb958c0b5,slen
0x9dca53b4b974fc2a951df379b8ded61fdecee115,htiduj20
0x9dd822a26c7c31ed4e2c3895e65f37e6ada0a9bc,TESTUUU-treasury
0x9ddbb2bef0dc321f44a73adf3e5a2d5e65c6db6c,Nhl
0x9de48de2613eff929b2f308182eb8cad22141506,FOSS
0x9de55ef0b9f5ccfff06e60a24f500d349ca51b7f,testCustomMintGroup
0x9debc4b2884f39732e11d66b806ce3fd5876e06b,Charalambos
0x9df54ad975c9e61b65177a55a55df15768fdd176,clabtc
0x9dfa045614df82776822bca4f3b62e9274e26c5e,Post Office
0x9dfa9942199f8f2c000e6a5060cf974de0109e4e,osama omar
0x9e03f625363e201fda4322767b38b349fa6ab0ba,demo4247-treasury
0x9e0708ea09c81c8f09fc5f28b6e551e25ba92278,Martine
0x9e228d60747104b330a6102ec956bc6cd106996d,PPP
0x9e26d7d9d6b1f778370810433bdadd9aa94dbef9,Keanna Perkins
0x9e2b3f622a30cdf088ad9944548e94225689f3c5,RQLTR
0x9e2fd27a8f646d3ef270a57d74d7da5518db2f9a,Eyad Elshaer
0x9e325c4329f7a8aefe1bebc5e9c9a2fe97c2e34b,gArentoft
0x9e3556d958d4fb845d4186cbd339cd1256d80272,KOEPPELMANN
0x9e3be3830009cb76e81314f67b4d227044b0f024,eemptyy123
0x9e5413438be000e026296fbc910dd0c1022f811b,vb_sept_11_acc
0x9e5f483bad92eec2aa80a457fd01b7bb80f0978e,Arbbot Dappcon
0x9e7e100f7b20a4bc3194a5ad410bbac3b32cc648,Antoine Bastide
0x9e7e215de613fc017ace28a9af1dd47e52848143,Agustín
0x9e7f62b51cfb80a8efd0b611f489919326a207fe,Igo Rodrigues
0x9eae0c365a2964c1b32a387f4d863f8b405b9444,Roberta
0x9eaf17f164ed317cc02b042f293211eb43829075,Tonja
0x9eb51e6a39b3f17bb1883b80748b56170039ff1d,InvitationQuotaGrant
0x9ebc97e8cf4dd5a7b1270a203440a0a35219d4f0,Satoshis Rumble Treasury
0x9ec9992b1099bac591c5db2264d4fcbd9e47dcc1,TestGroup
0x9ece4672e061320c9049b77ce396755d1a521a58,History Guessr
0x9ed9880f7aeabc0409207d0850418ebd0eed458e,1btc
0x9eddce56447f6c1a66ecd8e58ec19e612a5b961e,caanh6
0x9ee782b93fb9a42df0ebccc89db95abe85bc4d94,donne
0x9efb91e8315cb87e0743764003230641bf029c71,sunnydays23
0x9f064a73e864c2c37d633c7b0f0d2e720520f4c5,matias
0x9f0d2095e1f665c161fe40c572c13d37e59ee6ed,TBG2-mint-handler
0x9f12a1c4b0c15fdb719a00b2fb9ae08c28eb5d5e,Alex Sarygin
0x9f147ba1cbeedacd8ac2789651469e358cb4cb82,Marco
0x9f1b1beb381a478126b700e7fe66cfc416d7d515,Thayane
0x9f1fe52b6b39d7db684d489b34d5543a4493ec1c,Biche
0x9f2555579cc7fc15afbb5651a255b1e9d3996155,USDC
0x9f3abe5fbd197953a4e5bbc2414eaf53f7585cd2,e2we21e
0x9f3fe42c7633329509dbbb39505242b2dff28f91,charles
0x9f44141929fc1db6f8eb4da4eef372e5fd8716d5,cia
0x9f51adde4d39aabbfd4ca201956c0292f097ea1b,KPK Liquidity Management
0x9f55e173430e44c8d4299ed1b763be5895f28da2,nigga
0x9f5669a3ea3b465b6c26e14bb4cbc9ac8a3d16aa,Giuliana
0x9f5d1e365700199b526e1e3fc77e1c5906efb25f,coepink
0x9f671ea46988d1c2b7c655da780f4564c0256cf3,Kimberely
0x9f6bf0b397e72ec71d7675f73364233cef4d5603,noelle
0x9f7dd1cebafd017e958f5490d58ea5b046021b77,Blockscout
0x9f84bb734944734a5f7f3bfe0c1fa6ff61a420fb,JakeHartnell
0x9f86df4d03c7d486067b3ab9653c67cbd4a3a7e6,gakonst
0x9f980a5d7b67bd7b03832d8f278c4d90fd160b37,pierreneo
0x9f9ed7b6b319c2e7cba3828d25d9aafa6c3f3727,Américo Ribeiro
0x9fa2ed2e090c82f1a80c1b00b3a02af73cab11fb,Koda
0x9fa620c772505c7a388d45b53946fe742e684882,oscar netzler
0x9fa6f803eca36e87f967b47ad6e0825e613d569a,Delilah
0x9fa871e041d1e0957a347115a855a3393dee8ab5,Jacques
0x9fa9d0f8985411f8b86b4d84347f7af49bc2a9c0,My new group 2-mint-handler
0x9faee31dd9d64d053f48fce33a07f561af5d9fed,TestCMG-02
0x9fb26ed84b839974c8220e11e44e45b6c0fd3b16,tsst-lp
0x9fcb0762941bb27f8d93fabda5e8b96c1ba4d188,Nyx
0x9fcded679c66112d792c293442f65922dc0c205e,veeeryveerylggroup
0x9fd274d6849547fdc849d7f6faf36d4040045734,Amy
0x9fd4422758805c7f48402170cf7ce206ee8db266,Boran
0x9fdfc24757a0f6e1044f45dd2684939f96fe125a,Poo-mint-handler
0x9fe03652df47c8edbecc103587f90ef3dd42e4c2,Eirini
0x9fecd288cff6424312cff297c16572db2d34a747,Astaroth
0x9fed5c4b2d261d4411b09aab45db6a51574a837c,leftcurvevc
0x9ff0baf5d7dade50b3b7fb463da633a9eee8b669,Afromit
0x9ff0ff08de199ff7c97fa6a3b2a39a433b9309e3,yehuda
0x9ff5c2fd5cafb583552616cee00ec2f0088ec920,BGTest
0x9ffe2b692620248047e0b7c63510ea47183cbcd5,Giannis
0xa003f1b196987fccfe74981e2cba3bd7148c7b82,my shop 01
0xa013934fcf98042a42762cfdd78ef76e170e96a8,小光
0xa018475d4d50372ea65e45acf7c7fcac5d2a51d4,louisa
0xa01af4c58c78d6422b3a08ec45e19edef5f13edc,fred
0xa0268e9baea6c1164ea953a1396bb4a4f1490e9b,alice
0xa027efbeee5f45ed2992ebb40139d364f85089b3,TobiasDev
0xa034b0223ea74cf4c82f4be641b282661b64f95a,tillyleoni710
0xa039a3d151d3934c2bed253e2a49ac6298065d81,Tragic-treasury
0xa04310eaa46eacb690a2cf87fd65b59ef973a490,Laurynas
0xa047bc4af4a2479300e563b9efcb2dbd49afc595,aaTestYeaa
0xa04a8b54f001c593b7ec0147257eb5a0b9a99612,longtran9443
0xa04e15c8cd233303d00b7db51b629a4a09c56b57,Dimitris
0xa05427f888cedd126c6247de50d96fd52fde5662,MadNext
0xa0578a8526d89ffb375743212f82a409c3489ece,Echo
0xa067d265159d11071bd85880c493cf26910069b1,Pedro Barbosa
0xa067f51adedfb41f15e48bb1429ab49a65323b3d,wagmicalvin2017
0xa06a6427cbc002d5c0f68b0d04d433e721a1e300,srg
0xa0743c5689e41635091e4459b6e9b0392ec80d3a,Rapunzel
0xa082d5d9325bf77489280f1579486b059338f38f,test2
0xa0917672b8b54ab419d472c105548091baec384e,kkarin
0xa09b8182c5e81d78bea312b857237d226844c6bd,Barry
0xa0a0442b03dd66030c927a03054b59cf79960a1a,Malikabu
0xa0a4cfcc21753980c5d36d2647120b52f37d3306,dane89
0xa0b03b4dda925f5d061ca65c28e67064fcf565c6,testttt-mint-handler
0xa0b0689df44647e7b6386b6c1e5b9044100dd473,Vedaykin
0xa0b2c192b467c6f2b37c6e125b5be495f2164f0b,TestGroup
0xa0bfc321d34ba57fe92cc9f5356a6f4cdde04050,nghoaw5
0xa0e35bc375f00fe68536e0ddd623707ac8cd40b1,denham
0xa102c31d68f92295c00d3397c1df6e78b9acd533,test account
0xa108ae60619b56ff7dffd181a579c32e156468ba,decentraland
0xa10ebde2c9e51eeaa26664bf16bb828cec5e68d7,New test group
0xa1251f63fe3747c479132d7ec410ff791dc30309,0vni0943
0xa138371fb4e60a371ca97521f733f90a635f4373,flynn
0xa1391512d6c10d442573530d97eb8191ada8018c,demeusy
0xa139b8911e07824b0a360cc96cb32bf7f64d477d,Will more than 75.1k CRC be - No
0xa149856623d93821b5e5da8ed4c2af44aef13465,Cesare
0xa161e3a0b413e68099c85a6866309b36514e3f0f,New group-mint-handler
0xa16673bee1fe4527d74ba7d447e52722415cbf9b,alienforce.eth
0xa179d208cf8b9855ab2a07e152110ab483f952ef,Circles Coop Berlin-treasury
0xa1873631c835510de4af62dc45e1a3600ab8269d,Praytreaaure
0xa18b90fa61fc8f533d75f5118cbdcc4fe0d6e708,joao
0xa192511f285b06d1d55306a28d118f6195d16aaf,Räkna
0xa195b829072bd27f34690cb386fb75d89690d76b,Minetrix
0xa19b1c8b1853d924d134b5249b0f047c476ad595,nuno
0xa19bb2c682558a81e105ce12a11fae2ef7a639d9,Naneless
0xa19c35eca911e043af14ae07fa18a262684638d5,Nico Elias Wegener
0xa19d7304cc743784e3864b8756835e2a05a194f4,sdfsdf
0xa1b2e0813572ae21ba2c4c6f511c1a380e3bd5c9,katee
0xa1b6986b945442f82cc71e8eb66342a6bf026b27,Justice442
0xa1c58df1c0e38e20b90aef8f11cb3e956d10a3f4,AdvancedTestGroup-redeemer
0xa1c5956c72238bc0da2c6da522724381806b981a,Party.the.ann
0xa1c6481889cbea54ee40f415f2c8c6d3387b92ed,Roarwood
0xa1c7773f0120b61ffc02fa05ec21d89a94297a16,pak
0xa1c89a711111a6dcc413ae4b96255be452f01691,blockblanc
0xa1cbc6ba8ff16e0b0df040b05f5fcff52dc9a723,Kris
0xa1d2ff7500f178927f348595f9a87494933f1c86,Heart CRC-mint-handler
0xa1d4d1ff5ebebeefcb71e4a102da941787b856e0,Will more than 1000 humans - add
0xa1dca233d8acd80cdf15ff6041f5da928b4f9d97,Daily 100 USDC - June 12th
0xa1e1f3dbaa02f677a44f3165d888718cb560b27b,NXDOMAIN
0xa1e4af72463a060efcc2df4dc42bf6bb066c886a,Andxy
0xa1f2eebb3688772597a58c77d8a972b7276621b6,Aria Solen
0xa1fc4fcbd432308fef304eb2e62dab7ea2eb649a,0xBasin
0xa2069f2674b973ac4d2bc9f766f1207670a3cd04,EcoSynthesisX
0xa212d058b088514c889afe4e192af479cc318a19,Daniel Hoz
0xa2134feea52782f5d5608be8d903d019ae4d8eab,GemHunter.Pro
0xa21e38d08fc4b127ac27883279343ce06d44c3e8,gamakichi90
0xa2253c00a3ae324fea694d2bf910e17b66177b38,Lucas  Clausen
0xa2273b691f6f42e4c7546cd435ce9031c9a1e1b8,Durand
0xa2285aff2d0612930488ae607dbedb5873498eb4,CYBERPUNK
0xa22b3cdb64aab376899ce21add5d6c98233b5ace,TestGrupNotWorking-lp
0xa2311ae8b9798d10cc7a6deb211c041bfaf1879a,Viacheslav Kotov
0xa232c56aefd2bb4d40a7a00c38a27929b9999a28,Mattia Faranda
0xa2335596d92c06403f4f17941fb8bcfad4cb5eb5,mem0
0xa24dee731eeec533b86074cffc7b4c07d97780a4,Robert
0xa24f1b56131acbcc57e818af6a919bee499c8071,Diego
0xa25fb7fe7c29980e6d305919d7730c65457a9c59,Nostradamused
0xa2622d53a7905e383aaf0083e5c38fb5d8133ae4,Mykola
0xa266c157aae41119c9a13c714249277826365936,test
0xa26e4506288d367148350dde5b37348be6ba887a,Marcow
0xa27478e008d9ee534f5141e90e6ffddc4b4a6b5e,ngotrongnghia21
0xa28c43f92f6498afae4266b29a668624ba031913,CirclesArbbotV2
0xa2965cdfedfe02789a85b7788350e985a9cf40ec,TestGroup
0xa2a763ccb82bbafe777b3c1e0ecbdd651cfa7138,My new group 4
0xa2a820c09c0b3d482787feb6b22f2ec60f8eedb7,FlashMLP
0xa2a8e1400ea22e87fa5d546412c22e52c52a8e05,acidjs
0xa2b5781a339be05afbc4af4cfe52a41b05ee7bf3,blake
0xa2bc677f9fb8df891713cd25602427a75cb07aca,hejsan
0xa2c80f6fcdf3b76bbea54d166fdf56ae29f6c45b,BasGrptt3-treasury
0xa2cfc6acd7f16cdafbbe4b233c3c29a5d6844370,dsa
0xa2d9d8ba32864717e3353972bcf8df609f18d4ce,CRC Auto Minter-mint-handler
0xa2e2f222cbf8213b6b22e5b9b74cc83a03a95ecf,MLC
0xa2e6462220168d89ef1fe54cf2ff778876c41e1e,maynard
0xa2ea4d486e0bf13d7f6f7532386bed7f4c3b5448,justfrank
0xa2effab90ffe4bbdf080f68e4358c91bdf28a643,Hugo Montenegro
0xa2f495fc51ed36168214071668c76d682f31f053,sachvhan
0xa2fb68c94195ef2b6e0bcc57ef4a19612db719f9,Octant
0xa2fe588107ec38044c81a80933df0c629d179cf9,TestOwner2
0xa3016715fca928b8876de7b4670d551a0095f693,empty-treasury
0xa3025451edf13d2b2505cfbd2f003d0a7d3a9cb6,Solly
0xa30b6076353cea9e1f8831355ac34c1175e4e0a5,Lupe
0xa30eac022a3e32c7f596a593170e541c4cea5987,Shorn Safe UI test-lp
0xa31225e52957103957a9a312e6944626985cd4a2,test3452352
0xa313b4bbc5fbb3487748c5ad83b9851b89bb22c9,wqefewfwef
0xa31676f40eed5ea91664ab0ac188c48f6ccb54c0,hootpot
0xa319bf2974de0dd7d8ff2fdc75ea4d827ad3da02,clara
0xa32120e84b64288dff14faf7688814802ef93ea7,Raffaele
0xa3317dd436d58cbc744c25594b403a551ca4e638,gaylord makoko
0xa338f3d612331deb46aa54e0d5afabc0c4106fd7,pedro
0xa33b7e2f8e902bc3b48edcd87d5b659a8d55a731,Gijs Van Den Bos
0xa33d73c9cd6a88784a6a10380be9e0da32c66e8d,Michael
0xa34f7e12ceaae3b813d36d1b5062258d03f68963,Singapore OIC Chapter
0xa3621a0dd4172cb9dbe059a2c326cbba77b0d318,Edward777
0xa3676899a3a3a0515f9e2bc3ec7501285ebb1b3f,husam7
0xa3685110968e39ab538c2f5cd976f6e0aed6031e,Nima
0xa36f5c7e868a5d71240992e80c203585b8dbc1d2,Arseny
0xa37fbd3a0dd04e150d836169bc372cce8ba31a17,GroupWithoutRegister
0xa3984ee74c112620719916c2d63e66b3f6a2be15,KryptoSpace-treasury
0xa39df48c189ec7fad99c4cebfd7c4143d189caa0,kath7een
0xa3a2aa1011c6f5a12c09cfa7d3c2d55f3a49c27b,Victor Nava
0xa3a5239b30b2cc6e176ed0be00c02afb1f5828f1,Will Circles reach at leas - sub
0xa3a8aaa3ddf1ab3eb2aa06a05a787aa0f866807d,Tof
0xa3aa404f2ca7899bf1d02ab3ffd89a3da4d3e94f,Ameen Ibrahim Rafeeu
0xa3ba0574518c689a9c48a217fd4624a0f1fa32c7,Dim
0xa3bf7a60d132c5a95973be625af6b9d8af2869f1,9vnie
0xa3c36d815cf9d2f7d4fa726ba0a66e711b9fb79a,mcmanaman
0xa3cceffd1e6739a5dbcf3c9538f52032493b095f,ScoreGroupMintRouter
0xa3d8f014c6d8ecd85a0768056e2e156346441933,boltzilla
0xa3e47becc4f966bda849d46dcc3296e1ffa458fa,Boaz
0xa3eff7ef2c92bdcf689f184f6b5522af7f4634dc,FLAME
0xa3f357b1281e6d855231816448687434a7776183,ddsg
0xa3f6051458c610a07a10d725e163e09865d788e4,testDataDAO
0xa3f9ffaa823b889e753d1d7e11f2c748f2085d7f,misaakidis
0xa40055b3aca750d8a05430bedb55f32a169e6376,Elena
0xa402b371acd9b5db8f802c159a51f2208cf9a3cb,hjbuh
0xa406055a22a45d2091aa6f33c05eadbfb9e64988,asdasllTest
0xa4103aa391bb8b411b41424171e1b56a82c50561,Test
0xa417cc6d975dd3561fadc3827c6f55758efcc0ac,0xA417...C0ac
0xa41db7d1deb24ccce9a5fb853ab631322e1abb97,TestTestOrg
0xa425c8a9c421502b32153ab795c210153ae11aa5,Danielsan
0xa425ccaf7016af6c68fbcd0e53a8db3a8cab2b6c,Maxence
0xa432f24acf7f7ce523c204d934dad72bde0ca215,Circles Backers-treasury
0xa43741740cc7de1893da821ab864d154f3ea2dcf,Bankless Academy-treasury
0xa4375b358548048c67504388e20ad1270bf26a56,Vee's Group
0xa4390b831cdfd7dfe4e16e4c6aaf11e793de6df7,Jovierse
0xa439d759407d2ce540f8dd7bd81372df40b7c3c0,HHHHH-treasury
0xa44459f2efc5c4181fcf6ff5f304b6a039745674,Orest
0xa4483fb4e1c73dc0d1b56c8e5aa9870e9358d64d,rwa
0xa450605ee8644f706364835995c816020924c7d7,Alina
0xa451927f623117c7f117d1e6da3fdfae7d3d9e78,ethan08
0xa45195506a4d84a0b8d9a24a13d3c6286f989ae3,Kjesien
0xa45c1b763e65c463e0228e9548e414eaf0a48940,xoftmax
0xa47a630eab25cd9f38e0abc5da355a72756e0178,Marin
0xa47f919fe89a63be5b76c7929d1d719573709b2e,Blessed_human
0xa480f38a981cf9b102fb2228c0b183cfa60b10cb,isasuarez
0xa48345c591ee5678623aff2183e1d1bc85c7a22a,dondon22
0xa484c7a9ef21dc0d9ff246ae98e4e1bc601d5cfb,SanadAljaber
0xa48a52dfb72658c690899a822aabdbf00cafcb1f,eyeconicmind
0xa48ade764fdd4b37b9d01a6838bc92237d07deb5,xyzproto4
0xa495368f379ba0f29b697d1dc739dbebec136426,edo
0xa496ec6532ac8f283beb360873fde96468ef1da7,wighawag
0xa49ad544dc4aa6e3b87ed21681d5c4375b969693,rozarocknroll
0xa49ef2db664bde73aadf54bff5f688f21db00a58,jkit24
0xa4a287957a08586516765ba0c8045761d45532ab,Vocdoni-mint-handler
0xa4a350c70da058847eb4451e07fb41ff8142c7cd,anderson
0xa4a81e936d16efeea760870ec85a32727350145d,Will more than 1001 humans - Yes
0xa4ad6ddf7d377b19e5e0f8d4327dd241dcc03112,Giveth
0xa4ae1e1edab96499de95762c08047825ede57ddc,Automation main user 2
0xa4b4fb9785fac21cf61caafd00e89353d24767c7,Custom group-redeemer
0xa4b512a2a4e04d374a0b297a181c89d4905469f4,Khaeljy's group-mint-handler
0xa4b68dbd082c9fdb4220853c77088e0be77ddfe1,scholar
0xa4b69fd2b9cdbc2f9fc9e69e75c674294a4be089,Jerri_NFT
0xa4b8b1f587919ef214430781c06cbd42c82c8377,Will the number of CRC bac - Yes
0xa4ec7115bc64326213ea9b2bddee4b9203bc50b5,Martyyy
0xa4ecc0db5aa66881256d7000801da15a1fefe4f5,Make
0xa4f69b80f87f5af4ab4e0b3759652d34faebaf46,test2
0xa4fa6a011bd98e7fec0619cb9069dde5cc1e077c,Brad Bachu
0xa4ff1d195f65f989b4a3cf140ad669b2e958ba32,Organic pool
0xa500328ed0681fcfca320ad93240ccb853f588ec,Hugo Aleixo
0xa50398a974b247b61ee9031fdeabf97fd51e0843,Dodepchik
0xa50541792cd99070955e973d578318c8e351078a,Jeffrey
0xa5071b005454cdb8c5e67a482b160ac057fa547d,hubi
0xa50b4c21e51ce4ba3276bda94a8f8c6f62642c16,Maria Blasque
0xa50cf31d98a3ea29dedff6f1dfd374842e973ef6,Porit1986@gustr.com
0xa520dce7eced52930da6a7ed2bf0831484e91378,God
0xa525f0a9f36399933dd8ccfc9dddcc207d2565dc,Jay
0xa527a590ce770badc2383b725b26daa26cc3d55c,The Circle of Trust-treasury
0xa53210ba76ce83682a69b789c915a3e452d7bd49,CZECH
0xa53519af69bbfeda564bc979df293ccc98df0457,Nikola D
0xa53dee47106d923e2102a6359c4de96bd19c5bd3,Blocka
0xa5413128b47ec029f83ed7ecd321d22d6a9b860b,Jrag.eth
0xa5416fba57c0829e552afc9070e25edb2088f57b,Digital Bonus Community
0xa541bbc83ee6dc3df44ad3272c8d7a160dec91d0,delegate_call
0xa5434dbf689998452e73db749997c8994403e40a,Christos Psilomesis
0xa54387ec30f06387df02d5bcb4d0549c71aa8256,Kyrylo Yefremov
0xa549067148fef84b2f0264e5f6f37b06e8d535b6,mehdi
0xa5587d7bce8541cb5eee297384ab0011df06f171,0xXirok
0xa5638d0d73064ac9493217217d13bf83ed5ed530,Bahar
0xa5678de770d858d2a521d3b7895e3a43de3844c0,Mohamad Jlo
0xa56c772e81903a41b23a9f935037d8605ec59ac5,Κατερίνα  Καλογιαννη
0xa571627c6ce9c7faebd2ae67cc9212787ad77f0c,theo
0xa5727a97c0236caafeb9fc75da6d385db6ac84b0,poland
0xa573f367fbec4e8f98a225c7c07cf6d9b53b9ea2,Yesus
0xa577e2025faecfa17d8cc438dc35eefae8cf88c8,Liberal Republic
0xa578378633a6b5138d674dece92faa923c20e5be,dosh
0xa583074d29356148386da421c9f663ddd21f3438,João Rodrigues
0xa58d187b134203cbd557c0cc80cb83f9cb3de3a6,Octavia
0xa590a6a62b92ce40310b27979df89fc63b44e6f2,Pizza planet-treasury
0xa59c530263cbdc90c5fe9e130f79f98f5422007b,helitik
0xa5a150ea901dc015ba107587ce8615c1f1788836,f7group-treasury
0xa5a5b3148728cb1ba96fe2cc0e035beb707cccd7,M. CRC Savings
0xa5acd1b448aaa5b924e08456a699e8613691d188,kathrin
0xa5b44cdf0dc3a4ff66cd2637901f9d2be7c9bf29,arbhie22
0xa5b529b28cb05f0e3f7377181938bbe0ee1a925f,empty4-mint-handler
0xa5c2acf1ae25e17a6ff6a6c67a5358c299a41f46,yujiitadori
0xa5c5e1d61838927ac4a54ec3f5112a672f6a363f,KnK-treasury
0xa5cfc6af5d9d1574607da5edd9b704bc52213792,Charalampos
0xa5d0abf35a4fd13b4ec327d0516cdbe53f8c81bc,Justina
0xa5dd2e36d620c9a806f7f2d00a098f8ee01e68fd,LinusCarter
0xa5e024eda0070f2e1785a7f200d28621c7a67374,eejd
0xa5edf76a2ee330bd2b811996d227d97e7053b5bd,hgf
0xa5f190737e958a6e84584fbfc8671a1ab62b927a,javier
0xa5f4419f69d30d551bdac1a0fc7ebd4704c68f2e,Sofia
0xa6017abb683461d61296ad18aa02fdc2333fc59f,Futura Garden Shop
0xa604a71f6c2e6ac42763fcbef541f382782cd5ed,Trevor
0xa60787c78f27e8f1a057a643d8c053f9bbc3d12f,bravosy
0xa60842cc049d934e5582249dd36e396725287ddf,Daniel
0xa6095b9d2e080776bad892b8d9e7e251b82c5386,someIiTest
0xa60cd6ddbb4eba93246d6f80ff4504476c8117d1,Gnosis-score-mint-router
0xa60eff4aa26d9fd99ceff3ee9647ce264ee7db3a,artan
0xa61528bc8d45ee1b38a68accf6bd9f455f9ce06f,TestGroup-mint-handler
0xa6155785ce5e839590aa6d1415a9e8d4e7a49afb,test-mint-handler
0xa61b59d56288bbb90aea23e04924955e05dec9e9,simancrypto
0xa622fd0c669a00d15bcf9416cb5ebf2696e5c4fa,FRANCESCO
0xa6247834b41771022498f63cae8820ffee208265,hugo
0xa6275940af7ba16496474f6623747219eafe1492,kiril
0xa62c7c1c720db225894237a8d9e0da5757dfd8de,andrea
0xa62eb9eb651d2a63a3152d0700b343bb844b123e,Milica
0xa62ed0a680648309cf5e8d108a024d55209b440b,Will there be more than 2k - add
0xa63482394d861490784f7c853c3a27310176b0f0,Kia
0xa635cab0c16751df1ed82a172cd0578237a42138,Mamacita
0xa6385b9a493b4dd41d43cbcfa91e4198b7795d89,chioma
0xa63abf03d5c6ef8d56e1432277573c47cbe8a8a6,biji
0xa63e156b6a327567d2a6619ad62e3e6f8eaf2303,seliqui
0xa6422d11e9098ec25853729989a5616b52c3eacf,Naguib
0xa646c7bbe763f20e172a360fe0748d2a45f94cb1,Emmyseg
0xa646fc7956376a641d30448a0473348bcc5638e5,Frutero Club
0xa652291dea7b92a475ca032fb030de2fae7d013c,coinwave
0xa65b034608ae85a0d0a660d82d50662993da5363,regenia
0xa664d49f1f3b7e16ae0a5ab3197005ef67c80f76,Chirag
0xa66dedb6e98e278d701f5392d1e1e657563ad25f,Sam
0xa67a06a84fcc81394316208e6a9fb4d6f1c5d4b0,mickbransfield
0xa68460e870da93c95ce4a0629856237bfb0c0430,Chloé
0xa68ed014c78e411656b9e90e45c886babaaeba4a,Christopher Dale Box
0xa697527f5ca380337c7ca2e253544b7aeabccd44,Fabio
0xa69cf70c5c1ec6e474c1c23e3669a83351ad8531,leo.eth
0xa6a3937ffbbfcb74e4b04cd91ff0b3573b2cf410,Michael Martin
0xa6a87841ed1776212ad22ed4686233deb10fe087,Circles Indonesia-mint-handler
0xa6ad5e1ab4544716c47e0aa9acdf9fb0d4a9c356,Nurul
0xa6b3a3074168764473b46ecd46d9c4d88c159ecc,Test-treasury
0xa6b8f745a82fe7fecb18222805aeb0a7ddd26747,pentacle
0xa6ca72ef604428762f6b7309d3a3ce96f28199ad,Jamie Friel
0xa6cb0b6f65bb608cc57cf046ce4795663be44aac,xzero
0xa6ce3fa2ec1359972f05ab8a3e7bfc5a9d39dcd4,mateus prestes
0xa6ce872714a52c69587ab75cc8f94b390b1411d4,Chrysostomos Bakouras
0xa6d5173c600020d20dd72fe48af1bb4cbd656f3c,Lighthouse Labs
0xa6d91415a74063467de96a1b45125bc68cb6bc2c,Secret Garden Deployer-redeemer
0xa6e253725cf29e34c8e0c3901d372aac651272e7,Guilherme Caria
0xa6e9137834447a8c381588ba573e1ef5d59e062b,tala89
0xa6ec18164136fe879472e5916f40d1dfb1f30ada,empty3-treasury
0xa6f2be1caacdf3bd4c41ae981033157f637eaa07,Myrto Mariatou
0xa6f719c47713d0068400f936fd3e3116896b1f7b,Marya
0xa6f79220c3531d7111b9ef34ac7c1f5b002e1aed,Saft1980@cuvox.de
0xa6fb906bb0449e60176b9424e93f704737fb0d5a,MercadoTope07
0xa70a67c934fa2d43d7121509c2ed182f674e8365,Quirkalot
0xa7243662ee846ed385340a9b4db0d06f0a64f6ce,joepadawan
0xa72cef27eba0df78c3024edb7e7201dc190b20e9,bearish
0xa72cf03c9ef86673d0e17bab3460285d1796d818,lemath
0xa73337ecd5b8f63db58d0effde6b325c651dc7f7,Julien
0xa734a4e65a72ba5d1d8a5ccf0aa08909c06beef4,saddam-haut-de-seine
0xa737d6287e2e9055bf5e0981888d4a73800b7102,Krisz
0xa739dff6e3950865365295be0e1591ae94d51af1,giacomo
0xa743d404e6fbd9f8ed0ace2eafb05a223d780bd1,ziden
0xa74694dc60eb3fe72b7335b482892020f03ef530,Deividas
0xa74a60c6476314684395210e972a9764728ccf03,456-treasury
0xa755c43bec8ec3043ef17f99169deb2d5b51e3e2,Vrtsn
0xa76545a02753ea653e8b51c7f2f9e8147acb5c6c,carbon85
0xa779e825ac7e357bab1b93bcc01803a7bd84bb42,bucky
0xa78f16f8e1606766007942e705ff06c793ce0509,Reece
0xa7960a57dc02b88ca37ea20ad87fec3684388199,Win 1 dollar cost 10 crc
0xa7996d8e8126ad0539448fceb902d9691ca067e9,Church
0xa7a605163ee2258a0ec9216f31b293a38c5a4c6b,Lukáš
0xa7a8dc3dc2b5b0420b031db5b32fffddfba42723,gerdon
0xa7ad6bbcfe0135a2c8dc93a4f1e72f13b87b2539,Fairyfoods
0xa7b06bc9c2c0d89851548dddde7250161810de49,marick
0xa7b485eae7ec8793f29c1ebb268455705c5b67af,Yield Pot
0xa7b9ff11459ad0d343d12a480f34c4533d2f4432,Connection Garden
0xa7c788013f2c885e7fdb723bac7a8e107048d30a,0xjeaneth
0xa7e0d56ea04e155fffd7f97b88936e4b8320c27b,Todiun
0xa7e97fe2ade45da1c4c06ea052d05bcec94d504f,Augustas
0xa800271c3aab844ee4faec0e71b60bc8a7316fd4,janekpol
0xa801636ad469c8461a5e4d3ff9d467dffc5c3f68,Lwj2019
0xa80a7b269744c366c0e3e092336cd0ceea14a358,fedegomeza
0xa80a97935d9b0fb4ab68aa34915cd5a20e57c8eb,john
0xa812d9e0a6042fbfbc8c306cda5cdc78cbcba70f,Ethereum
0xa81866d484becfa87a7bf7b2733fb8b7c4efdeb4,klara
0xa826fc04d486a6b3169ff77ec97c6d8c2abed834,RalucaS
0xa831fa86b198a3c7da7c1ff3d11129e40fdb150b,xyz
0xa83b364946fa0f63d109e4e5a0626a310eb38106,wizz
0xa8433cec43ef57a8baa40c36c71fc1a6775d41b5,Petti
0xa8474e2226153a7dcfa7fa6bdc21f99df385fad6,SoliPonics-mint-handler
0xa84942efc8ed0c79a57dd62abdab5efc3691f7a8,j0sh
0xa84fd7ba502365cd9d5a8397c6798bef53ba88b6,Bankless Academy-treasury
0xa853f9f6bfc4267b933236d86bdbc51069f63ebc,pau
0xa85c458938a95e99919f1a7187795020371a220b,Yoki
0xa85d9f4ad71943d96db73e19f6097bfd63b47a44,Alison
0xa85df4ace8d0f31468ae435333e63f4da35e23cd,GNO Bonus
0xa8644ecd13de4dc5fb43ccc82d9f59f360ff67d9,Gnosis en Espanol
0xa86ca86e464314e59e0134c55792b178059cdae9,nicolas
0xa86e030f50fd1ed7a2712ad87b2b413f92a8812e,👍
0xa86ea6576ca4f86af4b2cd9082b1ef9e45f0a78a,nachiketh
0xa86ef05be0136953685ffed341c6ec72418f6ec2,spartanleo
0xa86f95bdbf41c19eea4616666380f6d00120f775,Mohammad
0xa86fc9b0142367f4a1cfd11f1e630f9b7081e211,Cristian Mesa
0xa87a7592272ae511ef2707e0c069486168727434,nandy
0xa885467f7c31dd6eace6b5f548336963606b3a15,sarpilam
0xa88655810514c3b9de461d2eb34a89b9d998eb78,3.15-lp
0xa8899b33efc22c1d6d9bd759f9bde794478e8b6d,Circles Leaderboard
0xa88ef2e83cae8a78cca8232abd30532f0278db54,Romuald
0xa894da08f87e72995d0d720a5fa7beb03760c569,test-offer-zrm-test-setup
0xa895a32067f16abade33a6a1a71687275e195dc7,Metri OGs
0xa89738839635b40cce7ebd16e1caa53bbff05dec,k-minter
0xa897ce29ff4a2dd51f609538d9d3f975c07bff96,Felixsmart
0xa8a2589f250e0de39ff8f7ad664e9b25bc3a2257,jung
0xa8ab35376566b97acc34053a4b27ce40613325e6,wiztrilz
0xa8b32c0aca24c49bd664011474065980c270afb5,paulette
0xa8c1acefc1db2b8d3a127af7d88f8b71a3bc265e,mo
0xa8cd95a7fabc9449b62612c84f4add7b2141d5bd,test
0xa8d5da660bb5d14e7f4d1163334b2b780c20bd69,mervin
0xa8dcf71eefe7b8d20e0892bbcba189e366dbe713,Dashboard-redeemer
0xa8dde09a883e57f71ce421b4dde13e724e26713d,PAY
0xa8e46e0e7bed1a89cd6326e66578aa2333adc960,Georgios Savvidis
0xa8ea9764287f2ab5fe10222ff3dea7b9ae7beb25,Org2
0xa8edb7e581dab9e8196c68ef210af114b0831a20,bernardo test grp 3
0xa8edcc160e81c24e3a2585a8d69b5c1f5b365b4c,Sasha\'s_friends
0xa8f6d6f57848be6ed7366b5afc13c8a4a952095b,Fragkiskos Xydias
0xa8fb321f07d2c8137b8d2db5e59321e0020161f2,Vocdoni-treasury
0xa903035551bf37908fb1b86d304cb5799aea45d5,Dream BIG Group -LBPStarter
0xa904607b0680381f1dab5623000349efa0a47536,o2-treasury
0xa90a9b3e6f0c5edbcbaeda11bf630a652bc77518,Discord OG Group
0xa90c33b5ded151ad98520717de1418ba9d8ad0b6,LABS Testing-treasury
0xa90cf60358d1529db86f23c4eee8c7735b17f4e4,mandiro
0xa9136831caf857c7d84cea0b17430d6044ef3c97,Liam
0xa9222fe0a8855dad91a73758912a10f926941a5b,LaborToken
0xa9308374c53b3b8444a7e5537ed4a86eb93ce8fe,BaseGroup
0xa9386d8cf1879be0b10a8e10b0558b03bd765d92,mark
0xa9522c6517d9fc30cb2052e08d93af9a807fb206,AryanK
0xa9727ab3d255dbce6cd6da193e20468ee921b033,Zhe
0xa977c2266eb7ebc14d62effbf30d0bccf41b5146,Marry
0xa98733346494f5908135b22bafeb1c8f54ce9122,Test Group-treasury
0xa98e85aeccfa98220ab20ce60169115c350f09b8,THP For Good-treasury
0xa994b1e0c139bcebbe4c43c8cd4d54163e385e20,juiceWrld
0xa9a0f85a3c7b3541137debb5d78d1caaccc3c11d,comik
0xa9a5c6e88d9ef02afdad3f07299e39c8591004ee,Flavia Macedo
0xa9ab190a94e915ccf4d6c3ce84612469119554d1,robroy
0xa9ba3d91237e92df067699d30c5828cecdfa2e3a,andreolf
0xa9be4064e89ad92d87c9e7bdd28364f0203f467b,cryptocurrency
0xa9bf68efa802406988fed36c7b434fbc9e7db72c,luca calzamata
0xa9c7ed2ec66fffe9d6db0b64a3287c2f1c1e00eb,Yulia
0xa9ccad789e7c6e65f61cf9b72aa2990071acb8f8,vbtest243265
0xa9d0aab0839c2d6ac1685828499cc27316e3f283,Test Group-treasury
0xa9dcd442b9676f581f2bb23aea3b8adef8504add,Saeed Harbi
0xa9ed2f9b72eecad135e1f766ee1ee5d31367614b,joey
0xa9f4bbe89a1d1a80d7312066af533a783226e648,TBG2-treasury
0xa9f744daba03fd29b2a9ca6170b8e340ced7f5ff,0xmila1
0xaa009aa8793b15129091d0e1c67a4ace72b05f99,Andi84
0xaa058c8464fb6b51fb160a80a576b8e9444cc984,Aurora
0xaa0ca6cb2e82d5fc680bbad934f7d2d3d629b791,sdasd
0xaa1070b4799decf1317fc21b72b621639b18457b,teste82035203
0xaa16a80cef4cdbc3ce1ddbb2a107ff06345d99c5,testseren-treasury
0xaa278ee8f05c137c869887322cd9a04db03d5db1,TestGroup-mint-handler
0xaa2eb48c0622cb1287e2392cb17c3b11f1c0cbc5,Hakz
0xaa3c529c0488adcef402e5f3e00bebab255fd0f7,rfqazz
0xaa3c78bf184d1263cfa10ddee095ebe89bd134e2,caleb3290
0xaa42d130e014ae51f812a73337a7b51c79fc04f7,emily23
0xaa48906af8fd2ead13847b809c0debfa46573084,eccogrinder
0xaa4ae04691e78dbf8c2f6e6db627d0d2ab0a2914,painting
0xaa4dbd2116615d841c9c3a6de78c3f8d8990133a,Parachuting
0xaa5f79e6746016ed23a3f96dd5ee92cbc15d7486,ION CONSTANTIN
0xaa6b9a1d2b2e0da4a6864e47adc68ad57f23989a,CRC Consortium
0xaa6f3d115f7d71178266fd2dad45352a93c945c4,chago
0xaa6fb2c1936ec0d639dabf0e5ae43b9a635c3686,Deep's Test Group-redeemer
0xaa7f036045c2be3ce93093631d60edf3c044f3d7,Will Circles reach at least - No
0xaa86cf38bcac4d7e6cc31b3b8241946f29ba98bc,sufficient
0xaa8e35a2a54ff052fe200e7b00e27a597e4f058a,Omm
0xaa9081197e02f2fdacfc65e7606743fa2d005208,Circles 4th Birthday group
0xaa9130162cf9ae07811ea3dc3cbcd7ac35f61e81,porno
0xaa91c9761dfc64b5996a9600f5c5eab2bad1b84a,stieve
0xaa9bace2e79cc6b6f240209a03b70545ab814343,BaseGroup-mint-handler
0xaaa25fd6e635d240d4621f9c817f0af2eeb46646,A P
0xaaa92a8e693e39863a5f321e169c5f382719cd10,Antonino
0xaaac4b45509267c6a29bfc7cae46e2dc00a0a2f1,hundert
0xaaae9319e1e6d1a243f5e775ccd95a35896a9830,fullnode test 2-lp
0xaab1225c0399d15263592f4e234ebc3764b9b2b0,Bin
0xaab1c2e7f3f1e3fbc1747af0ec9727eaeb9fe328,ona
0xaabc65e795495db3da39bebe65ff2dd6eecb9f5f,ada
0xaac6c66210d7634a3a3aa1dc6ac6bb0d539066e6,shrntest2-minter
0xaaeb4107523de219053b6f6e189bb205b75a462f,JeffersonianVelocity
0xaaf4a3d91dfb7e788b2d8c18492b37a7913e209a,theodoreed
0xaafab6218d96ef156534af368bf716a3ff7b0ac5,Antonio Lo Conte
0xaafcf1922d76d30b72539b075dc90661e09f06bf,junsong
0xab0001a7804d12e9280c115b3c341da03c45bffe,Will the number of CRC bac - sub
0xab1249cd62093eb40d6c71b2908ac2b55212f52f,Thalma de Freitas
0xab17e2731b59196579b3bf24f6ece7474e8e60a1,kdjs
0xab1939ffeb1c196ae1294303b984d6cd08b9d30e,Will Circles reach at least - No
0xab323abaf44cf3d16599c44c4d2f0a570ec5a0ff,Arbbot Zuberlin
0xab569686ce721d9159e31ad5fda9535022afe50a,Lukáš Bělohrad
0xab59fcb184047c1951589ea98b45b0f773a09022,Giannis
0xab5badc40e62333159b9cb4b53adce19057ad3c6,0vni2094
0xab5c1d0166521c86f54132d6916fa27c76ae3a4d,rosanna
0xab65f74a01b4ed7209289c3ec9ceed8ea6b88f42,bdsalocin
0xab7dffac24e8f51569d91615420cadf4039c5c1b,defisapien
0xab84b750c49eff3798e619e4d131e8bcb195992c,田字格
0xab8987299d6aab6c9013f024a5f19807d65805d5,3.14159
0xab91509ec49d4001586f5018caaf4f96b2cd65ad,Jacson José de Sousa Gomes
0xab950d3f29144624e649fc99da7ec0bde4db829a,FUD
0xab9bb14d0b7e0c21d24edbdc3b00c83cc050b45c,tangzhirui
0xaba8c51cd3962fad58198ff7cb6822823e8b4427,user0589
0xabb13a669a39db1ec8a7ee8972e23174a8b193f6,Yves
0xabb19eb7d2380c4f96048329dc3f6374a78c845b,Ale77
0xabbcd997ec28ca51789245de7f8a07acb3cd0023,eemptyy123
0xabd4760504611dbe4d749173d66ca7a2bbcf6f00,jin-woo
0xabdc20fa7085dd4edb2fd380e1276b73a3ad087a,Tom
0xabec42e132ff6acdd50b3b3bc390c1d1b156f9a9,testitesti-1
0xabec9fb1c4a46aac83a0055476828008c5aca655,kenan
0xabee08bc33b27845e30f357222f1a0e700b4b033,matze
0xabf1592ffc57a29add5af07e63f58224c6cc8cf0,nasseri
0xabf99cea1402148f39913bc0507ebe4ab1295288,chima3945
0xabf9c7355ba82daca9accf0c9daf30e89d72c95b,rosinha
0xabfb886321986464aaf8f117e155c64dff6c73fa,Shandy.be
0xac00de45074c0c90732076e431ce5fef5ca182e5,HDGL-group-wrapper
0xac00ece4688f5a66a4e32c61a4c81a65c7fcc293,Seba
0xac08138ed2a53d18658638c0a5b3c385dac7af63,embarssy
0xac08d67debacdcd488d659d068f5bc059bd8d3ff,snk999
0xac0eca54748a55f6b5854161dffd35f4a14cdab6,Anthony (Chad)
0xac1c584b9528635f1a7afc8ea9de962050cf1202,test_offer_1
0xac2600872ca1d54c70a79884cb99364ef900d4b6,tacco
0xac2bd5578096b9d6cd3ff427fe8740adf63d32e3,GNO Bonus
0xac2e799c5a1625e2538e910d1354d61546575e89,Nounish
0xac30ff48beadd43304e2f50ac29bae280d34b941,alexander
0xac33fa31f8fe1132947bf68449bfc7ae6b966646,Pizza planet-mint-handler
0xac36dc3437d149f395d03ee0673a4d3641d1a919,testCustomMintGroup
0xac392f3b58078ac6401383080ff929ac0d40e739,Raff1
0xac3bc7fb53a373c10ce9abbc410fdfd4c3fb78b8,bernardo test grp 3-treasury
0xac3ef2ec1a3da9862cbac3d79c74db0924571ce2,Futura Garden-LBPStarter
0xac46b56bd78932130754151a29fcc09b670842c6,Xorith
0xac5f53d160f2c9e16191e6e0386605691cffa6ad,Ioannis C
0xac611a90588fce80ccf5c85a3af7f36b3cbf9380,0xAc61...9380
0xac6c8a3808635f8248f7f440217453a561284526,hrvoje.krep
0xac719f713ea193b36a1727583c57d0559c82b9c5,Marvin Denis Fastenau
0xac736e712007dcec284bab482c83d8f376978fe8,preciouspretty
0xac7728cc6de56aa76a82684d98cfab7f8d0818f9,Will more than 75.1k CRC b - Yes
0xac79589cc794dd427a232ea814a066214a457bcf,karina
0xac8043d3fa9e2a4cd6f2d1dc6970256f64b06e95,SATbtc
0xac82df4e6db55bd1742af8a3a5584a5217964ebd,Europa
0xac832fc857098a092978bc88703553b780fb7a40,Oomaso
0xac930b567ae5fc420c2665bdc56313ca93c5eab6,PrincessRewardsGRP
0xac993b50e7956475d4d1e06cfccdd8f559b154e7,thanhdaisy9x
0xacb53085eb047c63c49408517cb0f1ce30c996a8,NVC
0xacbbb5a3c55b3ea8b686cdea0c1537c26f3fe5d0,miniorg
0xaccd0679ee08fe3809b4f79a71cc4745e690212b,Mori
0xaccd69660c8e5487a394546497e40e1e34673caa,Eugene Kwame Asiedu-Dartey
0xaccea6835682267eb7b4d93f1bddfbb3828dd31a,hadung54384610
0xacd15149672a80272005e425b94b3f57bfdb2144,Beegyoshi
0xacd165288ba39b64213eb6c24dc078450e3c4c86,Tio
0xacd561467c787fac79e45f751a4ba8096ef27dfc,Oppenheimer
0xace2c4a1acc16d8c86492670569ffb1a20b4a4ea,BlockscoutDemo
0xace43302e7c6778fbc5d126a141ebdef5fc550b4,Will more than 1000 humans - Yes
0xacedbd6d874053f09f0aff00a05645a77fdc37b7,pluton
0xacf2d2876a9177bd0dab74f6c3fe2a2b26f4fd8a,Will Circles reach at least - No
0xacf5c4a0597900103a207020b8da34f87fe1fc7c,Marco Correia
0xacfea5988855a36d6f203715549fa50f3023f39b,shoultaf35322
0xacffcaed096f87ed3be847ed1d992680431482fb,α.void
0xad02b40a666c6d2cdf207d8633fc172025667e09,elchara
0xad07889049998ac76c6c4036e3c97b296ab1c23f,siegeral
0xad07c659ead9e6bc90ac29989adcdf1ec1032beb,elKusi
0xad0e340e1374e6b8a43e06e0b4e8e413d6380efe,sieger
0xad15be7525186f381b9783d1b04a6e4410f918c6,Connection Garden-treasury
0xad193d74605a29b706a05a4ee5bd486700d9ddf1,CrossPoolArb
0xad1c323f69621a819d043ecf526a70576e6cd368,magicvibes23
0xad1f034093792027305230fe26195a31d6d2236a,Balaio
0xad265652b5fa7627c4564edcfde71707bf1e04a6,123Group-mint-handler
0xad2776b1f1730111ea4e05034caba8ce8e1ada58,Devert JEAN-EUDES
0xad2e4d81603d2a049b160c71885766f5188e3643,guigame
0xad2e7830ee858ab2030d284601f36481a2448231,kelsos
0xad315155501e63e240693dbf964949998c1f96ba,test34513451
0xad408704e178bfd6d72f5258a990a58a67d662c8,RealHumanoid
0xad4e9c5d4f9c7589dc53342a119084995e3dd8d6,Steven Le Roux
0xad4eedb8c1da929ae146c15e568aa26712f3abf2,TestGroup-mint-handler
0xad518c94d70cd265a62f203c74f2ab2ef27cfb90,rdtest4
0xad5b239267094a450c02f0869e2ed631ae15ba1c,Orangey
0xad5e54cc7bc4c652a5daa8b7e4156a82f1a8a2c2,Vivian
0xad625677da03ae00595109416e1243fd51eae485,FideliaKol5383
0xad6719083c98d9b47a4a49eb071839b301256b3f,JTest-minter
0xad676e320e4eb7afd10955a8a516b937f076ef7d,mitchgal09
0xad67d282a1990a048bd7671e490b3277e487daa5,Ionela Liliana
0xad69a27f6cf4ea9f3ffde16fae2f299d2eb31359,Sudji
0xad6ff5435aa5d6e6cf5244604959f9fc72218171,natali78
0xad74c996406d0b2b6a114c8e1e3065957152a38f,dwdefqwffedsfe-mint-handler
0xad84f7e21b713f8f6ffd6dade3cde9235600500a,Jad
0xad920ea2733a94491bf448b7ddf43054e9cd5cc0,tickerisM
0xad9e910e284110d51d0fc21ca2ca92cce10c9828,gold
0xada42a7b7013ce8a37187b7c706910a1afe3c5ed,3MI Labs
0xada6dc7534e831db01b727b2aaf940d56a2a8b0f,TestGrp
0xadac8f7fc1ae7e118d5b9987a9a4921159dd20c1,Mike
0xadb062d3c18292411115f1d887aa336642ebad22,yujinan
0xadb10bae06c9195bd7d46ede8fe1537b21380c50,Wastelander
0xadbe4bb68c7776030f724d62b378bf53037319e2,Google4est
0xadc67989ad0183c377d49884272b654856a2eb1a,NFT vending machine
0xadc9088b5b027365762157445efd42d72d1f1424,Ireen
0xadce2ffceb89b863c522f38ed61f875557fc26aa,Remix-mint-handler
0xadd94d37bbcd32bc71f6a31f48764f3628dec7a3,0xADD9...C7a3
0xadddf9380d9fcdff5a8d1fbf556818d0f0267101,Hellllllll-mint-handler
0xade2b3a75ab618f22b9d932bf6bd3ffab0b6bb52,Shopify
0xadf277d0def2eac216535600ea54cd090d27bef9,vbtest69226
0xadfbceb5603e453b99d7bf5aba950ccb921ac425,Igor
0xae0fff8d7cf9682392726911ea16f64914e913ad,tatnhienroi6
0xae12093402ea3c0e96643e8805c7f2b11df28bd8,hadiza
0xae22a037fdfda97592a7f668208c1a01edbbfd07,Marek
0xae23734fbcdfdde66953a9155329df792142f9ea,Money Glitch
0xae250131cd7eecbeffe4819c7c7d646d8e0582e5,Deleted user
0xae28d26e7357c93c31b919dd5183782061c9c62a,annabellsa8265
0xae2cd1006b87479af213c97d0149bdca19735018,Lego
0xae2e522b7509b36239a4deb1b79ade72cbf11ede,lai0755
0xae3b40da7227884bbfa4ab2b0bce80facdd48ca0,Dhorla
0xae3c754512c23cea84f42e8291bb7038f5bfb795,Karen de Fátima Figueroa Bohórquez
0xae41cb6f8b422f6eafb84ff975c60e1a62c5daca,Olivia Moua
0xae42e72d676daf5a51525dd3f37dac0aec43e4f7,jhen26
0xae482c538c830350a5aaefa541dc6ed533712316,Joao Oliveira
0xae4ca6b65ebd6e15ac9f59cade3da15311b75c13,Boris
0xae6ce5a7c55eb4f19c33f78e76d77de6da9d9cdb,CJ Offor
0xae714f93690ec5852753275f91c3a1912e163888,Nils
0xae889bb36b93b900b5400d398a57a730df0c59bb,Fernando
0xae894123ef42eb8d49453f2a7a7405bab3524129,padzank
0xae9052fa1bd5387ac65af1dfbe21e46a3ad8130a,Abena
0xae99ebfff3c2e4141175730c2aa54a98255462ea,Inviter
0xaea0ee43d941544e7f1ab88e948ad51e439062db,angelyn
0xaea591421ba1919ceb0f80ba33732f08129b10db,CSM ICS-mint-handler
0xaeb32c0ccd2dd270ca394949ce86dcf3e239345e,oask
0xaebae8bd15159a83f6e0657e81812138c61d80e4,jaensen_testorg
0xaebc1e602b19642fab3fc94705e8dd202ca303b0,alxtest
0xaecda439cc8ac2a2da32be871e0c2d7155350f80,Students in Dublin
0xaee74355d4a20cea4175f25b3cc04fbae56ccf77,icemodding
0xaeee89e27203b1837d89da3ffc748b5853ff0aed,DAO Temp Liq Mgmt
0xaef1b3c5eeb078fe4cc2219158062c0c3b84ec0f,stephslv
0xaef21d615a87a4a2b98395d28f441b14080724fb,KnK
0xaf041b224aa1363c50976c2970ad52cab4ed62cc,TestTVS-minter
0xaf0dd9496f8e70823816d41f3c3b269614ad8378,Jan Kozubík
0xaf1670eeca48bdc6372d407c5a42644c250739ea,deddu90
0xaf2eb520993741fba0da9ff72bac5dc72692fc62,donnoh
0xaf32d95df35fa07ceac1c85a59c39bdc2cff118e,darmax
0xaf368557f6605f88204fb4999559dae737292da1,Nasty
0xaf3fd53a2525fb333367380ebace7be477da6ae8,dja
0xaf40f22f1a3b531ff5c76489cca4626550310e6a,Zivona
0xaf4ae7b125572b8a29d01cabf2d3866584aac68d,test_dandy1
0xaf4d05cd9ccb51f0566cd24d4509cbb4915e385b,martin
0xaf58404909da2839fb4d3e198ed306e7bb22c47d,bateren
0xaf5e495d1acbd160d621f00adf536f243b6fa30c,andronik
0xaf5f140ab49f0027fe3c374f0964a4801f4f5d0d,France-mint-handler
0xaf6933ae598255fb45a3cbe31388629ec0925aa2,nicomode
0xaf6dce37c71c429268a0202c31621352b16c582b,rdtest3
0xaf6ef24f5eb9a7febae015510126f3ec9ef4b750,JerryChu
0xaf71330e960de2fd0ad481e64088875c8f9b2cea,haaznick
0xaf7508df764aaf1bc6a59f0773791f03807b47b4,ben
0xaf76edf1e81c629719079f7aff24d589fb28d519,Stepan
0xaf7dbf14d22aaa7ce6d13e06d9eef69aa9f6b55f,0xaF7d...b55F
0xaf88d539c7033164bb67ab8d80af46ef6c2bc2e3,Valeria  Kholostenko
0xaf8e9c80dec5ff1bc61da4f5feacc1701cd63161,ETHCluj
0xaf95266cd6d7f9bbaaeb9f174c4b36ff04d9a001,CoqMalin.fr
0xaf9a4d70e6abe50c621724ad8f3490c9f7e7dc43,TestGroup-mint-handler
0xaf9ac9265602c8433790463cab03bffe894af0d3,zervxt
0xaf9cc4104eac8f3fa65469c8bae734f08f11da57,Will there be more than 50 - Yes
0xaf9f1993453034437b75833adb034759b1a54be5,Eee
0xaf9f6ecad3ff03aebd214e5b80a5c961ee29cb41,shorn-test-group-01-minter
0xafa0eab53001ae12fdf9c6e021c1d6c41f8c59e6,PCI
0xafaa87760d749d399a725b6adc287b46c60b7c8b,Nattie
0xafbfe0a185b987dce03018c5e99f3140b5f9e4b2,maxie
0xafc1182e2365b31ba526404556913ba4824fbee2,Alexander Braun
0xafc7435b494801cba2095b2e6e2c0b6358c7d4da,Promise000
0xafcd8f85b55181c096c758eb46ccd1c0dc5156f8,krid kid
0xafd81ef0555b227fc53750c86326393e09148399,syden
0xafd8cd1b559e166919e89d1e272bb10bbcb8c0e0,TestGrpp
0xafe0936f082493fd97b478b782ec314eb9973f48,Green
0xafe299bb2c0ab0c90b0b9be3440672797f45981d,testdao
0xafe2f3e51fd63c04159d09c05429b65a240b1a2e,babette
0xafe32df45ecea697c68cfd79d43d26ffc48db1b2,francisco casas
0xafeec617dc21a49de74fbaa89ae8243b82bf3fa5,TestNewGrp-lp
0xafefc0325d4e3087caa47aada2629b32818481fe,barangaefr7621
0xaff6868fdf4f6e39088f0aaf81a10aa1c1e87b51,vbtest113262
0xaffb0c5f4d55a953bbfbea215876fb7522f21ecb,STACKS
0xaffd6a3141051b66a91eb9a1822ea585f287b71b,Sygix
0xb001a12b7759cff19f0a6c03bf853f183acfcd7c,Matej
0xb006c2655a9ebf44ad9f049294ad1cf332f5aded,john1
0xb00effdf5bae11c411ab37145ba216c89c248066,Luc Jodet
0xb015a78c2c87227589420e5ddd58583328e151bd,B-minter
0xb0167168cb275431d9af2f841882e63aa72fbcac,TestGroup
0xb02dcb3e62546b6424ef8641775aec48a200e403,Nina Cheiser Matela
0xb0307e91c183e83896860be87069f38631669012,NFT Ticket Seller Test2
0xb03cf71482bd978b2936ca262524bebc7e9831ae,Featured Communities Manager
0xb03f177ccce424e227e98dc5566846e75d40df48,miniorogest2
0xb03fdedd638c0e603ae49d98b70e3b48aa59560e,ethan25
0xb0400ab38db67d5dce4e68c789f0dc9aa4cda1e1,Itamar
0xb046c8c3684dd2fda123fca05c1e0382240b9d96,Shorn Safe UI test
0xb04a80a75b801f661c45a2ee8ddd4117399bb247,0r
0xb04ac9ba1de544da585a3a43c848e42e09602f83,ahlerjesus34985
0xb061080e07c4d2d702dce2296371129ce8390fcf,john
0xb06be37971e31a6062b96c8d985a52483c0ffdaa,Sos
0xb06c5500e2edc4772511fda7d13a73846bcc03d6,AyeshaKhan
0xb07b6f69bab414c533857c6a915d9e932af95c01,Blockverse
0xb089ea5622ebe59ab70f26f2fc4d7deb24a19ca9,TestGroup
0xb08a45a6ab29c22e9897d8c77e15c64a3f47438d,SDKGroup
0xb08bca90632d48b22973859460c6e623f3305316,Lauretta
0xb09757c458c24f8dfd7f17734f207dca5b50a850,bukang
0xb09b20a61c3c615da3eb458d22fc6aac055785a3,matecriollo
0xb09eadb3a18c63cdec30b48d5c7156f6239673bd,thewellapons
0xb09f2d93045528999f496fbedcfc1067fc408ac6,kdhk
0xb0a75d3733406fc46de8f852cf58dad3001f4073,Javad Gholizadeh
0xb0bf9a1496f550d7d13f91b34ad6eba291ab7718,ilion
0xb0ca3390f316d4db474e725fa06b741d754ba3eb,Will the median price of CR - No
0xb0cc9dba3aed75cd125dcd0b580b1e2fc25e0ce7,Martins new Test Group
0xb0cf02c30ec26707063a5ba07bbde27534ca0b56,yeyekTest
0xb0cfa7a4660d4732fa51b3d3da853f5d11322905,kemisola
0xb0d04e62fa1ba1f7ce61619604c789f09a897927,inchigor
0xb0d2caeeeee9b0699295d3975aed19185fe5c526,Fox Reymann
0xb0e41236ef75e5b1d897b4ff5bbc320edefd4c60,Vicious
0xb0eb524ba270bac1551b7593f4e76e7d0bd95fe6,claudia
0xb0ec28a23c46f2ab61bb2ad4265571993e008a05,maxitrol
0xb0ee7067956e595bb261df5c8406317b427a2901,yamid
0xb0faad85b3323c57c1d71dbb4d2f115f01698c95,Dan Test Main 2
0xb0fba4b35b916079fd716f07eb0c14ebbd765215,RicK
0xb103741c09a9334f10caf4edb3dc67afe8651b9c,EmilyThompson
0xb108264b4f4179993983fde12fefd4523094f31d,flavio Araujo
0xb114a5536e20c6c2af93303f7376b42e86f34085,Solonas
0xb11ccda5726d7023364b00b77e53d8146c7ac983,ykplayer
0xb12ef17bfe84fb48270ad2212c87399364e8cac5,Pavel
0xb133c873bc627839e949962bebc8ed8c7de09d67,Inner Circle
0xb13e8227bf61e79590e57c19916c41ac4267487b,Robina Spaans
0xb14149f306022f0ffdb57a3fa465e07db0c838cb,test-lp
0xb1417faf9be8c9c176296358e396be06417bb79d,genxinvestor
0xb153a07b06c7096175e830a97502e927d893ad84,peanut-treasury
0xb15bac47e47eaf5e624b727e2a3ce9d57fa49238,NIKOLAOS APSIS
0xb15fe980a3216fdf442175ea962390920ace951d,jason
0xb163164f420f54b3d88a174e123930bfa43592df,Liberal Republic-treasury
0xb16d48c31f57a11504aa79dab824bb9acf9bf120,Stevie
0xb174977c99438ca0a5cb6e9b5a52e5eb2ac254a3,jelenar
0xb177d65f453436e73535024548fafd00a2166fa5,wtst
0xb188af71fd635adb5b1b58070db639420d07d6ea,ee
0xb189521dd972ecd1be9b47a6d17d84c344adef64,Blue
0xb18dd33e46583acfd925698051aac5b613764d26,Rezra Sakoor
0xb18de2ba6c9f7c6e24e7a2a25a395df05f7d69a0,mark
0xb195c65d7df6fbcbc49cf89b08d43a5745c783bd,Simon Emanuel (ses.eth)
0xb19d606c0e1c887117d0f809e8608703a2e63a46,deshawn
0xb1ab9873f7482f27867d47fec0899524782be8db,THP For Good-mint-handler
0xb1b3078191faaf92f1ae73f2c4dd9de3121b765d,swarna
0xb1ba179fbfbad7a161e8d75583776d27668f384e,Giveth
0xb1bdbbc8bb5f27624cbf5f050a1bb73574738f63,Anadi Pandharkar
0xb1c246e4b6590d1e70d7e2b1ae03496e640fe69f,Maximilian Hradsky
0xb1ca749a1907550606b381841c5eedc77c94e93d,ahmed
0xb1ca7f569bef6558f89d7a38b7ddea93ed47b14b,Win 100 USDC - enter with 10 CRC
0xb1ec296e724197be16936a01f1f66e457fa11cac,Mara Novakovic
0xb1ed6ecd8e1366295160bf76a178239392cbb5c4,Charity
0xb1ef2e129cdde347bd8ee96af65dffaff686be29,BaseGroup-treasury
0xb1ef8c663a6138cc0d8caf1ac410b1a5c53de726,Jerri's-treasury
0xb1f282ca83e3e7ea9c4f37acaed46078204f6bf8,Lucas | POAP Studio
0xb1facec4ecfb298f954a12546b4fe5287444761a,Aminah
0xb200e164c169350eb738a095f108b5ae7cbcd81f,Nour
0xb2083aca20c0731ee713cc916200fa582bb57479,Till
0xb20b84828d50d65855b5f985da5b367dad871a08,Masterclass-treasury
0xb20e088007208c1b5b0ae3554e897705198eda00,Sagar Kishorbhai Bhalala
0xb20e2a95c0a355ac69a8a58697672bd81e8e4f00,rude1
0xb211322d4a1dad4c2f18ee7cbd1cd18a4d66d065,Jessica
0xb214398ce3818601cb7ab88b45698e53bc61899b,xyz org
0xb225e9d8a67363f7759dbebf63bdf9b151ab2e02,Circles-Faucet
0xb235b56b91eccb9dbdf811d7b5c45c363acae98d,FullNode
0xb2408d2abdfffccbd48e8ef519241e29984d5a67,jack
0xb2435a93589ae219bc9ffbf3015c7caa8e80cf07,CryptoRastas
0xb245d8efd130d0f5043b192199416bfab3af5937,marvin
0xb24b1c92599a1cfe384c3577f065acb5bb5e24a5,Emmatex25
0xb24b95806e3e40f1d1df00808ff152b9f41106e6,Test Circle Group-mint-handler
0xb24e9b1ce720b1add0bcc309daa9a97280fb6f52,sunkman
0xb2538afa9082a4a8724793f9a758029f4c36c77c,rui
0xb261de6e933675f4d2577bde5f02fa8295bf2160,jl44
0xb26affeac9ff2924c99b3ba55c5b50455b308610,cheesecake
0xb26b443849f0ff7e5ef61746e0510c918d4f06d3,AhmedFX
0xb2715ce6c33c4e82d9cc83455b953c55325fec44,han18
0xb276543089835ddd829225d256791989397bff12,Faran Khokhar
0xb284951648804885178a2778a583489fd46d251e,springroll
0xb2997303658af7957ea85cc61ef56bdd50b5a71e,Princess
0xb29fcd49fd93060cfe03e5e6fa3f6037a1ba111b,42 Berlin
0xb2a580154c000b8a941d496f2a61741ddf0b9446,Kara
0xb2ab6fa5b7b834312d761491934064b16eba51a5,TestOwner2-minter
0xb2b15ed3403c2ce211be285854fbdb17e0fe76f0,Mary
0xb2b5d6f2c177a16097957281a408b77084973997,caMellia
0xb2bd88f6ea51b7e98c9623e26536cf48a65125e7,dirkjaeckel (old)
0xb2c0779ac26328153449839fb70568e4b9880320,Lotto88
0xb2c209cec7e2775b423b63a51f76942c797f5e1f,TestGrp-redeemer
0xb2c9a76214c97900e2a4de629dec889b5fe38730,VeVe - OMI
0xb2d03892cc4541f572f51e7b565fd610fe985fe5,Tilen
0xb2d155e4b5d23371a121c4390a6a3bc4fa7b3002,M.Falion
0xb2d609edecb1072bfcdfc459d4d803627f3cdc32,SoftBank
0xb2d7554352ee33b831f41cbcb21edc3130daa7ff,Misha
0xb2d8fd508a8883fe81c9839ab5a3e9dc019801c9,Manuel
0xb2e6b5df6b7100f0ceca158cfd055f38ffda14c5,kenny
0xb2e7931efbcadad42429a2fed936ed1258d09178,The Philosopher
0xb2f7fb794e0c2366f58cbb4412aaeb207eef130a,Netrromer
0xb3042dca414a6ceafba01a0cd44af09c554afa41,Richy
0xb304768343cfe575b31f6da30c63c91f11c0eb0e,The Circle of Trust
0xb3104c236b78bc14df938bd9cf1ce1162f6fd28d,Stefanso
0xb3129372e52b910b6994eaef77bbc1892ea48779,CRC-GNO offer cycle
0xb3158491c4d1e990f9c26c2f72a06bf783f6b629,nicolas
0xb318124903a9b95394b94b998b9734a8ae0eed64,ArbBot
0xb319f8dbe22889c3f48f300a405e001a6368addd,JBG1-mint-handler
0xb31b1c9b67292b49b1617df4b60fb55cd922c4bc,michele
0xb31b28337493d5a1a03da590e1ef1219b45f1ffe,Recap Time Squad-treasury
0xb31c7b94ec23bce142b6bfc1d5d2a48078e4ee0d,mistozy
0xb328eb2b35996bf7314a3bd1a2f26be544846d0e,calvin
0xb3346a4858b45e86165d484f0efec96d83d02483,bamorim
0xb33cd38c4325134d6b2da10aab2dd87c70f5b2db,Jeferson Perez
0xb345be5d8adb674f278fc9a8c116b2b2c5835c87,BaseGroupTest
0xb34b242708e8a360f52eb1fb929efb0e383e0caf,Dollar Auction Test
0xb35573d8210284a858cfa24fcbadc0a144708aba,helloworld
0xb35964b537078d713b04c958bfd21ec2deaa9c95,CRC-GNO offer week-5
0xb363a30c043413541a7d0550425435316189951d,Salvatore
0xb36e7d7b8916ad9948693320819e12bed68d8432,LobsterDAO-mint-handler
0xb372a35f4a2b77ba1993b644812eec8626fe870f,Antoine
0xb3792f0a7cea1a64f7062337f587b8137bb18c71,g
0xb37989e3cab8656f35428e56eaab1ce5478b8348,0xb379...8348
0xb37be8627dd7801723cd73de8e7349755860968f,Slipe
0xb38583d4e8c792ef770c2b39261ffd76b452452d,Kelly
0xb388296df129d6e9c46cf3b67308fa2f45bc17a5,tess
0xb3919784f9007c5c61cdc25e86837a7d1dfb4594,Dipanshu Singh
0xb39973aa2ff8871d5badfb60050d07fe8d988f68,folorunso
0xb39dc300cc02ca7935906f8fb3d55b9aaa5b4020,0xB39d...5b4020
0xb3acf5c8bd57779559d45c833de2310c6ffdc88c,navaneeth kurup
0xb3b3253c5c9343a985dbf380d2a05a440cc2928f,Fileverse Shop
0xb3c4ea60ee55234f740ac0de570799e6869a9cf8,Cogito
0xb3c52fb3aa1787c09693af7a78e7984475c882bb,Nia
0xb3c9fbe1c5b3ad27b9f214edb626c599c7f99338,Auror
0xb3cc74968526a031b672fe1082f6d28ba92b8316,sunshine
0xb3d0d98bd26f71c4a57d62e496b314843658395b,Hict1966@cuvox.de
0xb3d262ccb453a7185f01b7ee893f6046881bbfa6,SamanthaLin
0xb3d329dc470274397e88349c5e931acabb55d545,asdsTestK
0xb3d863b64cd2eca11905cdffa2950605e7c089fb,CRC-SepETH offer cycle
0xb3db26a54317b736a5882c889cbd76c38d9ed2bb,Gift
0xb3deff2808193d9ca301d9227d74ed9edbc344bc,sukanshi
0xb3e2c6283791f4c19115f8f2c0e2ae16a9b64edf,i2e.nl-treasury
0xb3e85739ccb37a652f2401aa74ba77f141c8b7c2,lucaccino
0xb3f390428599de9483d0a7cc63b50f7f8f1248f4,TestOrg
0xb3fa0cc911b6e90221e8f15b6d940c91d53205b1,testitesti-1-mint-handler
0xb3fc6b23e310eccdf48592d6898817b2c08cf896,tooneh17
0xb40f261517810b845d16c52c9402cae5adfc9f13,csalint
0xb40f34a040ddfce28984d48837de3ccab41f53ec,ozzy
0xb41426b4348cddb64e11907a361e3681c9d0a816,beautiful
0xb4163b7ffbcda6e0a11cc7f262d8dee0b80c0576,Therson1963@gustr.com
0xb41e090c953196452f470d76f7e8940f119f4cf4,Fathie
0xb42e8d132e35ca4b2ba40149a4dbf713363e1387,Raphaël
0xb4321e682f855defe61bed6a7823b39ce81cbdbe,LionX
0xb4393ae6e4351ace14c535aa4eb27b0d22d5886e,huetar.red-mint-handler
0xb43de2ada0c512aedc61efbd800aa8c65bfbbad2,cubic
0xb450f978585c9543a95ed2f3b5607c8d38073ca2,CRC-SepETH offer cycle
0xb455240b7aab8a47b48b5965ac15d50495039a04,test-offer-zrm-test-setup
0xb45809b3382eda5602d1abb0fea7c7d77f207aca,Sao Paulo OIC Chapter
0xb45a6a84ee194eef059e4b352d91e81c7f938db9,Bigshi
0xb45cedf1c3d12553f5045713ca5a459f9ef3d919,Radu
0xb461af3f3c2ac1608f1a1996652a55bc024546a7,ucho
0xb46454c7732511044251463eade4ec81090cb6e0,pau
0xb468388faa482a9eb82ce98d1dab6b1fa8082e11,yhch
0xb47a0fb1b71ac0df978146dd71a106c5724fe463,Test_group
0xb4909c60e39d9c59a9fef84e96d9b8f4f33797b9,EmotiCRC
0xb494e3409e69823ad7e88d3fb868c325033c9746,juliomcruz
0xb495710e94f511d7b1133d34c6411b7a3eebf17e,Koyaanisqatsi
0xb4a1c6c66448809e52b26f96629888f4610cb1fd,Stelios
0xb4a21044e36351f506d8181502eaab67f1eb92f0,FIFA crypto launch by June - No
0xb4a545fd941f7933b2b5661370f5d9f5f6ae820d,UbuntuMarina
0xb4ad4eed34335fd4b518abc926e26b0191df188e,joni
0xb4af0932a0b4fad4bb4b75058cf9bedcc1719da1,sfiesg
0xb4b53f46f1b13761dd2173d87a1bd09ef196541c,nb1996
0xb4baddb78b0c882c0337fceb6226d92f643f6811,org
0xb4bf47dd760beab58590fe9fc46d550b14a32bf0,p4bl3t3
0xb4c9515c2111845cb070fade359cd76263a200a7,NIKOLAOS MAVROGENAKIS
0xb4c9b09e4f0d12f2df19ffe2e3c99fff51c77359,Edison
0xb4cd86aac8d1bab54b1ad2420e948511e6cc9afb,deluno
0xb4cea2954b3e2882e46daa985127e42fcef1ff16,hudsonhrh
0xb4d8c99c157df1ec4940d05c3ce34ef7d4bd568b,RoxyThe
0xb4e280fc18c3cb4d19ada7e5655e72ef90318080,santosbtrz
0xb4f1c6f54465799bb321ed25205fb07d1e3070b0,GNO Bonus
0xb4fb697684761748000897a7c5946b0bbf5b9560,Simone
0xb4fc2e90b92833807d26da2f43fb38aadc8f58ec,CRC-GNO offer week--7
0xb4fe709fad927c70d922dd477a1ca54f1d696c2e,yousfel
0xb50ab9c464f2f2e7fa97cd53a457775903b5d7bf,0xKrylithon
0xb52299bcc1526c1d08cf8396b36785f304e619c4,Kevin Truong
0xb5229e5b1567ccabff98a84e1a5adb0115fdb44d,testCustomMintGroup-mint-handler
0xb530d69c56ab6a1bc32656a34f38bd1daec350e7,Anastacia201
0xb5315cb0e96e63b565688216bef943422859a3b4,Chayyaselinn
0xb535aff5d1ed677eda8063ff186eb9cacce4fa1f,Vabuk Pahari
0xb53a46a2e4eab19d2d5037e86427980a077e6a38,Gustav
0xb543ed3054d4b862bc12936f15df83956394f6e0,elishavand19945
0xb551461d466015707fd9e4047e5dd294e169e3a5,nonosila
0xb5560541dabc8b858d869b789aecb58a774d81ac,Paul Ironforce
0xb55815b198502287df7f0d024f736b9dc7cce8ff,Stakke
0xb573442520dc022a274c70dae5595555c524b777,t3 safe2
0xb575258710e4fbe990b034c4e9e754c0553310f8,onie
0xb57ed74becd291450a0d2236699893eaa1b42654,Boluwise
0xb587e65634b446f38533ccd389d80a7ccc13f7b5,testCustomMintGroup-treasury
0xb5978c2395d7d0ef1aadf81dba23f7f466755d62,Grace
0xb59d56d23eff15464ce7070153c0b21a9b99a341,resort
0xb59f7ad40c58d25aaf1e82f32ba4e6610420558a,anthony
0xb59fe867a31eddb8f3406655600f74fcfe40b79a,jolene
0xb5a356f0f99650473c6374a01bbff0b8ad92e439,peanut-mint-handler
0xb5a5b335dda722d0255b7479b97ee026915be400,lokomotiv
0xb5ad1380890d57a5907033c51e7212ecc600cb37,Amazon
0xb5b0cdb8038f6aec951ccd9b7abc3feb29b98b35,ghenora
0xb5b2b250920fc267291872a6be985c262f76a7e3,chiangmairye
0xb5b799b1bcd3c0da97a078fbe685ecd2f7406bbe,miszke
0xb5c202a46bd957f3da17a3c5848b5804e46372b9,Indomie116
0xb5c415431589e16eb263b3cdb43b2b30db8c4c3f,cmgmh
0xb5c91c42a938b4a7d3d082d3970dcacc78406489,0xBitshard
0xb5e498da6044264589a434f3887f45df6ea5d5ac,Quora
0xb5e58b081b6f0bef9201351e77816cb18d6704fa,Tian Breznik
0xb5e792ffec2ee15364581e772cfed5e5e2eab31b,DR
0xb5e8bcb87714605df6231b01db49cb6f3cce99be,meinhard
0xb5f127f5a95aa7dca1b6b39879ec732ca028ec4b,caillou
0xb60307b7c98c918696d0621d35ad0df7e7c2d448,zakariya
0xb604ccd343cdf254e100f206d903d6975ea2950b,Sunny | HQ
0xb6085e2dfed345f3975b074e60a8c0cfa827568f,History Guessr-treasury
0xb60be185e7978f61d55a11bbc18ac3fef820e8b4,squall
0xb6193297eba777759d64209f820bc8f17bdade76,vishnu_04
0xb62033956e73342654b67d2e898e3c30335123a4,Andrea
0xb621c895c44c88cbce3d243925ff9755fbf21408,MetriTestSupergroup-mint-handler
0xb629a1e86f3efada0f87c83494da8cc34c3f84ef,gp
0xb62b352e1bf4cb39058a2640fa2d5bd09fb36976,Arbiter
0xb6377d61d8c3bd5ddaad50f6280c44e0512e0be9,alexey
0xb63ecac8f0cbac1ad0eaa9f4e8797644c744ea3e,Bart Bloemers
0xb64646fc4481f73d67f52cdf485d676482141fe1,blubb
0xb65bca6f93a427684983be9302035e87f4c34917,Mohamed
0xb66184f2395910455ecd750fb2750be43a21767c,ed2i2000
0xb664a8c14fe169d2e88c600ac42fcd113792152e,test-lp
0xb66a6846a64c59febf6794917f05d0ff245f833f,ak
0xb67fda183a3ac5664a99b1ab990a32e1a9bdc34b,ABCDEF-lp
0xb6825581d9fa5cb6ed5f5498552ac91cd36c26e6,Froy1989@teleworm.us
0xb6994c4227e4dd79f8f81e5f698853ed57ad7258,TestORG-ETHCC
0xb69c6e3d0f16c946fe45a04a7be4f2709bba6204,dedwasd-treasury
0xb6bad19c02b216b8bd601130e5ca7fa6cc17efe3,anastasis
0xb6c139e3a826fe397aaf19319ce36a22a99520e7,dyor
0xb6c5aed1c249f6236952ce711fb477e4d76eac70,Test Group-minter
0xb6c5db49509f069c2282a7e98261c5ee3e6379dc,Rosa
0xb6c727ce11dfc9a661e5f86739be81c551c90b2f,qub1t
0xb6c75b618bccf05eb1fc672bec77aee805f435fa,VeBetterDAO circle-mint-handler
0xb6c8f9cf07e6745f53e1c538f81b27565750f985,Robert Ramstedt
0xb6cbf51a8719ec16734714bf90af45885d738964,CJ93
0xb6db3194aba87e614f6b1b05d15a481516958d72,@gregrikk
0xb6e4c095ff27b6984177ac74cb8f8ac9e6494acd,3.15
0xb6e6ccfc21dea399d031b0f147d8a735c848fe4d,TestGroup
0xb6e6ebeb63efddb700b0d593ae2b8b1b3bb9e8e3,Nitharshan Narthanan
0xb6ed1456b707e4428c47bb0bcb242656a49c5d5f,seranyx
0xb6f0cdaa6bb67fc20393dbcd8131876c8925530c,187
0xb6f50639ac51e75c59384f92494c57564bc84fb1,Etherium Foundation-treasury
0xb6f9e5a9efd179fa39235a4c553e56eb800948e3,KlausOAB
0xb6faad02f8053ee3e7d18d5b9cbfa3a5d05a76bd,MINTHANDLER
0xb6fd21e271989bdc98d155b3c8b5061e96b350e2,Shaunna
0xb70074edef3057b053a01438b6feea4e54598704,ArjunPatel
0xb71981af9e051d5459d08a19b62a5bb537e8cf71,Builders Residency-treasury
0xb71c5c320d0e5a8d7d89ead34d5c33810e2c5e34,internetjohnny
0xb721b7d26a01b68504afd5401286af19422d84b8,EtherNomad
0xb7258ed983b94b1986146be465c7a45e15f67a22,Sheyi
0xb7302f84fee0d9e1d911fe5dfa010b0cb763ec36,AUTOMATION User
0xb73bc0db241b0d19d2baaeedce11651208173e48,ricardo
0xb7435846855ca58b5ef1585143392b7db5d8f3e0,lilfatfrank
0xb74801a03ddc26a7f9734c7dd8d41a88b34cbbe7,sense
0xb75ca9c82a00cc3cd6257b4981171f0e849ef508,Proof Of Humanity-treasury
0xb75fc2916143cb3dbc30c2685c5e8c73b7bd45d0,CryptoTesters-mint-handler
0xb7605bb3ac9453aa13d247d24fc5d7a42f18a81b,sameersubudhi
0xb764fc75212c9385d98ef3ac9100566fd116bb7b,sndr90
0xb76502d55959eff2bba03faf9c68c7eb422b6338,Test demo account
0xb76c805ad1f98106cd3d5b1ca456c1013a822e9e,Youssef Hassan
0xb776cafdbae8b844f47dc05dc5afca1a7c166450,TheDeFiDan
0xb77efae414c14eaff998634b93c38173afa4c13c,Kingsbane
0xb7801593ccb39edf83219b7e4763d654ad9fa882,ulas
0xb78abeca7c8d4ffe763d2eb69c0aaf87eb877f6d,Migros
0xb799877c66e1bc1b9aa7fdd4820ba45512ea8784,Aydoan Balakchiev
0xb7a592322cbcb77074cae901f30fb042bac39c05,Commons Hub-mint-handler
0xb7a5ad1bd3df5b5a646a4e71588b8d2e74338cea,charles
0xb7a8a7b2e78ce2c2b8b4fe72a546f7b0b8a46030,Natalia
0xb7b890ace7ee27edc83fd56c9af02d413044cbb4,Adan0k
0xb7b8f5db463423530b1f8c57490dd83be6ea1cb5,andre1
0xb7c07c309e464ffe29235f7373a9d356f8ec7fd6,ionut
0xb7c4a27c67f5561ed525d367483da7a4715a1d42,Donnell
0xb7c7ea898a90246997dff876b10672e7a69db808,PoH Group (Test)-mint-handler
0xb7d3d994bf130462924a9303539919ce4d91ee34,Inn(er) Circle
0xb7d6e103c81bc0eaeef4b8344bcb3a1050f3981d,0xvioran
0xb7dc90daed327a5091f6861d878d2a5a3af4ef34,Partner offers
0xb7e0c46fa428cb5f5df04c35c3544d48ccca312a,Eric
0xb7f33d3a52ef558bb64b0d07f52de75296173cd3,0xb7F3...3Cd3
0xb7f7febfc44ba7397b69c7cf945a1480eeb3cb17,Circus Group-treasury
0xb7fd26b41fcdcce2e332af76ddbd6b1bd2edb5d6,KwameMensah
0xb7fd29d7c808b81007a0f4f16acd030d741aadb7,floria
0xb807e735d60196c9259121568a8bdccecee339c3,testaccount11
0xb80c5dda433d38386edc0efcede445786ad8e8c1,gladiotor
0xb80f90ceaf41fdef14794004eac9b17dceb602f6,heyzachy
0xb817524ccd6ad5f1ae708862f63f69718964a995,jerrythekid
0xb81a7467255f23c84d6692a996ae44b4fee4ea0b,Pizza planet
0xb81baca4ba9b9860a83ffc3bb9b1177fa723856e,FullNodeDummyGrp-lp
0xb822ea25925a63b511ad867da59e10e28f142c9b,Elena
0xb82abb49a34177994a4c796efc4ebdb2274758c5,eefefewfwe
0xb82d2b326821ce6d7019cadb2b3c5194a3b249ab,issa
0xb83d4cb07609dfe941610cff47583b0ce9c71643,shorns shop test 01
0xb844eaa99813590b75d14c1773b2b668bc1126ec,geogont
0xb85244498a8028e0a55ca2f30f3411c816675108,groot
0xb85a7c73827579f41a5a209408409933fd913b46,lledo
0xb85cffa116d8f5ba5df1a3ed4994afcfba05bda9,Elegant
0xb860c5e744c821daf949d797f6164813a221a4de,f5group
0xb86871a48fd7f2fd8a78559d714f67204c7d3485,whengot04
0xb8687799b1c97b6178f2e9b05a7943766218905e,Marjolijn
0xb86f96f2d14a05e7cb619e68ee55b176fbe59e7a,R4c00n
0xb8808a728b97289817b82ce37d62bdd2cddf8560,filip
0xb88e02a5d94bdec4e5861140c2436b58b9e4855e,Destx0
0xb88f6fceae5fae28e7df238d0c01bd36020b4f25,ray23850201
0xb8957bce9ac8280af36ff96bb71dc30efcf5ac1d,Xavier
0xb89a121d63dc4acf4c680d50d984e94e242c7bb2,krythix
0xb8a925c67ec8d883f797ceedde34a3495ad48dc4,StripZeroLeft
0xb8afe1d39c06c1500637619c2e2b446811139b32,Bilal Ahmed
0xb8b526f5d8e5c1b56b8b309b86b4f28dd4e707b6,TestGroupBis
0xb8bf8e63c01e2b8652962f478bec38178b5dcbd0,Crysus
0xb8c103abf595cd84300bb9d80a5ff4ac9110c087,Tomáš
0xb8c12c6bdbde9f6084b19d02ccfbfcba7f8796fa,Test ICS-mint-handler
0xb8c7273a41d3a1aad38cd69991956a9a7d9ab47b,Rahul | Safe
0xb8d2423d27aa65da07b98b4478d261cdf63e4966,vivek
0xb8d2b6b4c7b91ac99e4f00197cb17c76b3142d5e,BeerFi Prague
0xb8d66cddc5d81648a829334a1a17adcbd4fe1c44,graziela  cruz
0xb8da27e02bd4fa413938ebc696180ae782cc1fb6,danekshea
0xb8e233c4686ddc6535be9c311a6eb645eb8e8a7f,spacehound
0xb8e7af9e06b0ba5cd819ad94546aa78ff3a1348c,uhem
0xb8ebb0391e5d5e0f4f7961dd85a45551558bb51b,dedwasd-mint-handler
0xb8f51d26fcde4f69e7045772f1db91504686041a,leoocs
0xb8f78be9c4f36f15f3a866103da0e4d3685ddeb3,schoad
0xb8fb42a8737c0307185d88ceea8df70cfb33d227,Circles Slots
0xb8fdc0190e4f0325b1cc8adb7ef442a22d891fea,Strausberg
0xb9032c6c7d4dacd42ee95be9127ae1a07b27523c,Dev
0xb903f268134ee83fba011a1cacb06a479e659af7,Chris2025
0xb909c2f022990520539f2f6d3fc95565dc9fc9d3,trader
0xb911757bdec6e72a3ed63f99314527907e9ae83e,Yang
0xb91228a1f20457a76d5cff658b27890a41d4f56b,hugo
0xb91672796dd6da83fef67a87a86d0ae42b15524d,caerlower
0xb922b34751a8192bf514b91019930d29d759aac8,Dorotėja  Žiugždaitė
0xb922ef28278745f739d91db5543ba704d369a1ce,42Berlin-treasury
0xb9316d1242f5a249dfc9e62348c08dd549c45a0e,eemptyy123-mint-handler
0xb94496509750d7174c8fe7e7e9484f503cc94a74,cryptoplaza
0xb9450649edf02fb780639007ccba0be4c598ede4,Artimon
0xb9555ad1b2322a7b9c60159df732c77d1b0bbefe,Nikolai Kabanov
0xb960baa95faef10a773adf11d8d3fb966551ad40,boubamars
0xb96a340ad557b266fbb1edfd1d51c1d43628f2a2,Fizzy
0xb96d82ba55c4004dd0fb94c0b5fba36dab9bb097,Konstantin
0xb971b77b4281aa9c8619897971ffd56b15595c3c,Those who know Berlin-minter
0xb97e9422798413e99aa4c7ea6d3b82c3809a18b4,Josef | Ackee
0xb982001e69ecbd6066ab3e723f0ecc1b47b8b647,mz
0xb985a375008da2dcd63efe8e98fb9e683e58b546,Michael Ishmael
0xb98ff16e4194548218455c58af4dc539d946d546,mariocathi
0xb9992c12144b72c17d300ddf9aff76a24ed2ccce,kraithz
0xb99a52a9d76b253f48469555572ca5c9816e9818,ETHCC-LBPStarter
0xb99c477f293fe833557a77626ffd14a62fe7462b,test1-treasury
0xb99eea7e4776552d26ba634e7e380138422b79de,Dairis
0xb99f52f94bb9a9d8ab433603b408ddb4074e15a6,Francisca
0xb9a88b1b5b313a1d9bc97efc6b96e3f4eb4e0ee4,Futura Garden-treasury
0xb9ab63f9ca705958637fab3cd8286b27d486751d,Josh
0xb9ae4eaddb66352ccc24fdfdedf838b0984d0441,scottrepreneur
0xb9b0b08d59e0a69f75e42fa4d8b5d68116674ce4,Filip Rehnberg
0xb9d9d4e7f93f5cb97726a885814c524378841765,AvaByte
0xb9dafafb2901efb5618691709852a87f5311a9b8,Cian McNamara
0xb9e2ddf38443df11e265e17f3750ee4e28cfd627,jingwei
0xb9ebe89e075264d30cd8b230c3094fc250a6844a,JSchoenleben
0xb9efaa1a0a9facf98f842a937fba9c6826d5ac2e,sevenz
0xb9f6f0db7f59907964a29f3ad935b2ac2f6abedb,TestCMGLBP01-redeemer
0xba0478f153dc655f256f62328a60b646533698ba,MD
0xba07dd51e6967d518d54bac38dfd2ba452cefc8a,charun
0xba0a45814585224875d593a6fa8fdb4d5bb96156,Circles Trust Station-minter
0xba0dcd23f65988ddab8322a84e7d5604667f8e3c,babanoue
0xba11ef4b9a2bb61d405c8e6ddd91811a459b5f56,Mphokhumalo
0xba14523d89616a59d77699db424a04bcbfedf391,cruzdanilo
0xba19e5d21f5c8a74b2f12e7f5df31a41eac0d452,David
0xba1e2047f917c335726d6d02170b4520ada5361d,TestNewGrp-minter
0xba2186f7a91241860aaf3b81658484a694f1a619,Selling 5 USDC for 100 CRC
0xba28ad5a0a9056f5d2ae8c49a549e17f874298d0,AtomicPersonalArb
0xba2a0c4c07d258ccf0e4925f4e91a206ea1e8360,0xba2A...8360
0xba2c2452517e420fd764e5d1842892d5bd373cd6,TEST111
0xba477c3fe49d30db1598f1dafe093e4b78967a28,ATmosphere
0xba4bf1a9b3a3e23885093018db5341fbff8b54f8,trav1s
0xba55f14d11931e13ce6d171e7a400150e6f5faa3,Yhelz
0xba6b4b828c4726fa45187aedcb71cd93db0872b0,yaeko
0xba87785cfbe0d4a7e360a715c97c6c81a82c01b5,keccak256
0xba9203e48d8b570ca7b20d652f693243fbc59982,OpenSea
0xba92b8d8690a104c436a21ca67a0aa2c665763d5,farellis
0xba9af424acae8e193010e746912661b1f2561a6f,wanderlust_dreamer
0xbaad12aa9b06fc68823ef82ca9fea7e4d1cee114,friedrich
0xbaaf4e2499497e33cb1606c8c366ab6d16256a52,Ltd. Worf
0xbab259eec21d048cb9825e7cf91ca5e29042cad2,Melavit
0xbaba03903880106c0bf89731f250678e49a0ed5a,Sent 100 CRC - get 3 Bread
0xbabb79ad40768ded705eb2f7913749e717e72b28,Gamers
0xbabc54c730823c0e2dfc7e9dd9f2f8ba7286f9b4,rooboy
0xbad43d7c8b3c5edc99306e9ec51ce0c731209b47,Astronauts-minter
0xbad4b948198e069a31e90ba62e444be0765b1c1e,e2we21e-mint-handler
0xbad52b01033a1947d290df060b017c0ce1637995,timvincentblum
0xbae3f0cd15d2bb1a4c5973d8a5432a5c1f09f59e,Test Circle Group
0xbb038e8ed20865d216d62bb226e735a1c679e824,helios
0xbb096e7e424678a337c33195257b07b2e9fd68ff,Sandra
0xbb09fb833d5fa0a210fef144a9592e74a6e198df,Gnosis Guild
0xbb0d386f27c6dd9f5a94864166ef9b64f6b6c8d6,Owl v2-mint-handler
0xbb1033c043337c3daff6ce7b177cbc3b16cbc052,BaseLogGroup-treasury
0xbb133b3596de456e632fa80b9fea89e9729ea67b,tsttest
0xbb14ee4852c440bbc385c849726e19f4347bb874,Metamask
0xbb19985d01c840fb28f6a42cff8a941a22c23cbd,Astronauts-redeemer
0xbb1c4afbeba583619323275ce9ed31ce4e91bd7e,Erica
0xbb2fc84e6d35bcd401deaf1fa4feeb354119aa0d,jim
0xbb4478de36ec07954659e097d6c597a33832b80c,TestGroupSafeAdmin1-redeemer
0xbb453c358dfe2d9188d4bef5b80b7b3a0a1caacb,victoramusan
0xbb4d4e1631c9f44335a243950af7b3fc270e99bd,foutrel
0xbb57e4886029a3e812d1cfbe2777182ed0789e43,Václav
0xbb58c80781878c6fbfd46936f1ab320abeb92770,GroupWithoutRegister-minter
0xbb5b4a65e268f58e396137697d3e72dc7a38ad59,Lucy
0xbb5c084b9e20400e0261569014de3db46cf6ddf0,dhelm
0xbb5cae7a86b304ed566b603c055ded4d1dd3cadc,Oroborus
0xbb611f3980d58a7f15ff03a502f09e3207d12ecd,Evangelos
0xbb6a1b4a279b95cde2289144a21c50ba70ea86ed,jeremy
0xbb6ab5c211b25c0165c8f0694858c8c1c598bbd5,CirclesLisboa-redeemer
0xbb745929fcb27bb162049b6b15dbfe3b6051c697,Phregg Caygee Hakeem
0xbb835cc22313295ef205d8a8ebe247d09cf707d4,Ethandex
0xbb87793c8dd5734e7a1a55eb5a68fb3dd05c8e94,Elnur
0xbb8b66b0a41c838a835fe01b37f0359fc36e3607,shaw5
0xbb9298d43d4bbe3db47cd96f24d186d57a672e73,MC Satellite
0xbb92cd9a9052841e5fd1ce7694c7013ff0cb6239,Demo123
0xbb9c08a30277f62b1c6913e03948e6151e701fb4,Amy
0xbb9e914119c0378c676cf354879281e504de4afc,TestGroup-treasury
0xbbb340b726b451fc096bdc5673ba1c1f3ff96371,Byyaa
0xbbb91d259eb53bb7cdd50db960941317be815458,Farsight-mint-handler
0xbbd0173aafb8b52d6910dd3836dcfe85fc25ca8a,Circles-Faucet-XDAI
0xbbe7a5ab00b7d55f4749580dfbc58d3123b7dd2b,codex-basket
0xbbeb9be8950ee357f5d2902e11f435379022d47b,Your Coffee Shop
0xbbf1fb411b247a6832363f4fad78b33a9b8cb7a9,dev13group
0xbbf626d2a836f48a40a08196eff5e7333fde58ce,jesus pardo
0xbbfa2eaddf58e5cc9d9f717eddf12701cb9c3ffc,SBC
0xbc0223a28e73215cd8f25411de2dde85973c2ab7,Vishnu Kumar
0xbc0309f548fd2493ba1f66026e3bc52a403a1329,Kinyapiplele
0xbc065438705bb484548109040b91b10eea6d202f,Strausberg-treasury
0xbc071564fedbf49000042ab6a12bbca955c60102,Taras
0xbc0fab29798d02e5dac8bd35e3971a9f33d82c7e,Ocean bottle
0xbc15b171d7a01b64ed68ba7c6864dc2a9d708535,Tafari
0xbc1658791f5dd613f6a2d0647f13ba5e93aaae10,ZaxionID
0xbc1b4e0a3d44eb9f796f8d5eaa6eb1b3c9f3b2d4,Tikalys
0xbc1c3139c352c458e121345fde94f49c3beb9ccd,EcoSynthesisX
0xbc1e58f0911594d8aaee8877302701248796af51,Vynorix
0xbc1fa064471b74ab670a9719d85d4ac5342ea6d7,Gustav
0xbc20c4beaca153f887eb791a89563761b1772dab,Ethereum France-lp
0xbc21aa588a8d4bb32e41571a69a0f0dadf2ce3a0,Mooniemama
0xbc2479a1a9c3cb6625d3a9174b7394b3c930c09b,testgroup
0xbc2878f0f73c7aa2d201cb495528a729d4ae0444,Bambson
0xbc2d6854a1cd1757f045880d50628a1f18c5992f,brijooh
0xbc3f1240210018d84b581ee6df48976088cf83b5,carla
0xbc474c689a2e0b924f959899e7f32c25226b3909,cleaner
0xbc505cd3ec7878faa2b67b35617bff989c2bb83b,ahui78144
0xbc58fd3becf189232edf3f7bf10f486c8ebb060d,capybara owner
0xbc59b445c422382c0c3bc87db606cca0f463c118,Martin Vrlik
0xbc63cb1e9fc070902a34eb5b2baff81cf2c76760,Test ICS
0xbc6a368fd5a9a33fac5f34a3dfdcabc31973402d,Susaninha
0xbc6ec72a9c2f8cf8639db9982413c8707f4fc091,huangwei
0xbc746e177e123015269f05553ef1590997207589,TEST
0xbc877078c77c825bc9b5de5115934ac7d7e260d5,Sunshine2019
0xbc94dfea226e7d7592cee8f5aa406b1c2ec9f939,Jarek test
0xbc9893e33e5651eaa687588148792e0d61b057b7,Unai LD
0xbc9ee1b8ff3ed50d5413c9b0edf811775de33634,Alpha
0xbca1f931313de174961ed897683e33561b00ca89,Eli
0xbcaaab068caf7da7764fa280590d5f5b2fc75d73,pontenegro
0xbcb44494b989453e6a265b9185cff9b57fc9f70b,angel_dreamer
0xbcb512d8be5a7bee4bf474d1e58c200b01cf351b,test-offer-zrm-test-setup
0xbcb8ea1e95bb014e7f4f2d82e1c2ebb0af7c57d2,dungf22
0xbcc3e672fb0b8b7816b480ab15f6072516e3ae58,sergey
0xbcc6cd59b59574f4f731e83e31efd89e3f7e99f7,Talita
0xbcc8def88d4d3df1bb9a7c22cfef23ae94310495,isma
0xbccba29b9fbe71bccb3675342aa758b15bf97c1a,wadfe
0xbccdbbc413c8a766e575187f34b1ac00c549060b,pacman
0xbccf450ff3eb5632a1d86904e3643485a415aace,Ocean Bottle
0xbcd93b44cc3db0c1f2583df411ee47febb8720ac,Genesis
0xbcd94c53a8c18a8834f049fd388c39863631c25f,Max Aubert
0xbcdb80972c06396bd451a994e4a8eda472ec8b71,sam900
0xbcdd7232f4419dccb9ae70437bbdaa27368202f3,TestGroup
0xbcdf8980b1dbffdfe26c2090b3377249edc405d8,frenchTony
0xbce868ca27f5820b20cae4fd5577eda16f32ddf1,rao1
0xbd00800adfcf558ae2eef9fd2dc4c4252bb62bd0,Will there be more than 50 - sub
0xbd02b147f806ea8fe334c0346dca9521cdb4b037,My Account
0xbd05107955b0a4483ea9fe8e8271f56cd8430a4e,Joel
0xbd05d3488073ecba021377ce7f89da733f8ee203,mrcircles
0xbd0decbaa5f1530aa1a55c36f9125969e140a7e7,Kajakkes
0xbd0fcb333cd98c7fd540831a718954f13ae55f06,isreal
0xbd1677140cff51d3db8f05a0191b93938eb2a8f4,Georgios Kalantzis
0xbd23620e67e1dde04bc4f7f65c14e09ddc0e3464,Joel
0xbd29afe844879c30f6407663832c84df45e7d01b,NFT Ticket Seller
0xbd320954487b90ae7a7b5b8309023eeb348a09f9,tanariel
0xbd3842da84c830f8d782272de237e2c937e041c4,Sasha's_friends-mint-handler
0xbd3b23f77d4df79684e8ecd1356102b11f05f83b,Fruktik
0xbd492ac9375e6b94315a9e238c2afb610b89a609,wine
0xbd4b3cc104c2635f32d20d9d039850e759bedc09,Bestbuy
0xbd4f5762a98fb5cd3ba2b7fffbf9c47a89ea5496,0xcryptocharly
0xbd517f390a2619dc8518484b4761a3d58c40a80a,D David
0xbd54f9b9d2f3c8f5df948bcc4057574113f7187e,Colene
0xbd64ad5b7685dc8f5c88a13e907f19cf199f35ef,Kate
0xbd6b3ef8f93f83323000db648037c34f629a6951,panthre
0xbd6e03840fba5d39e4aaab7dc09efc2a3e02699f,said
0xbd75114188985d909b444306b39b222802eadd6b,Daniel Vincenzo Papa De Dios
0xbd7549793f0689a84b5d31a6ee7e2aa75e43478e,manon
0xbd7fafdf7b2485976afd1ec919bba43334e9d26f,TestOrg
0xbd81e980a4133e64a83a2cd28ce9aa019e0fb44d,Deleted user
0xbd9089049a642b0cd642b70530c118c9dc7dcfbc,Shemmy1170
0xbd951f1f178745cfd0bfbf29cced3ef6f8baca93,KariemUntitled
0xbd9727b49ccb388e15080ab77ce71b9f4009f383,Algno
0xbda71ea85c423a7bac81983248d0d68eed3c3065,CRC-SepETH offer cycle
0xbda8b4170586660a44f0ae815a728527a3380f63,betaw3b
0xbdb0b46b79a989ce49fa87f9f9c360e444b273a2,TEST-CRC
0xbdb26fe9ab71e62f8c02dbe6279f674ff7958641,MartinsTestGroup-minter
0xbdb357e5327088451530d7082feb37368ef0c272,pesokpesochni
0xbdb71db30bf4c4ad50b1465122b2e2c0259bc6ce,asheschua
0xbdb7644ccb82d3cd1685679ed6c4e028c350744d,Vocdoni-treasury
0xbdc13a8b1c8842fd87bbf099ac04b63dc52ad761,Gakpe
0xbdd6d136921af2a8696bfd96be44be2ecfd4b423,Andreina
0xbdda6042a3beeb79c2d76a27c83cf52688cb254d,0xbdDa...254d
0xbde76caf556058a341c6669bafc4c3ad1ae1266b,KentKent
0xbdee34a92159a9c98b2bcf14aba59b4b1ef56785,Arbbot Lisboa
0xbdfc8ff02d34032bcee6b652776d1cda44978652,tert546-group-treasury
0xbe11f7f2728bb31b18d06715630f2640215e16ae,Andrii Fedorov
0xbe14753ff5f75aaabda9843f3fe18b26c4b4dec7,Elias
0xbe2e0ec7fe306a44e68708cda5abc0a7b13f5881,dlife
0xbe2fc7da22c9dab9d063e594ccc6cc1fbc781a30,Matteo
0xbe31c56cc3b2af52d8b94b7772f82d441d1c71ee,migy
0xbe345fa7824635c9c22cc3371e022a75524caad5,enrico
0xbe35aac3db461fe07d88b64569899f000c9a34b7,ishan
0xbe36675b0ba8920bd38d89848210a06d82c7bd36,group testing-minter
0xbe3afd45ce6478ceda54303d0878dbc0a110278a,Will the number of humans r - No
0xbe3bc65e25cf40a218a350911805428725c21a21,fullnode test 2-minter
0xbe44b33072cc6442deb3aa95853bbee655c27349,Farsight-treasury
0xbe49125c9d2bff8184645330f85d2fb710047871,thamanjoet381
0xbe4a4ec7f084fd9ed47bf082229e33b7797feae9,lxst
0xbe4d668a68ed79077f71117b3027bff7db748661,officialzk
0xbe538ec2c28c92810337c6694f987114a81ba8c0,Zanti's Man Cave-mint-handler
0xbe555701db8e1e46f8a13697b4e24ceca359adea,inge
0xbe58f483eb938ec860a03ba3e06886ed894c58c0,Radio Chad
0xbe66428c9930d2e368f418275b405a338483fbf5,Tranthor
0xbe68d202fcc337a3024367bee49e69da07f6e92d,luyaoyuan
0xbe6e5a0bdface700cbe8f0d1c28fcb8404a1622b,my NFTs
0xbe7486641283e5e0f6b5d0d07d290cb2bdc4e11d,test-new-group-fiel
0xbe8126e49ac1ead1f609e37d2f971227a42fe0de,test_yann
0xbe8d2f8fa5c9740c6ac7eb3705714655eda57113,Kermo Vessin
0xbe960f2b2c8db9b6ee2ec5918eea703a21b6c2c9,Blake
0xbe9fc8866b433b5759baf968d6ebb007e15dbf5b,leowgr
0xbea012a6ccbc0ffa80b7a8db84a3de9449438549,Bárbara Sueiro
0xbea8eb9066d30274ecc728935f337f3f808cb0a0,edumannarino
0xbeaf035e72ee9840eee0173b4004942320406203,Nele
0xbeb529a46ff71023dac3c51a842b0d2452c6dbe5,Tasnova Binty Faruky
0xbec1844526ac7fed6fa25e0141d38cf96072fb9f,Roland Michael Glöckner
0xbed403a04546cd3c433d4dffeffe19e58e247f17,DEFG-minter
0xbee414c0e41b96aabca1c9cee07bd4967f884407,Mindaugas
0xbeeab66f833e3a4f8a2cc88e8d6a7d3e3a745566,Silvan
0xbf039db403af05be0616e8f9ad65831f98f7bfed,Bunny
0xbf0719641fab7cda7e2ee6ad02435b7da056f104,hdqq64
0xbf0b6e9deae232bbfd566a1cf85426fd2c5a8a9f,0xleidenfrost
0xbf192b70c474aaf49782e4194de6b1006b4d4f91,Bettor
0xbf1a9736af0c624222e433b743103ef9cca53a98,0xbf1a...3A98
0xbf1b7a8ceba922a47162cd2f187f1b67dc7a4fb3,fernandosolis
0xbf260061af1cda159896e8cdb5eaa34171b3d7be,TestOrg
0xbf2ce2be8efa3ff8c4448fa8b346580c22deea76,fanfan521
0xbf47e98eefe592ae386e98b88f9c45cde6663b52,varya
0xbf4e5a76bacceb28fd73d36e2d03029973ed962f,mikaela
0xbf54f95948d311c88a3221b4face328e42d11187,Dennis
0xbf57dc790ba892590c640dc27b26b2665d30104f,NFSociety
0xbf63b5f1052540073e443edb525968424a1e719a,test
0xbf6ccaa72156984ba34b22f3767f601a41720e14,TestGroup-treasury
0xbf79dffbc4eab8dbfa61f99ef148b140111730bd,GMC
0xbf7d36c8292eef10105b14e981fdb2aec2363823,hootpot
0xbf7d8e91c4fe4b735091ac3f5d9dc717034cc420,nnx
0xbf7e22c064cab3b43997e4c6527fce7911d49d7a,Jannik
0xbf7f4633ba311dbccf683453bd7f5ac9f43794a9,JCISAIAH
0xbf8d05d9cf335046cb83b5e2e33f52c0d51c2948,Marcelo Oliveira
0xbf937803dec82ff61c5fd800f01fd304fde6c68e,UUU Community-treasury
0xbf9bd709214d64e2ae07705a2f8d5de074e7f4a8,BookBeat trial
0xbfa73b8504cacca5ab7ce456d8b7e71d556db17c,Jan Van den Enden
0xbfacdbb816b1ed8866ac09acfe8c25b6abedf846,potteer
0xbfb4c300e03b58a8f042b977df452fdc3e72d4c6,CirclesArbbotV2
0xbfbbd97be5faa039497a2a9dd1e93d71b8a372a8,Ifenio
0xbfbeb47d020d3c0becda6ceb24b06504b45e1f4b,Test Circle Group-mint-handler
0xbfbf219f22dba1d8fffcd68d3fb9e8dd043dfe2e,paul
0xbfc7d06cfc654d67d6e5a501999af3d1b56bdc2c,blckplstc
0xbfce3136dbe261e4dbd757bb9a718bed8a9993d5,Metri Testers Group
0xbfdb673c89ddf5be161481f1b090069af0d3043d,Manuel Francos A.
0xbfddfa17358c93d13a6e6ff143fb634d2b808db8,Hanibhaal
0xbfe621985c2ebcbbdeac5f3286e32e73cef2c65c,a5farmer
0xbfeb2867ecf87de80944f01b7efcd4a890f427ef,gnosis shop
0xbfed38011ecb4a6be61eada7d7657e62495de3f3,oppa
0xbffcb46b37a116cdaa22d0ee67965a686f3e7696,HODLuca
0xc0072b997ba02d4a6bcdf106712d4693c296d5d3,CRC-SepETH offer cycle
0xc00955ea3f1fb10a0e41cb769f5abaccdf6a5461,L-minter
0xc00ceea2c3606edc6f285f9b578b83a44bce5c9d,Crypto Royale-treasury
0xc01aa75daa88a7bf2ac9477547c6d7091802767a,midnightvibe
0xc01c62aace8c09edd6aae0dc33c362877b3ddbc0,Vertie
0xc020d46e4a6c39ae3e38c674bcf27d889ff4380a,hbanj
0xc0261bc481870356080e3c819faebfafb6ce4df5,Yannick
0xc0274694ce777af8dfeddf8831374f0c79eec03c,Tofail Ahmed Tousif
0xc0291e72a901d0b7f25f21b7ec4ec7259203b1ad,renzoy
0xc02a52b34e068365f5575f24f1efc3692d7950b6,Baljit singh
0xc02d5aaca64de428d571da42538232c431e0cded,THP For Good DAO
0xc03c23bb2587dbac215f952b655b02f225141b3a,Theolaide
0xc0420c64371df6c77f22f35ffe66c049aab109fb,Steven Lee
0xc0458585c6b4b79a50e0b0b5bd749b1d58072748,Mhyxz1311151129
0xc049240aa5cd7a5441e29e37d33f7f9c6bc3183e,meni
0xc04da77e13bd243b8c262ef6876f4be4627311b2,barbarossa
0xc0531a0d6e8d374be10d2f33cb9d99a8844da5f2,test1711
0xc056741d985555961f9558ae4a931f5685533d8a,circlesX
0xc056aee63df9c2d54146a8094fbaaa16f7ad0c2e,Louis-Simon
0xc058a71d6ac5e527b95548d9f968bff4b4a6bde3,aniss
0xc067cad5f4a0c4652866371b723483f83b1ed0aa,Dandelion
0xc06af215b58aa51f9d5e06f7780a3accb30d0754,Itzi
0xc06fe2e3c92eaa187f7731e68a5d3fab1fa518fb,Ronaldo Gaertner
0xc071444d606921d4b317acd80dce714744c189a6,NewGroup CMG -minter
0xc082298bb65dd197184de511fe21239e0c5376d1,Maarten
0xc0891fca71f184c376e0ad796425a9056b5dbf48,Dumebi
0xc08d4949fc04dcd91a42c8672536603ae64d7d55,Lucas
0xc08dca5c31add8a8f56f1c51f322491c27e7655b,nilobon
0xc09a382f7070dd56142d7cfdeaf46822373f2216,Circles Utrecht-mint-handler
0xc0a6781b98ae85d0854161785d28216ff9f124dd,Fdancis
0xc0a85e634883d3044241778903173d0b79bee35f,islem
0xc0ac963a8b7741818a416ce5ca7dfe19cfd69283,arizonal
0xc0b9279b5d1dca163c9d873036017105c985e322,Puycouyoul
0xc0c0a467210ba52f9c2fd76daeef6058f4a0b843,adam
0xc0c0f83df946623888f8fb07f3b7c30935289740,neversellyoureth
0xc0c81e8b70c49b6c317dbbdee503b80756733dbb,ThiMai
0xc0cd2c3916a54b3eb33ccc611e41e92dcadc6c2a,Christopher
0xc0ce14d6b86a1102cb61197f43bfd1177d06095e,Hughes
0xc0d52f81d2c1b9b2480678e466270faa3ac1908c,Tony
0xc0df89a7ff5f6247ff42d54134eada72d3b4050c,Celian Rolle
0xc0ea2465b733b6ab3fab70c5aee2d724386cd21b,kevin
0xc0f4609eb579dfa4537200030f4131210aaafc70,Veworld MountainM
0xc0f7de4d951e6900d7ff2ee0f5f6e6acc00e78c8,synack
0xc10f7e7f84720b7f1c030730158989e6f77ba009,Orehzee
0xc11bbf66c6fadf0dc72fc9a9bd0a6beecab486dc,Hothe1939@fleckens.hu
0xc12140d3bf65d9382b6dd5d194c5e5be7036f600,flo
0xc1249c1f4295010d247903d617db826f9a9d966c,Szeverin
0xc124f226d56a651fa8b1e58bd5ec589853043ec2,Rick Kwestro
0xc12512218ae6daab8180ca0465f89b248872be54,André Almeida
0xc13552d68184f4ff68dde8322523adbe2b78fe2e,hellenstans
0xc13b2b17acb69e11debafed9c1d3bd199d22b28d,Francisco
0xc13f559ace18817dee12bc8995a95ed43018aa37,_gw_3
0xc146e91c67f292fba31141982a8943919b5a5450,Vanessa vera
0xc147ac936b6b7118e093e8ffdd899256f231a667,.
0xc151908d81b90880c73f068062201f3101b6b8cd,antoinesparenberg
0xc1599a65420ba678be05dacfeac91265b187e0dd,younes
0xc15f6784a51bce7f3f65476d81b6c1c900612502,Open Internet Club-treasury
0xc15fc4949b0a57562ff6e9b1c5d1b235df8767b1,abhishek
0xc1601678d14adf1f0922e12a14c769ff87304d94,Rodrigo Vicente
0xc16191eb84b6f225c3cf0a05c238b8d601f5a9ca,mig22-P
0xc162a50c9a467a6c801541dfcb6c2f1c5b4c0085,cryptogirl
0xc164522ebc7e6a8b4b08878cf9e330cfebf4850a,TestCMG-LBP-01
0xc1653010e896635197d85e8c70f50acf863d18e4,gwen
0xc16ca3565f0ca064fd5ab884a6bed04aae341c09,Jim
0xc173bc23b382f3d40618e9bfda4fd4f4f44ab1af,halaskar
0xc175a0c71f1eda836ebbf3ab0e32fc8865fdee91,shorn
0xc1784585245dbc7186e1d1ddbaba8e58b5e2b322,Ramon van Lieshout
0xc17ab241dc75bb1b12354d97c620dae3c8b4aae7,Morlet Romain
0xc17b06f075c80211954144517b3b60dc12055922,Bankless Academy
0xc17f60b3f9cedd4fb82f1d1b9ed6e11e38aa4d04,PolloDumas
0xc18c8c777e272233448e26b55fe5ff95ec5f0cec,zekkou
0xc1936539cf967e3b3c20ce994ebc6659a19aba99,group-inflationary-wrapper
0xc19bc204eb1c1d5b3fe500e5e5dfabab625f286c,Gnosis
0xc1a03b89941be7a27c7873c6bf72ae16fecf63b9,Old timer
0xc1a1aa02ef41924bd44bfe9a0715911b4ae38886,charlie
0xc1ae38bcad3972aa645390c30a0e9ecc74b93c24,test group 123-lp
0xc1b2d5a79e04e7449dd9cb171c7afbd3bbc71a4e,ETHCluj-treasury
0xc1c2ab9abecd38b326f4c1c1889162dd8d506c1e,lucas77x
0xc1c457c84f0a540e839e9e563cdff1750beec99d,Full Node Group Owner
0xc1cea5af7d8688087992d4a07544f0304276a6f2,Amarjit Singh Shaukeen
0xc1d978bb71d656c6cb17da51c155825c6dd8ac01,dunghain1
0xc1ee7f3357e70b67f778230b9f5cef71154d705d,Latoria
0xc1f0742a46da666c762c803913690731ea80cc68,Vienot
0xc1f0cf1e4b5b43768566f3e65f5884330a572034,Killian
0xc1f30136d9f7d3c4141c6196616ffa3810a8090e,Jiajun
0xc1f6a4fa989921b78b2fd2506950591b88f01aff,timothy
0xc1fbe42b416094858eafdeeed39902f6dae0192f,0xC1fB...192F
0xc200552f2073d7dc32b3d86cf62e1b3872a6a937,anders0nx
0xc21062e7b5b37a3bc9a2c51e73ef36e2c9875d62,abba
0xc212f5fae90c83171a0f8a2a885909a8824bd5e1,fasfasf-treasury
0xc214bccfe0c46cac0616931bed9b3ff85924c389,Octant-mint-handler
0xc216eef916470de37affd6cf4ca6074bb2ee6177,roryfinlay
0xc21d5193666349d98f5da581110f60c4e03e678a,Monica Nascimbene
0xc22082196702851d0bc3e3f0507d03309ec3245b,andressa
0xc235cb52adebade07e74d330d4be3beb7a8e4b09,Augustine Temtsen
0xc2402fe3f0d01c524ec25a5b5439c1726507d876,prince
0xc244ddd51dbb724c11b4190a14cbf5a83b575dcb,robiomarine
0xc24789207d21277673f025992654b890754eef0e,blyatkachu
0xc2484898ea31c937c93ef7ce06ddfd6691f81e5d,Dimitar milenov
0xc249b5aca011547685514d1909503c01fbc577e7,FETHI
0xc252aa1df35280d9d9a644a5716ed73478c4c041,custode
0xc256cc08b4642d66d8f2ecb64c1a1e2a40d38d8a,scout demo
0xc25f3fabac0cd34b77538d932a3b0b8d2282cf75,Tino
0xc262cc890b3f9d72f424a97b9903bc637034cd98,Cosmicdude
0xc2642872b174eef01ad9d54aa351c353a2d719a1,Katelyn Craven
0xc26f1bd592498999226c3537d7f471982152d7a4,Metri Testers Group-redeemer
0xc278c165cf50c4cc44f9ae8350017b3c0fe86482,Test ICS-treasury
0xc27bd86a2679503ef7be33102ba283ed4e6ca7ab,yannvon
0xc28e5f01b2669a46429d00c5a4193870b954502e,Guillermo
0xc291f096e0b2ce895b4a52ec2550093ebf60d79a,ArbBot
0xc29f4e1cac150d8549fff8c5f6e9f6a5169d34de,testaccount18
0xc2b6e2458be37879990f5f747432439cd96b8b7c,Andrius
0xc2b7c5f22b48a9a6ea0430414a2cb9018eaf51ee,lilin
0xc2bf6628983a41ae87b7f843204d27f82befe5be,Heinrich Lio
0xc2c362b3e3bf2ade81f94e5fa1c692b1af89a9a4,Mark
0xc2c69e7d71340a1a65c6576ba8d4c14fb51fd75c,Rensche
0xc2e8b64c17b4f3114301f3fc87763b5063deb424,latricia
0xc2ebd26a6fa7916e8632dab0f14828e201a9658d,0xVenky
0xc2f12bc4fb8e1a6775284f5ac7b3681940304e6b,nikola
0xc2f4f3d990d74a4a14fa54e435529539c2c61cc4,TestOwner2-redeemer
0xc2f5ce8d7ab97c07b9b61db8dc5fe40a6259de41,Jünger
0xc3010b827561996f7028a6093bdc0cb977d2b9a5,beatmaker
0xc307260f6435fb64043751ab5f172521c7690601,lodelux
0xc3136fc7c2da8a5c1c029264323a885cc20da610,xx
0xc31ab143f1f1ecbfd3affe019ed2f677089bde18,Fritmist
0xc3326d0f7f7f31cd9e697da7baaad2bc0c3edaf3,Oluwagbenga
0xc338c6ec4af2b71629bc938ce635d37761b4bf8f,tosettil
0xc344a83cb8876040f911a09200e1e9ce239c9b95,Nils Wullschleger
0xc344e0072813e0e8619cf2f98ae5f293e401eb63,necro55
0xc34faa82af100d349cd1a7eab014e57be7e846a1,Vaughn Lewis
0xc353d3bfa3920533c7cf0c00b4f79fcf3039084a,chaps928
0xc355109bd828375427b4f140062031ecd0a71257,swap
0xc3572a57049f35e77dab298d5ab67fe6bac82b24,julien
0xc3649ffed3b576044022595e886672239744eeb4,Ebenlob
0xc36817fce1dd27ada61bda9d87ff75ec7d9020a6,Paulo
0xc37842c5a36cb76da0a5ac75d83064d0191a8045,Khaeljy's group
0xc37fcc8071450726b13efde33561a8393c633012,mam
0xc380fe3e789e9d1fc271babee98c6b59a7ebee59,givethjake
0xc38457b5dc6db1a5c25c300555b74be53d6b157f,LG4-redeemer
0xc389d97017dba678a273aec79c3039b050ba4e4b,ps
0xc38a1bec77f0b8391794eb975860c4b5a978aeff,edswgvdegvrdf
0xc38b53f73de42b88c789b20c14a134afdf79a76c,geronimo
0xc38c8d86d9ad06e2e78d42c2f239ccd94a0cb6b1,Erki Annus
0xc392dc0786bd7e5407736cae8b7a19f3464f1ec2,ScoreGroupMintRouter
0xc3972cdb115b4e767a86c87c2d7578074d70d564,New Test Group-mint-handler
0xc3972e11cbf714ee9a3f8d162f859b88c83b632b,Samuel Atsem
0xc399f489f320a38c407a16d63498171151efabe0,Manuel Garcia
0xc39c3956368785c86c31857a476cf1bebef1941e,miriam neubauer
0xc3a1659f0926ded4c11fa3c4b30fd5d0aaaa2388,Jerry
0xc3a500f55e4e9124605aa1e7eeac7d337daac223,Will the number of humans  - add
0xc3a85d8bdde107fb1f290b648bf86d7e5dafee1a,Arithan
0xc3ab07862c59b12540450ab94f76456a5bd8d1f8,CMG LPing
0xc3cc95a48be295bdcd62bef8533f56ee8dd96542,AXIEMOMO
0xc3ccd9455b301d01d69dfb0b9fc38bee39829598,hellno
0xc3d5112f1009a685deeb5cc307ae13108ae2e78f,TEST-CRC
0xc3d79a0d96c643568e085d667e79a61a6da061c8,labs test
0xc3e0aafcb60bc11221112555d1939d4326518ef9,Test base group-mint-handler
0xc3e12d39be3e5ff9f7bd5ca17636301ee0598730,Circles Coop Berlin
0xc3ebc2bb7ff8af8b9ca6f5cc5ef9cf8dacd15484,HOPR-treasury
0xc3ed3dcd1eccca720510da52f405985d4e2954ff,Guenkov
0xc3f0b6c74bc28fb1ff43be18b7087f631d42368b,Tadas
0xc3f1262765e765099661cafc18c577f79f353a16,Lukas
0xc3f24212ac1a29a7c4e85bc029444caff3ade26e,test sdk 12
0xc3fb2c0b8404c2a9ba6349873c01c9cd5f4ff5d5,aajaTestY
0xc400cdde81c992237e35299fd0aca042c7ca62bb,TestGroup
0xc40ae7dd31b7275a20312867673abd2f469fbb5a,joshua
0xc4106052cf755e3babc3905bc41f06fe99c5cc27,victorsplaceofficial
0xc4198f499e7c8e6d8746c914f300c6cabed2f480,onoroberto
0xc42245c28fa61484697da9dfb0a3fcb4126c6224,Nothing Ear (a)
0xc42bc50acab857df3b62a60190e0c30ccceb7d5e,Bankless Academy-mint-handler
0xc4359541599741b4886f9a0d78c9cd7b189dbe49,Gaby
0xc43f61f543b8fa255f218be208741b89b247ea77,marcio
0xc4469fcff48b44a2ca4dd6e49a9e9d5cb3399080,andre
0xc4484053524aea83db9f3b160053d613b5d6f31e,Krijn
0xc44a1762189dbdd5077fce61044166d73444a43c,Jean-Michel Rossi
0xc44eea207c8295bb64397c832ba4754bd7f8e4d5,Edward
0xc45fe57b560cd90592e75783260de248ce292ab7,vb_group_dev_3
0xc46333e3b2d65b42dd1ec892dcb68e0699250082,Werner Hoffmann
0xc47090c0023039a27218edfe731ab036a3b7570e,Mohamed
0xc4722941024214c393a861e434937c589196505c,DeFiNomad
0xc473037963aeb2e37593e5dff6f6242e86985f0e,PhongInk
0xc477238d47eaf556ec7871f2578c278e7a4b042e,prberg
0xc4851ec4ae1bb8076120a9c5f43dd150d6ea1103,Emiljano Dino
0xc4882c48c421bd0ab9e46a28270174ceca868d2d,Hellllllll
0xc4883686c16e55766097b0bd51d8166211542896,cptcrash
0xc489a61121540f390c9ca27a3c07ba0c59ff1b21,Pasanaku
0xc48e33f514587398e9b9cc58c38a4c56db90c2ac,liana
0xc49917560e88cf5a67fc6c409ef3deb968e5d01e,Bubblebee117
0xc4a0aca8a846ae4b7c53fe02f30564ada52070af,Solana
0xc4a407d30a85074ab3a4538fbe42af005c9a7507,Erickfred
0xc4a45e512b38fc9c7076900cef431df2f39a07f5,DeFi France-mint-handler
0xc4a4729e30282a9bc27db914d0ac11db1daf2c45,a14btc
0xc4ae1e0abfac96a7ae49db0a79068c5cb5a991ab,Space Cadets-lp
0xc4b3c6171ce2343d66be3fbc9d268150b1a0afdb,CORE
0xc4b60df8410f6f9d76b0e02e0c96aec205de35a1,DidiRanger
0xc4b79fa419258c6dbe0fa433658ee216b218bc1d,Welove65@jourrapide.com
0xc4ba98661fa612044171d6f61f46ee5ca78f66f2,whimzical
0xc4bc5b75999a5b56abfabbd264c9ddd977fdb3f4,borisg
0xc4bc837b60af3a0731d2e494bb8f998e3904d94a,Hemmy
0xc4bea5cce5a22c55c7649dd68eb453f0359f1cbd,dcodex21
0xc4c077e3c4cb1a4458882cf2ceab9c910922413b,Joumel
0xc4cff39e09576ebfb9e509742fe9d9f21eed7f65,0vniCircleTeamInvite
0xc4de8bd4347df423c6cdc6b9cfb70b2322063844,avsavsavs
0xc4eb0e39d318a56c4859e207f14fc414bae05226,defro
0xc4f0a51c608a1cc6abf28029e3962e7c17842507,Tolu
0xc502be7889af6f4e74d98c0de3a313badf5f64ab,Alejandro juan espert
0xc502cb1cf49040d3f470fecbd656b6ee15895080,Tatiana
0xc5166cd2c099804fbd33ee22375b432c4ab25d45,Zuitzerland
0xc518426d7e9b957318cb698630ab31f640c39398,Nounish-mint-handler
0xc519bd2dc7546337ea2710e4351537df4e5a8699,Test_group-treasury
0xc523fba0e49108b406bd8f0777a613c338ab3b53,HoG migration org
0xc529d588be6f277c1ffa8b5711c26b877acc3503,Ollie
0xc534ff0ee457cfade9b6768d72d71086d51904eb,TK_ZH
0xc535df4bffcfd7e735217bef0fa0fc6cc38acce0,GMC-redeemer
0xc536a7753a575901770ebc64bbd9dcbd9f2dcfd5,zed
0xc53afd3daaa75a7ee05848ecc121087754ff9f9e,simons
0xc53f38dde0d1a9b78ce1a3fa78e1dbf22ee67fbe,iDS066
0xc54ce104e5579c070233f3569648592cd65e70d2,Red envelope-treasury
0xc54e28701888d26470edf7419887f2411c77bb6a,Tornadino
0xc54e49e799f916135d531bcd0a82dfd5b7b521d9,def
0xc5552b17001493c8f788ac1cbee87990e2a913b3,0xC555...13B3
0xc5621185981ee95099ef92ff1d0ff9921f29bd5d,Futura Garden-LBPStarter
0xc57de692d239cb1fdcf71e22e3362aa8927d32db,Armandina
0xc57eb099f2a2198e29e0bf2b3447aeaaf93476d7,TestTVS-redeemer
0xc58641c940256c6f87f6330260f955397842209e,Will the media price of CRC - No
0xc5a60588b454e033c245456da2fbc9004b11db66,dbccc
0xc5a9c432ef4e3fce677a1f980fae501d56d3734c,Vee
0xc5aa9e1cdd1397f8f07e59ca909942985e69ae11,Elmer
0xc5acba948a5f91d6866a61be247b5befde19a66c,Hansie
0xc5dca2f20817c4f7e4cc485d2c5f5af4ee4da9a0,Brownnsugar
0xc5e2ab2c1a54034dec923ba8600b5296211cee6c,test_group setup 1-mint-handler
0xc5e2cf98ca901f5969820de56943aa1673bb824a,Greg
0xc5f4121250806634ff4e9a804982444e3b1ae758,Test Lottery 2
0xc6131c1f0e0c67abd602be22f931f26107eb48e7,Binance
0xc61bd945b4386b2e6695f6b9bf7caea72b90857f,Jean-François
0xc620b0a40effd9babb7ba0f7750d1f72ae6b9198,Passive_records
0xc6244cb0114b3df860a7f7be1c5ba420f89edecc,Cuwan  akbabatunguz
0xc628d49f1a82e22c0285d695d5f28877a3938e19,TheoChainman
0xc62b25e1d759700610330351d3c422b10d9e5b35,HOPR-mint-handler
0xc632d707f6051ea4073489005bfda3b48d1a05a2,JinwooPark
0xc63e9d343223658a29b9096ebc6da901ed2f27eb,eerher
0xc640f4a4f56b0fade480b94daa1200b50ebeb1de,Inuy4sh4_
0xc642229569b2ea94206f501ba689b385c8350614,Circles Amsterdam
0xc64df4a72c62debbb46664303f5eebe749ae2c52,HOPR
0xc653006609fee094610b91c4e3f2f547b86d4b2c,SuperhealerJ
0xc65726c61403fff6814ed274b49cb08b7a4aac66,Adnan90
0xc663b314c628eb8d61435d995df8655c94050e1f,fikri
0xc66db107562e0c6ab5a730542b3004b19e090bed,YongT1
0xc673c27199f1fad2a427d29e1505cc2640495bbf,TestGrp
0xc677789f132c185a1d603f9b7d9b8a0ce44fce23,Philip De Smedt
0xc67814ff387485c0cbb5aaeb62dab16bf052be85,muhit molla
0xc697404354221e02ed797079a9b693e0cf21f2d1,kit
0xc69a3ac0bf61bcad06752908f3330ca41c6fa1fd,Circling Soundscape
0xc6a1b9b558082b997b6ef90ac64cf82feb064d31,test_offer_2
0xc6a49a19272f235de1eb72ca0ef548feffa5848a,GARDEN
0xc6ad58bfd231f66e0833c3d102d4b1a61790f5f7,Sophie
0xc6bea63248ac4824ba0cbc4a9ccfdab689a10efb,grex
0xc6d075112b96b75460e543e3bf70be9ab45b62d9,urizen
0xc6df32497a898ef458dc855b75318f6c982c4422,AtomicPersonalArb
0xc6e3d630e2e177e47c53bdb1243b95b9ba402614,ServiceGroup
0xc6ea401d5442fc15e294648c0942d7006b123e3f,Daniels  Silkalns
0xc6f39bba06d170634851135779f0459fae3fb404,kevtechi
0xc6f4859b6e50e12abeabee90e1a5f22d6ca64a69,Blockhero
0xc711a037c859f8cfdf1f1b9ca3993c76b23ba749,Sage Lumiage
0xc7145aaecccda18c5adf0ee976404507b857a7c0,Cristina
0xc71e93d2f8bd3571dfd97caac95c263a34900949,Astronomers
0xc723a0f75fd9a7692f889f782b4147a27448e2a9,DeXter
0xc724dee57c46446752be0f5d53cc5a71b77168e6,soleilunah
0xc72670d376eaa07cf196776b5564dcd0260f3df6,Bang James
0xc72cbcb23048f47085edd7280edb310a2a67a47e,srv433
0xc734b752b15a6b90f2ae7ab4c97a37300570a942,dennis
0xc73a70998fd70be4fc7b861142a4ed94f1f9ceb7,PasLeCas
0xc73c74b0e84d5aea18cdc5d4e02e3b38b2a0b798,Dancharles Okoto
0xc747899fbad47cdf947cec57c7bc08d9a2f4577a,lukasz
0xc749ef3014d112059493747a3403b1a8826f6e27,Cattus
0xc74bee90f4d49a9fd67803b36dc82911b11a5302,0xozo
0xc752c3c7955722fb53f9635613e754b978e8add5,Radomir
0xc759bcf92d29cfadbbbfcdf9d002bfc254811913,Michal Dunaj
0xc764b3d0e91798cfb16b04aac203bdc5511433af,marijkev
0xc76a71eea5b02f933645c4eb07bba5d13a35ba04,test.
0xc76ac43319c66439225bee2cccdede9558f0668c,Giovanni
0xc77395a9b89a0ee71289fa6fedd8e84f019c588a,yinka0136
0xc77656e08f578df5f50187f563a3668c6cf95bdf,Second test group
0xc77c67f827d5c0932a0411c2cb8c0bdf4ce2b2e4,wordsgirljul
0xc77f9fa1a3dc037e7978e238c7cb474f9bba81da,Alverta
0xc786bee3b27036dbd490f7493cf82521935d24b2,Fileverse Shop Payments
0xc78a436d79d21c8cdae68d9c6b76de9d29dc679e,francescofalconi
0xc78fc47de25a8461a5bfaf395676759171613d9b,morski
0xc792ee03a326939e2d33aa712e508e72613e450e,0xc792...450e
0xc79601e8116d6985f4fcb47c1d8a1af4fb8de757,Alex
0xc79727aec39c51d335df8cf5c7a424a83f9da6a7,boy
0xc79a316bfb201861b508bee812859f307e36c38c,Crispo
0xc79f289b13470f9b2fc42a1ff3e56a1541abeaca,BenTestMetriA
0xc7b74ecad981260ff2dc5907fc98e90ddc2549c7,margus
0xc7bfcb8e78e34e26bdb9349bb98107a3c3c89293,Guillaume
0xc7c75617ab8545cf27375f0778b189f07a5f2b24,SvelteTestGroup-lp
0xc7c9877a9f018bd1c8b8c69d437b5096bab565fe,Will more than 1001 humans - add
0xc7d3df890952a327af94d5ba6fdc1bf145188a1b,Max
0xc7d820dd00e647bdebb62fb1733caa05788ad4f9,Trump Nobel Peace Prize - Yes
0xc7da253df557e232ce1536fcd532b34dfad2a6ef,Felix
0xc7e2b6acaf7086cfb35d01fd410182d4d088bd8a,Kajus
0xc7e54242eaa7c2a1421230dec70ce694068bbd30,grace
0xc7e5acb6d0fa4422e9cc64558c1e51bb95646f49,3.18
0xc7ebc335a35e91706368e7b948b20b6931f775a7,motunrayo
0xc7ed8b75239c28c4a186816172ecf82429affbaa,Winking face tongue-mint-handler
0xc7f7dc47e5e4c862de5048c0b38f864ecc6aa89e,TestGroup
0xc7fae4871f86de1e8baedaae2c1f58ac9fec4563,testng
0xc7fb2a42f3696099cfecf8bde9d3dc820394067b,Anatolii Pozdeev
0xc7fdf790bb50658bb2abb5302e7d039b1999319c,Deep's Test Group-minter
0xc80ce011fd95de8584ac7a42bc7ad60901bae7ee,marijuana
0xc814a3b9019dbd0410ad90cdf97fb492d34600d5,serg
0xc82b7c388ae6b347c80fa607b967aea0f4f92c85,groninge
0xc833b75224eacdd0cc47b0e287af544ac63107a7,CRC-SepETH offer cycle
0xc834e1e938026553b03e718bedb42c8fb3609869,alyonafuria
0xc84476fca2619f68dd271494a254d38969809ec1,木吉他
0xc84bb02f11d15ed96693f2037398f310253a43a3,Eric kwaku
0xc84d9470822f0ec4c75fa139967fc05b99d161f4,Gnosis Tsar
0xc859a6ac6406ddb5a424aca78e93f2694b84618b,Pietrzak
0xc859c86a5f7c48a5e97b6621a98b7a1374f61ae8,Nevica
0xc85b080f3696213b5aa2a5aa858c252c95884ee4,Alexandre
0xc85d6e38a5386890a3efbf3fd44c277f87d6bf08,culann o carroll
0xc85dbd81318b1cb6ad6ca6059822ff0ab4ddf03c,A new group
0xc862c4ebdef4bf885862860ec3809fd6dbca2056,gp-treasury
0xc86ecf9db0c654f10ed0737defff74daacedfe22,Leo
0xc872a30d592800012c38ed9016d903a8ed252745,Yannys
0xc8773d7397e7e3f8386f9e42efeba1fd12b70d4b,pigatto
0xc881a01d4ec9dc3d0501c00e9f71d5c91cf1654e,Angel
0xc883fbf736fecb87c76bbb4bd45538e8a9e5a8b6,Cian
0xc891294b12a4d851ba2d07b515f11e43bd376ece,GNO Bonus
0xc893ead093c8518fe3694d97be2d0204d0ecbaad,Sean Whistler
0xc893ed57acc8cafc4c34c59762c17308af542e0b,sekoja
0xc8979c5efb82946883046fe557dfa0929a0f58f0,Paulo Lima
0xc8a958ca341d5bcfa3786d34dbb2ee56654b2171,panton
0xc8adde4f997dfc5a7151dd541ed35c5e933fcbae,nelida
0xc8b34c3190ec788470002fe13b397c86170e8d0c,Monica
0xc8bb7d7213eab409686e1274c402c0d0b1efb3a0,Fidel
0xc8bc458dcddec6203bb1feaa177bf01353cc82d8,Martha
0xc8c1b21b40700c43bd2dfab037d930d04efa12fe,BGTest-treasury
0xc8c62c92e0346491f90d0e2627abed08297a30e9,0xC8C6...7A30E9
0xc8cbf049bebaad7091429585e9dbb94ff5aa772d,RustamBadin
0xc8cf468f45786a1171b0c4588e63b72e17014a6b,i2e.nl
0xc8e57dcd5e63b4d3402f2c696f9b1d1312e84416,Gnosis App Market Payments
0xc8e75736b6ca04807e03e9feac097940100feee7,CRC-984
0xc8f0c44380797fdf1f6c31c5e3d119ee791ac1c9,TestOdooSellerPayments
0xc8ffc116915c25e1973a1bbbd291d9d208df6c7c,Onchain Fellas-treasury
0xc90013177019590ed9f680d2db88b4aba0fc872f,Cate99
0xc9075aec11cf003cb61717457aa782de2d28dd73,TestTest
0xc90c7b0a5f20d9fb4750f226569050de6853aa40,Burstbrain
0xc90e6f3e10470f4c9b38ca599ce26f934d99bc40,trade4fun
0xc91238544d43ba7600304f65a572411b132dd5b2,alu
0xc91e319c985a370da0615d66bb4b322eabe13093,Juankbell
0xc91f5c3f8c3ab4ebaf07f7879abc4859120871f2,Joelamouche
0xc923d9b95203d58bed9c9ecf965649468ae1895b,tufailkhan
0xc924450702c7054836d06418a7c5a0726f4b7b1f,reflink78
0xc926eb827f9df6775624846c5ae9e6265c9dd3ef,vincentlg
0xc92ce86d0205c29931909cb42d1d13f0748537fa,e2etestorg
0xc92f30da0219f6ceb00c846e01847df9b9e84d04,TEST-CRC-treasury
0xc932640629e99eff38d1b1571a09726c01e4a449,Pasanaku
0xc948dd9e56a9ea59e4eb6a7b0eb27ca5c108cb5e,Fileverse Circles Offers
0xc94c1930338b0ab0168e0ad2626e5ab2aecbb74c,anhtu2107
0xc953016de82dc7d501bb86986fd86e33461db419,ianricheal07
0xc956dcfccaf603c829b01c8ad85cd03197e8c995,0xc956...C995
0xc956e11baa53edd15a9990c654b84a743f561464,Melissa privitera
0xc95a272bb2905f933978afd907182b7e062e10f3,taulant
0xc968e1c1e8cdc0802c897cf177ca22ff40291a81,Gnosis en Espanol
0xc969a9da26bf38466e11c0f6cb2a5b5d7dd336e8,MicStrat 600k+ BTC by June - Yes
0xc9701b0f22176d382e589bb66f135c6607214b3e,Collen
0xc9707dc90ef00088cbb4ce6c416350c5c5d3550b,harenz
0xc9708513f062ce0b116d78077e32c6832644574d,PS Voting
0xc971da24d77192cfe1d5f39f525237e686d4e639,diegatas
0xc9743a4b77b892ba118f249c6f7c54335b1c3fd5,nhungdn0304
0xc9754b2965626047db7bc6a16b3130a586edd0fc,Sofiarossi
0xc97df402be371c6c7e06ba118ca53f90e849e831,Bankless Academy
0xc989223875906cec36585486ff0d4d3dec51ab91,test-offer-zrm-test-setup
0xc98dd75a2f6d098f9a2a0f03a510aa69e6a511c6,dog nr 2
0xc98f10b3401a48ef82e627a7e295bef6f3313558,Nelson
0xc99512294b56cb5704d3501932a7f19b507b3b19,rathermercurial
0xc99d78d5868040feee1626dcc33ebe66751e3433,Lawrence
0xc9a2bdc6d3b6837c1c6357e1d00232e50268a7b6,Astronauts
0xc9a6ab0383674dd818f5504c4fe6668e4236059c,Casey Dent
0xc9b18d17e8c0fbc39743ec83d392af6f5d0d29bb,wizard1210
0xc9b393b320f9fcf188d5021a4d9a61c87cab0bca,defison
0xc9ba24648806e681b3ea80909bfda33093ae1b5b,GBeast
0xc9bb8d7755f4bd1f322ab7748afe24a0a9bf02fd,testdao-mint-handler
0xc9bcbbd89303b4bf7e05449281e6d4e1bb11bba6,FIFA crypto launch by June - No
0xc9c071ef40729d6aa6d88033053134c5a1514e40,Remix
0xc9c678281e9e42c73aa7765a96fc7bf2de7c8617,Vladimirs Simanovics
0xc9cabd666e282159c88753eda101d7485caada51,Max
0xc9d34893ddb7ed0ea3987b4dae2cb9919325f9cc,Will the number of humans  - Yes
0xc9d60ad502a243f6026b6ded1b60a5d52452e3e5,CG-GM1 human
0xc9d6fc39b655ff43ce37cead2e5181fda7e6f869,Maxxis
0xc9e101883d60d4db7bf29691eb39fd1aa33fadec,HOPR
0xc9e4ee5c256fa8c96f5df728f8cc36805d322f81,Ruiqi Zhang
0xc9edbe417b04006416a02cb7131d4c35d385dd0a,0xC9ED...dd0a
0xc9ef5331d46aeb01116186ff5c5253d8748ad129,capybaras unite-LBPStarter
0xc9f4f253e5af2a35c99754ac7cec7c4809152c87,hannapow
0xc9f8e720020ec602ff5a33f4d3607f7c4702dfa8,Test group
0xc9fc4242ac47ce6f05580ee1a354f8c923db7f6d,Kilatunzii
0xca03f9afb199d9fb7b1db387d51ecdc858a058e4,christina
0xca04c80cb41d416a3c397117d85139acd6796099,Yield Pot-mint-handler
0xca05096017abdd84c5b9499bf52fafa684058d7c,caoc
0xca0ced5a224d0f5e260850a2157c976d1a7f96d9,CRC-GNO offer week--3
0xca14dc70d723eb26988d042e4cf72c088a392551,Maxwell
0xca23b51663a8c0f689288b286894d46f83026534,UUU Community
0xca2561354acb5ed02db3b8d6923b84be25a6b1ad,Mahsa
0xca299b34bc2ea3123ce77fad5a7c2334c23af371,Justus
0xca29bcba734e574abf1f8c828904171741067fc9,GNO Bonus
0xca2c0bca2f4924a30a6781efb4324f98366e37c6,Nik
0xca3358c48a659a782fafdbbb94127cb51b2de39c,deep test 2
0xca3835e301cd45e75fbb8bb949b26fb844f7a748,4chip xx
0xca3a2d89c107658ef112069bbb6239fd1e005337,a migrated v1 account
0xca3ebd70cf2ec784260ed0c1024dd0054c4d7197,mariia_durasova
0xca42bd4c6f220a455aa3022760f6d9fe5a5747da,jocelyn
0xca5e4efa56a407521a24ece3a0ad99e9ad88d5d8,Georg Glaser
0xca5fc27a51c146d89dcea6b21832449a5571af1c,Sweet
0xca63c8cad2908d3dbec0cc56b84bc90f4dbd4a2f,Ryantokenman
0xca6593cff3c01e46ae1059b63bc6da94de244705,CMGBaseMigration-TestSupergroup
0xca6bf67a1c98417f02b21465e0908459c78ce200,Test POH2-minter
0xca6d3ec4668295c20bab8b5afa80c810c8fbf50b,koeppelmann
0xca894b6115744b2d690a9b48fed5b6eacaa19eb0,Rentolosirld1987@jourrapide.com
0xca8d41e1687f1ecaf8086484894be74bbd9be66d,Nethermind
0xca917d83fb26b04a8fa7324302381aeb7f0da089,Sarunas
0xca9727ff50ea68af1e3a6ba14e654eff7e75939a,A
0xca97ff428e18d114741e3dc9bb462fb5b5239092,Kiwin
0xcabc4a658c67e88270a2e808ec87a3c6e48700dc,tiantianxiangshang
0xcaca9872e7ddfb48a985d17a4e8befc91daff1a0,Darja
0xcad1f878af8687a758a4530da60e18a1fd6f0fb8,0vni1090
0xcad280fb338d74c468523f16d58dcb49bba3a1eb,NFT Ticket Seller Test3
0xcad3c1ad2059b37e4f77568288a51fbd97140b29,GNO Bonus
0xcad5176d7beb378d437dcadf66c7ceb9e0298cc6,Circles Developers
0xcad5b4c5e8bc69214f3de87a2030842009f3ecc0,Deilton
0xcad9afb66b0bfdedabe7ca6511ad9156cb836ee6,ui demo group-redeemer
0xcadd4ea3bcc361fc4af2387937d7417be8d7dfc2,scbuergel
0xcae4563425829df735bd90df29e46323e866bb85,debby
0xcaea3ebaa57a0a19671b47f212a7cef5ab3108dd,JTest
0xcaf3df8c558179be93316482d569f8f9d0b077bd,Sarah
0xcafece5c6b386dcd779ac7b1a34f72205320c699,HumbleHuman
0xcb0bbab8157f2ee856ca437c23ec37b02defbc41,VouchGate
0xcb134964cea815c66858e1f4689a4d399f8acb6b,Bogdan Dinu
0xcb197bc9d6155f493aede5e7ff2c4d7a236c647f,RubenConstantinoAntunes
0xcb19ada953a4bee13758493d112d511ef2720450,Faith
0xcb1bea10e3464622df8a6722e4fdbeb54271c1b2,elliott
0xcb1f32019790d1c2ce0a2f44bb64107473aac99a,1xmerilyn
0xcb2bc947b0d61ce8f56cb119062f459ea69d8932,martin
0xcb4a51bb46369b4468f4d2de5542d2ff83093565,Jack
0xcb4ab7a0e02ac6669da2e1c4358a92577bf76c31,EmiliaNovak
0xcb4be37b737069f4870be5df5c326daf6f5934cd,jistro
0xcb4d4b2213131b9c89b395281d29686e26d693ba,blingman
0xcb56b13eb60548787959b5fd550e5c5f1437b18c,guiltygyoza
0xcb59d5188d098d4e8b2c73778de0a1911e3d9765,Bastiaan Rottiers
0xcb5d876efbd47b116bd5724d37c3479214fa7179,Dollar Auction Test
0xcb6405bbce028f8e51f630c92ec7d4ffcd995686,blockcrush
0xcb64555abb2e08caa77fa6ba94926f228438da6f,Harbard
0xcb64e237932ba76f4a1b4f63114dc965fa4b6428,valdemar
0xcb74a6fb0113671b92331031e6274a4318472742,Astronauts-treasury
0xcb75c535745844ba162e1528e889c21d477dcbf8,oluwaseun
0xcb781a5120dcfd5206ec65128db7c5a881629b12,ETHDam
0xcb7d348ed68805ec625022bafea6730f3a2327d7,MilaHorvat
0xcb87267304be889dc7ed825df4798f7dba3aff37,Double or Nothing
0xcb8a4c478171bdf2e2e36ac08ab3e57f7be0dd81,FullNode Test 1-minter
0xcb8d7491199c2f7d74e4c93b284a2d9bb361d854,Hildred
0xcb8dcb637eb2b1aeee644b7a974c0ac7949b86b4,funnyking
0xcb8e2a341a63e4fa622b00bb77ece921a5fa9d76,hoobi
0xcb92fcf1575709da6b1a0239b663a8bd9efb3e74,Christine Kuo
0xcba08e381b26d5091a91ba7c531a66b2c31eacfc,test4
0xcba4d18e9fc410e8d10af18306b7311b6faa89d2,invitedbythor
0xcbd0619eab0cf5f9b3d6d7ad6f66d72a075a9b35,femolala
0xcbdd61aa2c7ed4f2d98f849a774da0054cf6bfde,Ramon Canales
0xcbdf2a2b2c7417ce9f10943d44d590058418ac00,saragomes
0xcbeaab4b4146f8857ce5e4eaa856e77cfe3ebe26,crezno
0xcc09029b0432b7993f0da36a985d8a705db927f0,franchesca
0xcc0be0282b81ee373d2f40ab5210bfc23ddfc3bb,shashi
0xcc1b071e1339f9bac3cd32a493629dc1e12cbcb8,VouchGate
0xcc1c79826ce20de1f0691d52ebaf08bf9cb75fea,TestLottery
0xcc2f4689a09df2e39d2f16168c9bbbbd85c28056,geo
0xcc2f5d4d3645dd08e96b03ddf717ec799bc9d2e2,newlas
0xcc2fbc97fa5e5333e603df6a349f411c1d5cb569,h
0xcc3a76eddf943094a46c59815bc59e85904d7191,Alexissmith
0xcc49b6a293cd5656dd5d857b7f9985266da76477,Garcia
0xcc4f547fa67f2a4ff79c8eefb7cd1aca8b1efc8f,0xerminija
0xcc510a2d4bf1d6374bd1f2589ead44af0d081d83,Inn(er) Circle Kassa
0xcc5127b4b2d0c4c0fd0b37d2267e4d5e6a3babbf,Evangelia
0xcc56cc56e6cca54b819a7593b52afa736c58dbea,Luxembourg
0xcc598539552e71ed6825ecf74e30c2eb8836f1a4,zCase
0xcc65149d6cca44e3b7c7a310492b635d32ba4210,ngoclan2772
0xcc66db5f424d607a719360d5e9ae748be7cb82f3,Keith Craus
0xcc6d932f89a7156014ba7cfd06751ce0a9e1f8fa,test09
0xcc708244c107d8d64b26e4ef664c36120597dc84,Joao Bobadilha
0xcc73de4a6bca0d5ac8ff32bacb51af4d71eb924f,couimet
0xcc79c9f6be5522047dc85cf2b3fa81dabf6c3d5a,ABC
0xcc7b4f32c5fa3e434543fdf6de35c85c2847e83d,Killian
0xcc81051b1d6b2f3a8ebd467e48a92643368e850d,lefterisjp - deprecated
0xcc9e03de357b02d8c47ea28c00d02c2125a11355,SDKGroup2
0xcc9e3dbcd04ec94e0e7d19ac1b3819b57f49c6c9,Students in Dublin-mint-handler
0xcca30a3e647449c0bd040d31c4f287c2bd88d453,Ioannis Karyotis
0xccb3ec03b6d70391ecee26edf1f67c393e419cc1,TestCreatePopup-LBPStarter
0xccb5ea4526f51d55e443a181504fcf780c4126b5,Lingfen
0xccbbd614169e94b6266f6049c5fcd3cec67ff720,teeeeestt
0xccc36d89937576cb1a687a90f91556b2cc903ffe,5 USDC Lottery
0xcccad72fe9e262fde5fdc7b845b231ed7ea83cd7,c99
0xcce3fcf7ab564d15322d9e70c9106ac18f51f172,labs test-treasury
0xcce619f8463be1fa6078241b05169e29ecd00a77,schwy
0xcceba0a3bd35d77697361ad9dddfa75139c24c45,goodwin
0xccf58b10b5f6e636031d296e716df18f084ae75a,Melisa
0xccfcc90f56b025bd7851a9df4907e558eaed3c5d,Pat
0xccfd24c0104b31c096d3ea45e063707a198ea654,vbtest164262
0xccfea6bfafb266dbc25ca6218dc06a9d92717245,freyanilsen
0xcd23cb6d8ae960844143f4a9e33b99669ed2d895,LeeRich
0xcd326b78c330001c3f19f071d7e1175497d4ab93,Lauch1958@dayrep.com
0xcd408e1cd19645ae25c86d2002a797e185cb90a5,benedictvs.eth
0xcd453940f72aa6f9ea1a592f64fbd6ba42332df1,Calscalox
0xcd4e354f65b9dae997d4680dd43ee6cbbfe3488d,Davyd
0xcd52c66a65804729330f26c607f611745a17098e,Will Manifold create predi - add
0xcd5417232221ac16b557cc648760076a665182be,Madhur
0xcd58beddb1594d0c391a802eac0d63f8825d96f9,danvictm
0xcd5cca176b8686c08fde4f70071a07f2dcd73490,BieL
0xcd6713f51c3f751a99e8469776f7313468a70bb2,CometShock
0xcd6836c25c718bf14d38c7ca847accb05911fac9,f5group-mint-handler
0xcd6e7cf931547bf1e1f296f72f2596e0fa0f9b1c,tatz08
0xcd876e47ce503ca0687ee83797ff9dc406c5d001,MomoFerdinand
0xcd93d4035efb52df1eac8e4127a7ee8cb3cc4bc6,zkpedro
0xcd93fa4fadfa1d56aaddcf00653984af3002b8da,digitaldubs
0xcd98c7cedc713c4a453eb64dc26241f7f5ada1f3,Vibhav Mishra
0xcd9e2cf8a84fe818ab4e19429799f84bffedc40c,testvinv
0xcda0a35cde40caeaed2cd965951328f4eaeb24d0,catharine
0xcdace36d4fdf8a61fe11f4914e9c57161500420d,Kevin white
0xcdb6dacea76f980ba53cbe1d48fffffde1fdb9ce,Discord OG Group-minter
0xcdb8b3b81e65fcc36ca2e082148135ef0da36016,hania
0xcdbb3a78cfdf18355a940df03abc020db72e8e09,mariodm
0xcdc013398e1c518291524125a62a95ad8fdb26ad,Denisas
0xcdc3323b8e9599d772da475cff1c3a4b5c56bc91,Vitalii Bulychov
0xcdc42b8407530d7ecf25c2f83126b63e58a92252,fasad
0xcdc8a1b582ad47da63916d08bfc9e4e8c4828724,ericsson
0xcdcf154757a2e039ed32de7be138f1621ee6c4c4,p4u
0xcdd64d1d9d084f9c2127c37b70ce97bc35bb6fb1,Ondrej
0xcdd6c0d4213be89cb99d127079b9f19f14d28015,Alex
0xcddb91ad2bdd673f08d3dc3f091a4ec0c1c83b5f,Erik Fornito
0xcddd91c46d8497ee9d3642e93110befe67221d55,NFT vending machine
0xcde080eeb28999607e5462b342b37b17b5ecb5a6,gibwomble
0xcde8e4c5e2c6d5531e44e7e44ce4ef3d03c88b2d,Nirdosh
0xcdf1f8088bf2ee95a9a0866dc83fb1add0344f10,marek sepp
0xcdf6f3ef6837c63712245d8407985695b6e59138,Juliana Ferreira
0xcdfb63bf32b13480e3a7b0c3041cd6433ccbc0f7,pudgypenguins
0xcdfc075c679fd71339a9593037d1ba47614ed563,Kenyie
0xce0ab8fc99270600bf027520ade0a438810ef422,Strausberg
0xce0d226d31e4b8a1bf53b7697c580ce12a562d18,Aavegotchi
0xce0efdf711d003f231d39a31d166ba00cd32160b,Boe Huntress
0xce103cd977811d73ba4bb0472886bd89a9f81f4a,pelin
0xce130f5d4b55a81a1f7dcf2b5556dea2c42796b9,0xharry
0xce1aa9c00edf1f7d7147051073d7d69ac83ec246,aime Voltaire
0xce2ff784ed1ca584464f17b90706470fbb71769c,0xCe2F...769c
0xce40fe11a3f6f02ada6abb35e419b879a3fc0406,MimiPie
0xce53ae75fec277513a5f572de704c1536cc57a82,Israel Ambriz
0xce556115cc7b5ec547b3278f7f40df2f93cb27e4,thebojda
0xce566b8060cbe4094190b983a163bdb91dffb5c1,joseriye
0xce567208f14b3411931d3811b0fd3b18c2401dc6,1 USDC Lottery
0xce5a552d75011d5fc6a60fa4de7299b4bbbf4827,socrates1025
0xce8d5fd6d1bae149e0d97b1672133c802927beba,Second test group-redeemer
0xce8ee4148a6be92e2db0c0bedbaaf158bd284161,wood
0xce8ff2c9d13c5a275a467952233b5b2327d5d2c8,Miguel
0xce95259219e48bf081bc98c30a934c507fdc2f08,DeFi France
0xce95bf1bbc3aa6459c37dfa0e9fd4d84b871ca23,Fernando Henrique Cabral Reis
0xce9ec34996ceadf45b2e5a15e6c8d5d9b73db7a4,LiamT
0xcea60f149996e32f188d5be7c576c606752bb635,Foxys Group-redeemer
0xceb1d769f621122225fd8ad7c15d6821054168bc,GROUP TOKEN SENDER
0xceb31a705f189940f09e986a4c51a48544ac126a,Daniel P.
0xced56a0d75a3486aecda646c7be597443cc72d78,Applytolight
0xceebded89df89242a884d5b8fd36f9a22cbb6931,Samuel Paulo
0xcef1d33b58f61edb76a0908e8d938c59847c4519,ME(E-H)RMARK
0xceff649390f543957a31c26ec1048b7e268dd5c4,Erich Schnoeckel
0xcf057ea46a4085650fbd9cfdde4d1f49fd0abcd3,AntiD2ta
0xcf17aea66d3ce922f282799ce67369eb2d7321fd,0vni10111
0xcf1c61a850ad654887a7288db52cf151a2842a0d,dyah ayu
0xcf1fd5cf7785b50556cffdbb2e1c0ea708408b69,charles
0xcf2265dd67f1d685707a168e43717aa8aabc510b,kitblake
0xcf259097d2c3ea1541af86a78cf70f1a53d65522,someTestIYa
0xcf2aebefa8435beaba9cebfd8bc32cdac8a131d7,max
0xcf38e94dc19d3d1779dee4a38dbe6ced81ef0c57,Andrei Jiroh Halili
0xcf3a2ce4ff99237e07bf55e01944a0d8909c8ba5,alex
0xcf3e6e74922855148e1d98b80cb325c2c36a5ac2,Circles Utrecht-treasury
0xcf4c97ab6cd188bf910ff8ec6f7361f8e5a72037,Ojars Skruzmanis
0xcf5f0c2c73ad8806ec5169386ed41699511c3d76,etherflare
0xcf6abb72112fd517094f17a0f8a4064ebe7f98c8,Lukas
0xcf6c3fa7954eaa61256daab01ccdd8febf5f891d,Certified Baristas
0xcf6cb65719eb0fa424509db09298d933556a4639,lizzie
0xcf6cfaf97fc0d23b10f9cae71bb9bf7e94d8cc45,Maksk2
0xcf6dc192dc292d5f2789da2db02d6dd4f41f4214,franco
0xcf708283d3fe77071949632948a979a64e06dc97,kaytech
0xcf7793b2b5f9494f7059db6a2e3b18a176812d0b,ayub
0xcf7aa59670abaa7b4a8bb8dd924497299010229e,Kevin
0xcf7bd99c23e226656e4959bfebd912175d70ada4,abu
0xcf7cd24ce0afc7a0675ae7e2837a8de82780bd7e,i2e.nl-LBPStarter
0xcf7e538e7dfba5654aa0162d64c68b16ff804e31,t3 crc safe _5
0xcf7fd3c9666da27ab127f89c1fb7c3ba66979c5a,NFSociety-LBPStarter
0xcf8d37df42b89b602e04c7a223f5c9feee5e720d,alwyxn
0xcf8e0685f61a35279baca6d30e76321f82590743,Fischer
0xcf95dcbc36f543c8ab274aff41c0e12055f24755,matvey
0xcf9800eec9632b9c06ad6460133d2cbfd23798bd,laurence
0xcf9c83b8307f8a284d8f572a1b0fff40b0a76f63,littlelion
0xcf9f0301acc0e13793a2e92d84e7ee543289dd9c,0xcF9F...dD9c
0xcf9fab9cbc4e51cbba6e7d05d92c0486426bf03a,Will Circles reach at leas - Yes
0xcfaa763f6631d39f4e29d68867b1b9cb955909a1,Mehdi
0xcfb38b4644bee6676773d144467302baf4f50217,dionna
0xcfb71c7ae8fb03573888cc0a8394ebe9e5e5a2fb,Martins Test Group-redeemer
0xcfb814d1162a9fc97e4520014ce09c284aa16248,looptest1232323
0xcfb89b0c499eddc48c8d3ef67c1fed0e319401d2,CRC-Limbo-mint-handler
0xcfcbed5469fdba751aec350786dba3b2ec7254e2,DC
0xcfcea7904f42fd10e32703a57922e8d2036e3231,CSM ICS
0xcfd63de9e560726df673ede0ff84946e61be0358,Logos Circle
0xcfd715c177152e8e58f72f8efd121104dc8e8212,LaborToken
0xcfece041486b221773338e9e3c8c9889c575c66f,DMITRIJS
0xcfecfbfb738f8e0160ea314125572daed28f539c,fgrwfasre-mint-handler
0xcff24b0531e374ccdc8c95cbdf1bd980d4fee701,frederic boers
0xcff77183f3eff8a76f1cc249bc8ddb377107817e,TestNewGrp
0xcffce4241b0899e93dcb1879e6e69ecb6291f631,Malcolm
0xcffdf221bc227cc7b6bf6fa922e74fca06c163d8,paarroo
0xcffe41baeaf8fac0528fccbb7e5efd4d425054a1,Quinto
0xd005a3618a01dbf5ad547b6ec55dd2727e894656,TestGroup
0xd008e99ef2ca8dae71105b1eb79531a252ee65b6,Selling 5 USDC for 100 CRC
0xd00bca46fc35dec572fa7a56e2db16c618878629,PrincessRewardsORG-Mainnet
0xd00e347fc86ade6a7f1f79d584e36ea31b190661,larp
0xd01393f09d3475101f4709aadb7b70c81dc19bf4,auniri
0xd0247dad8516be6e5fe574aab1166b0d4e38a10f,Gia Duong
0xd02636f41c9b03c5b434120a70fa9c84315a99b5,+12GpTest
0xd030ac6cb5f663b28706f4444aa19294a4787f5f,ikako0314
0xd0329fbe68d988f312e8fbe44f9188c80cc52376,passa
0xd032d0877b7e688f35cd572341449acc2e64c97b,Bankless Academy
0xd035b5e293b2a86b83fb953f5d7439d2c33e562b,carbo
0xd0389f119182ea2be5f507134246092a6b6c5461,lorenzo
0xd038e7be671b660029c275a57cc15573358f9a12,zufuviqu
0xd04249e7b27e978c3cadd32e07a8d766b7ce60e7,dhw444
0xd045c7013bec5ceb4b2c597d44fec32fc1541e67,test-offer-zrm-test-setup
0xd046ed839b76e54e108116f2ba92b404abadc703,christoph
0xd04d08cf02b346633ce46efe24dc7998f42fb8ab,shameka
0xd05058b2bda24468525dfc82cdf383bd2c9394cc,palagno
0xd05490097c33df63167d0c986bf85fd5599db901,notifuninvited
0xd055143b8e19e08d9aa4e3ed784383f8ad1f9ab2,Olivier ADAM
0xd05c31bc418e61f6e8aa3be8c758f8672969b22a,Valentinas
0xd060d762ad4768a1775e31f8bd25ee169836371e,guiller888
0xd067f1c394b07cadcba8e89f86ee759c4febb92b,Randy
0xd0682d3bbcb380ec12e7752a33120f491adb3444,123Group
0xd074a3fa6cef43a4ea47ae6e5395b053d3aef07d,SafeBase
0xd07693963bcc1f007adff51536ef73d4938aa239,hans
0xd07cfe6b5187d15d12c8b61c7f1644f527251a11,test_group setup 1
0xd09d2784bcf8ad59f8520f3b0c7c40e1b643553a,chimi08
0xd09de4345faa04949eaed8b120bd46831b866238,Samito
0xd0a0959c50a5decbb1079ea1314bcbd6061a0a57,Dappcon25 TicketNFT Org
0xd0a54ad83e56005ee821443d02a88c91d6aaf703,marcelly22
0xd0aa1cd5f420a5dac7ddc3a25cc2dc09c06edb19,Modelo Time-treasury
0xd0ac43efb7a1cf4c5c1dd1e54ba7b3c8a555d5c3,0vni30
0xd0b83152fa2979df4b9f2082c6183afb84767d6a,Test-mint-handler
0xd0c899ee3f45b50384431aa38bb26b96f46f201a,LG4
0xd0cd6ded67d20ea39f243b499b34a7bbc1b3c5f9,awesomlylonggroupve-treasury
0xd0cf5ddd8d7008eb0ceefdb1963932c4e07f5c7b,Ludo
0xd0d0a60e769ef0987a861e06d3e87dab75fd456c,Pasanaku
0xd0dd55e8f12073900da5e04635dd541c21849898,Mohamad Ali
0xd0e05a5a5b935e173819f8fd98040a845a045595,Jeremy Schwartz
0xd0e22167b1a7e69397772a6e650f1fb320f67e2b,Deima
0xd0e640071f7d247398462c84fe80cf4796d40bfb,lemoncake
0xd0fa12432185d0d92e2763082b48eef186c2362e,Yegor Budrik
0xd109e2b88cde4c9d965dead650cfcf24647d5ac2,zhangy
0xd118c1e0aed9bdccaa03ad9b9a82845e1b8c2160,Hervé Santa
0xd11fc4ff9aae322951f8d95ff26413feef65d183,Marilyn
0xd120f1b0373285afe1dd9fc81663d746b663e349,ibangptest
0xd1483749abdf682ec91518f8f7f4a197d4d7bbae,Will Circles reach at leas - sub
0xd14baa90a4105c9c36dd714f0be79d0d428d550a,kolibri
0xd14ce9cfc6384590c6b77436dca212a6bcb2575f,xxx
0xd14efc196fb0193732f47d4427a3334adf272e2f,Shiptoasters
0xd159c102b08b59bc77d3d5f5815621dfd1703bff,Filip Chromý
0xd16174ac20cd081e178a7a409d78c29041eafbe6,TestGrp-redeemer
0xd16650ede94715bd8b5d039b785e7e88e4588868,0x7tobi
0xd16a851d9913acc764970f7642864f09771b5546,jn
0xd17218a77bc1e91477e8fe95aab67a8b2b5c3fa1,Jo
0xd181a6ae471a61d44d8046a67b6bd4e675943e6e,Mitong
0xd18d75befd64aa2011c700302b566dea5d34c8bb,Rayen1201
0xd192057bcbdfa0c0792108ca0804d17a7a37fdda,0xD192...fDdA
0xd192bf2755ba0b43b6b63b996cf460a6922fde5f,LunCo-treasury
0xd199772de1d7d3696445f12cd76ea62801975d04,Students in Dublin-treasury
0xd19d13ff77d962b18d2ac4cda943f8ce2d74089c,LG4-minter
0xd1a53ab8b25b3a972818d350c17e753383170034,larhmacuz
0xd1b7ed3b356d36310911cdcf7f2080d913427f16,Stardust
0xd1c2f76395da2772556e78b33ff95ebfe28e9a6e,ShalexVivek
0xd1d3dd04fe58cf11b69729e00a903feb05c3c276,Bheemesh
0xd1d5b016824d75f0fc271f0c3a352848b771293c,0vni1001
0xd1dcb238f0102d296e28ce982b7fa03e299944dd,NeuroCircles
0xd1e5fd10fbbaebde82190d08626e831af5d18375,Commons Hub
0xd1e7b3a2c33d2dc1f42e4f54b5e852cf373177ea,guich
0xd1ea1524b1381025d58e10b871d85b06d02ca777,edewdwe-treasury
0xd2062c42ff6f9ea01fd97a0e9612271b83d17932,bullish
0xd20ac13f2ca604c4658b9856aacfcc2a239ab0c8,kai
0xd21cc2293bc0898cf7c689b75b5e92a055be2cd7,stackinbit
0xd2372854d7f9f6fe8de498a9dcb7250e7d41ddb1,MR Windmills
0xd23ef89de63888ed463f4f6107cf8abd71e2eb20,TomasSikora
0xd23fde394f7154bf88b835463f00069f75c0915a,Arzun
0xd244537fb5f843b1e0489e8da8b2e4fa22d00699,dahlqvist
0xd2447509a556556f428b3dcd26ca3156fca142fe,agustin
0xd24760a48aed583aaa7c91aff8c37e0ba7be34e3,Nil
0xd249e953c2ddacc3830f53eecfa48ce488d7a281,Bagassstp
0xd25636d1ff3d4c08596bf2e8529615e33cbeb39f,flatmate-mint-handler
0xd25cecece5929438da4b37e648c2b9f65b23120a,mkflow27
0xd260df087d120502424584852d91fba621c5e7fb,fripon
0xd2633b0f1ace291a2a20e1fc4a6e825d9f1ac067,org-sink
0xd266955c38ca43f0051a0cfc688a16c3a7762be7,SoliPonics
0xd2739c00307a3ca19bfd939ae7b31a9278807b29,empty-mint-handler
0xd273fb72575d0224b09fd7560f7981d59323ebd1,542
0xd2748f77b78064eab3dde339895a3e861885dfa5,jasonyang
0xd27fc8197d8c2840d4c295a9816591206211b822,niklasaa
0xd284d3f4ae5d26ae8d76631a418f533923996455,3MI Labs-mint-handler
0xd2872f771fba5e58660c8e908d9f9b6183b1950e,Nike
0xd28d4f3ab4db33850a58578df77a041ee4594d33,Andrej Tomasiak
0xd291285d1e5a7b1b3ea6b4c76a45d4d31334d054,MINTHANDLER
0xd292eb349529009a26445243f5091e5b978d88df,CRYPTOSCAM
0xd29f6315c315ef9029091e905c40090decbaa259,electrapower
0xd2a50545457607663bcf1eb437a71060134dedd7,Sebastiaan Nijland
0xd2a62a63a7762352c12ba862592f60f0b2bd3918,Verein der ME(E_H)MARK
0xd2b4b97bb3bd13a819b23cc32ce86b2c652b5a66,my first test group
0xd2b934b5425c918736c494437a5b627446976243,Muhammad Hammad Fayaz
0xd2c3ca13367f860f4e13f0b342143fc69438603f,Daily 100 USDC - June 7
0xd2c3e707c95f651f40444b9fe22ee818aafd89c0,TestLottery
0xd2cd810840e256ff2444f1635a9fb018174e6e7e,rebound
0xd2cfa9d687cc528d63bd06c7f5e6dbe23f490ac1,shohamc1
0xd30044d2e1b5348ddb444858af9cc6360016d40b,0xd300...D40B
0xd309a0ae2b9b4fc927cb852ccd6c3dbee25b8628,Samuel
0xd31270e007d35ceec8fa2d927cf7907426109936,FFFF
0xd31b88ff3ac969a23e261e791aadf82a7c4f21f7,thattallseyi
0xd31cc73fb3d52261cf5ecf828c9d8e376cadfe1e,SafeBase-mint-handler
0xd31efd7f461a6dc6c33c518d4dd3932c35e6d9b7,smTestOp
0xd328eda383e87137990d3b8d23c95349cfa0cf25,Simone
0xd3295e435ba21c8c2848a50ec7d0540ca47a40f6,Dappcon24Tickets
0xd332f3f18819beeee6377a9be65658c7506387bf,0hmzaa
0xd3368ae9a7b5e1051003567d8d30e21796a5833b,dooglus
0xd340e875e7a68e828710b4bba094012e1f43bcfc,paparapa2
0xd344daba2ee41f40511a6b78cb7c2769d10fd68c,gabet
0xd34790b26f9b81064733c7c1df30d829b9b23b2c,Trump Nobel Peace Prize - No
0xd349394c25798d40fa8f32b88f912b357b7a7bef,Sotiris Hadjimichael
0xd34eb89683109fe1475c2cc1a803cb73b5694ac5,casiojapi
0xd36b1b83a7d9710cb3e5882b7b327561b889370e,kcaryn32398
0xd372373bbf944ce4ef52249035de68c5c6373df6,dummy-score-group
0xd3796fa5f0a7f0f072cc4872388a1e3113f8d980,Davide Greatti
0xd385a4446422f4746bddf4c5e3ddcda2a0adf983,Pathoultat1977@teleworm.us
0xd38a2d37027b58a434a2c6d8bc4f201126f328d1,Win 1 dollars maybe
0xd3930223f7c4836475fa72a43fa6c1e308d52f5e,test 1000 circles
0xd394699be29751cdb0bdab056f35ea0c08635ae2,Noam Cohen
0xd39754d61d9455878dc63a8049fe03da81252f04,Tânia Raquel Ferreira Mendes
0xd39ae231303d6a859d7825392c34f994675d7d3a,King
0xd39c71ec46dbb78284114a7054805587e57ae7f1,Tuork
0xd3a029a49196c47c8c0fc1c6afb729052ee501f6,FromSafe
0xd3a179f0c48873e54ab17a4a5c907ab6a8d4a289,Melograno-treasury
0xd3a5e2e06f36fda6ee4b09d87620f89bdf7b20f3,jiajun
0xd3a8183030611f7236dca8a41350b2711356c3c7,Catalin
0xd3b56fb9ebc83cc62c7dc613c27b286ae0cbf006,Lucy
0xd3b9fae4c6f11565e6c7cc1ed6a82066d457e830,ME(E-H)RMARK-mint-handler
0xd3be3791945382acc90f8616208a476eeed7dd45,guandao
0xd3cad31e30c6b51dabbec3c5968af67ee8317f21,Maryofgod
0xd3dee2791454f878b869beb9110a827516b7e79b,Buchi
0xd3f1a8b3c236fe4dc1cc679035f5b9013b391a1b,456
0xd3f3a7fc1087fb2514242f38491731349ab0d429,Buddy
0xd3f989b17d8d409a2d2795eaa6b187bb012ee500,cdsg
0xd3f9deb3c5e0b694dc3dbd6a29a9ec9fbc239a5e,shiryu
0xd3fad487dbd94caa1d263609e86d5f2c07e5fe15,Luis Fernando
0xd4031c5e33fc2bfefd7679fa01426bf8af4ded11,Quossim
0xd4206f79e8f96526008b006d934e65a218ec11ea,Circles Indonesia-mint-handler
0xd420cd7b21ac13858558888ee7bafe6012a33e9d,salvatore aiello
0xd427d259e6e11f7de07d67a287da9b13805dc9b5,SuperBenefit
0xd42c9c57dc241e7ec0762aa1eace786764189d98,Those who know Berlin-lp
0xd437e0a5370a567b56a3f28cdbb20a3678a8f657,Matty Roses
0xd43aad16691387103c372faa62587386b4064ae5,alien
0xd43cc5e99e604b674ef73594b821590c90d1ab2a,juan
0xd447bdea939313c2e83654be3220e87fd0d7bdf6,karl
0xd44b97ee795c2807840be912656510f9702ceea8,einstein
0xd458057b2daf094081f324cf0e2c8c2c9e899e28,Mohamad Ikhsan
0xd4591b6f845c0c496d03a4eab3a8ca4304efa60d,Full Node Kudos
0xd4679535294d928d42450d29f109a79e4d8daa65,Victor
0xd4892a1dadc336674c6fcdf701b99bca8930eb95,Fábio Ribeiro
0xd48b07a11c902b18f4f69efd78892981556791bd,Daniel Onb
0xd48dd05ddbce6a88c66706728f2bd518e15a71d3,i2e
0xd490625f0ffbfc8f259a095f34cae27cc0ef81ed,冰棍215
0xd494e7d3c0acf6f8f443bc52546bde388a40c2ed,toko
0xd4a81c1c5b9416865ae46e710201814a7306e1d9,nonbo
0xd4a958bdc05b763017935edb8e63e85384b48154,ivantor69
0xd4b9c2df03c31957e783c58a1b34922a157fa1a9,v2 flow
0xd4cc41014e56b7211f44a20b953056299d5c05a5,Circles-Faucet
0xd4cf9afd3ae777c24454b70dd28e32d1bd516f05,group-inflationary-wrapper
0xd4d38fd4789a1de1b6fd32d2fded18c93ea377fd,Satoshi's Secret
0xd4d9b9ccbb8de9114f9a2763b10a3a883e4e92a6,niceday
0xd4dd7ba3c594d98bd32f7bea3a1bdaa7e66fae54,VouchGate
0xd4e69f1ad8962ec7abc3213e81fd3036c3cc4f71,hyperstitious
0xd4eabf17651e37ad947344b2ee1b8b66ad77bf87,etsuko
0xd4eef02e89e5e45e550b689ead45bd90ebcbabdb,DollySkull
0xd4ef15ca62b59c0b992a66042a98f013bc7def5a,malaysia
0xd4ef83fa720099df449ef35013633dd65756b9b0,Antonio Vargas
0xd4f305e89b0fe04cbd8a26d5d1b78a79d4becdc1,ipodrevenge
0xd50355afe84eed0d5b51c6b71c94aa1331c8eaa1,ArbBot
0xd50664d2ff2c6e781a3a8ba2a21acde633ef7a6b,Martin's personal Group
0xd508bbe331612d051f2af36cce3a4276150dfe26,Opedy Shusu
0xd512bf42d45f53ee802e7f4666b91d12b0f100b2,0xCabrel
0xd5150479ba4d832669e8aace35f090c93609c572,Will there be more than 6k - sub
0xd517a3ad55a99e022a49ef913a8aaf3747aa5791,tilmannb
0xd51f2eb7f283fd8e883b4852da6afc1118a23ef5,Saskia
0xd5312ad4aa0189515423aadbad05d292d8aae5dc,Artur
0xd54455e017d8de517136de89a0808c53f409df02,GMC Group-redeemer
0xd545ec3f25451be5b25047c3f83a7dd5597b5744,Papadopoulos
0xd54b301061692f2e5310bf3afc31d2cf7dadbd4c,fkd
0xd553ba32c07d17602584ecb5945b796c347da94e,phyisical-item-shop
0xd554e7d2daa6a59a93c2b9a1548446d0b99ac74c,skroll
0xd5575ac2da4f1a8fa962e907099474ab7f20f772,CryptoRastas Group
0xd55a912af5639a6769ae5c1894c0c7bfb5bf539e,Lenormand
0xd55b594c8acdba9c4bc34a62624947d04a03669e,ae9rc
0xd55d4c7d48d8a4a158a1656356947bbf3f33f8d9,TestGroup
0xd5663661a2e67342d1cac07db3c14ed19eb106dd,Rio Rifilino
0xd569ff0d041e90a9580b75872799bfb6c6537d75,LALA-mint-handler
0xd56cca7dadd5ac00318d0460bf1dcaf320079732,chacharat
0xd56ff0ae422d90b8aee26460373c94101d758292,wanghong
0xd5741a56ccde3ac9e0ee4f801cce2e8791fb3bed,Man Yat Fu
0xd5772c7f3bb4ff06f956f19a69d4f08c2d22cda6,worthalter@POAP.xyz
0xd5789275be40b3d389a086c05c34b5de31257d89,Suryanamascar
0xd5819ce8f662e81a46d34c5e25de6b41c92a011c,Shafik
0xd5826008da6fec66ac6ac962ef2bae03a9f57d07,mjbeauty9
0xd586953c672f2419ffaba73a9225ab2347cd5a06,rdtest2
0xd5895576ec881d564daf6754b8af0e05344f31f5,Balaio-treasury
0xd58e85bd98777d102cdad50c99cebb39cbf671a0,Bo_Junior Giorgos
0xd5925cccf06fc1da0443ab00bd96ae1535ff7f6d,Nicola van Bemmel
0xd59eacf8ebfbe8efb980a330ef38acd75af71a8c,GNO Bonus
0xd5ae31ea2ad93403422a1977b70c5df937894f63,0xD5aE...4F63
0xd5be78708900c33279d70c82b667091372b5dbb3,Frutero Club
0xd5c278061f76e03d6ee1d19b4e0cc9d566d5fc09,COLLIGNON
0xd5c5b5cfb815f0333898d5fbd6b760f32887484d,Andrea
0xd5cd758320d39dd5762bb3ba1527347d92a92bf4,arikg
0xd5d881846c4fbcabbb7a7e7f200be19b324f1e4e,Davide Genovese
0xd5dcd238012297e65a6ace7880e235f2293b4518,madricas
0xd5e64bf6ab8018422b0f4eaeaa1d9e8cc253e833,ScoreGroupMintRouter
0xd5e787b7f58f1225a63ba73a6661e3f5afffec50,Fileverse Circles Offers Pay
0xd5eaced19d539065cd090bb8f6988dd370fae485,TestCreatePopup-mint-handler
0xd5ec7e038b24d6bb8e1af8d7fb093a3565ccfd92,0xd5ec...fD92
0xd5f326139c67c2ae378dd45cf725220e0b8c49f2,avat beckham 2
0xd5fd605f9f84398209d75338843fd654057bc30d,Boom
0xd602e2cc5a39fafd4ccd8e5b00fb8c80c4d7a410,Sea Fairy
0xd6069fb34eda96a451b56537309e44a142313198,Adir Benlulu
0xd6086498d7cce833b60d1b8169a57d925b9fe79e,foundation
0xd616f38807df90c4b777f101f9ba9c0f91e82bca,hijji
0xd622c5bd5e5eba02194c9aff5c83f481ef908769,PrincessRewards
0xd62dca0f9d734af40e286574791bc7a6c1020f6d,Circles Indonesia
0xd62f3c6be1a8e8c2aaf750f9a294e3a6fd4f6cba,wallet
0xd6308bf394ef2a82c22749daba5ec2ba0c3dd5ab,Reuben Farrelly
0xd63496b2489f3b660e11a3cc70e0d80160d3e649,Ross
0xd64d5cbd8f9fb04ae54b85d093695eae11cc7c54,SHERLOCKHOLMES
0xd64e34d8fd6a649ff3fe1fba15f047ae4043a1db,v1orgmigrate
0xd654c62211418f58a8e78d0cbee6b426995d335e,sdf
0xd656500b1d496114a6f41ee4e441df115025a5c5,Tiziano Piga
0xd6593e8a265b3296c5cd421a97b4b34b7ec9f14f,sseyen
0xd65a5d6cc2a59dff731b5b015e46a288ecaa699a,muggi
0xd65fd65a5e9dc55df44584ad6fc27098ba0d95ed,Ammy
0xd661ab6a94732d89fd4e277e7833b721a03c65c6,huynhminh62
0xd6699e9a705d19f8f3ee95536d925eba391cc38e,Marko
0xd66a1ccf435799cba5310810aff730c6ed809e0a,alexander
0xd670e35474a8b244dcc0fda20e0d642b6b1216a5,Ariane
0xd676aaf6bf72f4fa47e3f403b75aa0883244d5af,srensen
0xd676f4a4c11bcd5df11f91eed2a3c2c94730b264,Oluwasmith1603
0xd68193591d47740e51dfbc410da607a351b56586,Blubb
0xd68313f8a5cdf6087a5aa0da63db694c1815999f,jona
0xd68a81f8a3b5a025477da9eba15820a9891de4f2,jeffty abesamis
0xd6915d441571a2bfaf39f311e65155d1a12c8208,Maicacle
0xd695a61b90df9ff9ada25607901f2e27b2dc44ed,Test Group 1233-treasury
0xd695e8ee1e10a049bfb457395f69ddfd1cd186c0,GNO Bonus
0xd6a705338826b9f1df63e7de6c78f25140070e8c,thurolo2000
0xd6a78dffba899860a6dcbb7a8ca3c9a27aca58c5,Artur
0xd6ab2e20a4d0aedf39137f7435f3866d71a132d9,luiz
0xd6b2b060d5bf7dbb635491cb14e36e3ee94b6f78,cloversprinkles1
0xd6b5ce7a2342137f08bd1db1d2b993bfc7a80cc3,cuordate
0xd6c0e5dc04fdafaf963778b092b8883c9a54b92a,CryptoWarden
0xd6c0f0aab5ccda233976329385267be0b6ebf255,yuxiang
0xd6c12a253fdfa39b30fbc5d92b1d504bd1a2daad,Tesla
0xd6c21f25fcafe6f449f90fbfce3fde6ac46d2c66,Salvatore
0xd6d6f4845870c3473ba47527a5cae61763c3e81c,NFT vending machine
0xd6d8b37a1b62e02691d60418fd3fd80d97e5f091,mauro
0xd6d9d909e47e8ab4579762d2a252186c3a4f88df,BaseGroupTest-mint-handler
0xd6ed7be35a0201d8a0be1f2da2e1df1c64b49982,ENERGY
0xd6f0769774d8131fde585d131fc98ee0de908cce,Andrei
0xd6f371494dc31d867e9f8ebe995313ea360cf47d,Will Circles reach at leas - add
0xd708028e8bd13867c2bf027739cd52b5cf8601ba,obbenchill1981
0xd70f832e4357b15e8f2a4961466b5759e9d45aac,Alge
0xd715b79a11bcd4a193a78511ee22c844147617bd,Sandra Ruth
0xd734b05731c3151f7f3e33f71dbd99398fa71cd5,Dominik Doksanský
0xd735236e63c4ad7c4db3b446e83d82b7277fa2ee,Mariano Montuori
0xd738a60f125e4eb671c3b7082cac69477b06ef2b,Avilches
0xd73cd3b59b10dac45307eea4cf3f33222fabe1fe,Jean-Luc Picard
0xd7416fcf1163f94403b88246c0b57356e1bf36c0,Jo bian
0xd744eabd32c91304cc7573442bca6bd42e4b1925,Evgeny
0xd7466d0332393d7dc77dc667fc16d921f5bc70cd,Ilie
0xd749f377c94421bae01d8fa825665975512bd93b,TestCMG-LBP-01-minter
0xd74a31de79bc6f1cee0ca821c9176cc5e2ec3ef0,Luxembourg-treasury
0xd75094a0c4dc887185abac32e45608befd9779a9,George Todorov
0xd75329b6a1e4799c1de721ff6f40dfced8764b01,Will Vitalik Buterin have  - add
0xd756015c00897062316ee747e2a3bd25b734a1ff,bull
0xd76526184cf8c1f6c7e581d0ac7e8a8d3a1bbfea,Miguel
0xd77061fd97a301f10daefa19fe788965067537f6,LM Liquidity-treasury
0xd770efba1e002ec98920a3c9bb6d6a43e1ee41cb,Shona
0xd778a3399761b86d94a2654c95725fd38711c158,ema
0xd77ba441867f1ee68c650fdfa6e5787799dd18d1,alex
0xd783948c30c2315e2f5e1a1ef02d574cfd9c131b,gogreen
0xd7897de4c284667d575f1ef292da8ba2650722b7,test-offer-zrm-test-setup
0xd78a349840b88e982ffe6c73f0f1abbe5740227d,outlyingOrchids
0xd78c67e083e6e05198f899549f91f273f55fe16c,Phone
0xd793d449129ddc0e9b439ae1449ea965b59af481,brunachox
0xd79ad9f9ce5924c95b1646682767311b50963b13,Thibault
0xd7a904352f3feefa16f3677551a8e2bb4bd54cfa,TestGroup
0xd7aeb8ef6bc73effde18fd0d2a152b523ab549af,Will there be more than 2k - Yes
0xd7b73b5c1db285d0c012a4d8ec6f192e3204c4d4,Jérémy
0xd7bc8f73609169355338ee0825cea82e2ca9288e,Zanti's Test Lottery
0xd7c7644601db1b008f2652c414cad3f60b975505,0xD7C7...5505
0xd7cf6887ab343c35d7e149363a294b3d0cddf5c4,breadchain demo-minter
0xd7de5b82c7adf53fc830e44789a6c0eda6569faf,legaltest-lp
0xd7e9cb8c1775d98d3ed8524ffbd82af2004eb07d,Yield Pot-LBPStarter
0xd7ea81962d3c7c16d898522ad6a7bda3b916bed0,OIC Berlin Invite List
0xd7f3bb8249eb0f0feb15f0c394595c9f02026e83,Fabulous
0xd7f4126f05d0af60cf07e848f208ea483255b937,test
0xd7f6b828b7f6c73d46e77201a0c2cb86c19d38c3,SDKGroup-minter
0xd7fa3c4273c0289c4031bbe2ceff105654b5b84d,HDGL-group-wrapper
0xd7ffcb4cc09642c2259753f00590617df228f461,Dandelion-mint-handler
0xd804896cccb36bae79a322c1e4a33d1fcbeda60a,Jerry
0xd80a858b26756a2da72268faf7c27cc8af5699ab,Circles Beta Devs & Builders
0xd810fafb8009f279c8be3ce106245b21f1448962,LOOOOOOONGGROUP-mint-handler
0xd81105455cd3d41584ad95275190aac15b8534e1,empty4
0xd81240223f4f1b06f81d53f5bd2b5f50a1f1ebcc,valazam
0xd814d1dc46eb23e45cda8dbf599256564a5d7527,test-new-group-fiel-treasury
0xd81a77406f79c38a179af4af449bf393064534f7,test-e2e-group-mint-handler
0xd82573de98c92b7699acc9a3e4e894d86080a91c,qyu
0xd827d0f08458a55d4d2f2a904e4295ba39fff0ad,Glassy
0xd828e680bd5f77cdd483591d2d9d9988a132a818,MasterJZK
0xd8346a31d3a9ebef369c567ac7a822d7ee4e339a,Joonas
0xd8372e4c2f502a6f936357487c76bc451f5074fd,Lord Andis Mitrevics
0xd83862d0095d6c19a34f3a0cd484dfb3402a7886,Stefan Hermanns
0xd839209bbbd22aed67b8489896111ace6a22c53b,test CRC-GNO offer week-2
0xd8437077dc0e3b51c8df60a1113cdf488956b04f,PoH Group (Test)-mint-handler
0xd8449d9773d470711096db0b7fe67c4af72425d1,lucas
0xd8482c460babf122312dabac89c3bf894e8490ec,3.14159-lp
0xd84ae1ba944477c3abb595c765487a3007184c22,Matúš
0xd84ee0217dfbe424aabee2cdf321cfe3e65193cc,Oceanic Nostrum
0xd855ebc51fa81a6e677698d8fa7107b8fd861b4c,Laurentiu
0xd85a9896598079c179058e51b706d41030246d7c,Sandor
0xd85da4e30a229ea8436d37a7b52da1682ae38a4d,Kyliefreeman
0xd85fb24929a0cd11f633b47100bff343c06d9fc1,Tobbiemb
0xd869f32725f922a856b86c7657bc70d141963d4c,Apple
0xd86c129e01b557e1984a1c8d2e46c02ae2c7b31e,Astronauts
0xd8747ee13cfe405a903ec8444adbf55b85cda8a1,fgrwfasre-treasury
0xd8847610f3a56a88204af599c111eeb02dcfa6d8,TEST
0xd88dd3ff51646b654b45cc41615a325cb3f67b3f,gopiium
0xd897e0ab542137cb491dd594403e17729ba9efb8,Metri Testers Group-treasury
0xd89afa10ce571c2a6ec067b1cfd70cc32ee43904,Si Her DAO-mint-handler
0xd89f24337c77f97fc3b4eedb63161e1a67deb9c0,Test Group-mint-handler
0xd89fdfa95eed3f92a1f9c051385e3cf543d0593e,stefanbaltag
0xd8a0669fea26c8cae223d3f13914633c4b3ecd5a,Oana
0xd8a2b6d2931806535edfc88c4b4f4143d3174c86,Constance
0xd8a61c9d0001999782a159e861835a07b58dea19,Orlando
0xd8a784e368ed5d087d3a5a2963aef437aea79770,hedi
0xd8ab2a7bf61005cd3605009f8f200821a8ddac1b,manish
0xd8ba391baa21b1931fbbe8c4494ff0d9a62a0067,Jesse
0xd8bc0eb1299720acbb0bcfa17044ca0a0857ba4c,Coke123!
0xd8bdba0dd12f0fdb825c867428b47a922c535617,ybeamer
0xd8bde645de745e4782f2e524d6dd64d7cda4bba2,sacha
0xd8be64ebec3fe7d31eacf4338d5b2b86f19bc9fc,heym
0xd8c8e28bc25367f15722a3d0d404560d825e1078,Syone
0xd8d1fac6269a87abf251734357a3006e763ebe06,carmen
0xd8d67e71bb549cb20d526b17ce6b651915a1e3c1,Frstepytel
0xd8e27d1b458ade7a3094cf4ab38ab85c9b4e9a59,Stani
0xd8ea1cc503504d426f6d1a844bb14abd564025bb,cirrus
0xd8ffb9f11e06b29adc418e5e6eff937bd556b00d,Kerstin Ikusz
0xd905550a7d283186947e3b670a751a5b563dc2c2,Juanis Favorites-redeemer
0xd908a5e123279266758374cd57462e39414388b6,Khaeljy's group-treasury
0xd90de4262804ffea933b9f618b4f04bf1d32564c,pixou
0xd90f376b635d5686d9ee8e6f573b1f8051ca42bf,Francesco
0xd910d745a5b3da2e487864f39c777ef1362780a8,0xharold
0xd911a146b8d0df10b9430d0c64478aa8001c359f,Bruno Katayama
0xd9199b50fb6d6f2d59ed126150e2a91e0bce681b,MAO
0xd91eee49d46b4be66713dde59299bf0f6cd9b474,greg
0xd920353e7a31ed56b9846f879bae9c5197daa0c8,alicia86
0xd9217bb61061cd84f5809aece15ec7f0b8186f0b,0xmartin
0xd924284f6dda427298c9491d92785b2c4a76747a,greatferah
0xd926115fae1eca2029cacdbb65499e3301ce32ec,Dennis Schobert
0xd929ecc8e93cc0e00e4516e0a6004555c2028dda,Circles Backers-LBPStarter
0xd92e910bddd037eb9b615f6672e7651308738155,Tristan Isaac
0xd9325e744b1c3525f129f92d5eaf78ce3480f3c6,Inner Circle-treasury
0xd93447990a0536cd1c6096239568d3dcc27cc70e,jackal
0xd93d85a07ed026305c923f0b741f4d482562b9bf,test
0xd957f3bba2a38ec5fc0042642c50e6e7aeac42cc,anna
0xd95b9f13a2ac69bf8afbfbd0c7be399e1d1a883e,Tashidolkar
0xd96915c7b36fc6388e00360896eb41edf6b10f85,Juo
0xd9700e791c2f59606765ffc9c7c4906b054bc0e3,test6
0xd972541187c30d413ea7d25897c3c16ea5b83a21,Mehrwert
0xd972ffbb3d25020c421443b2c5ba7178d8780f7d,oli
0xd975cdb68bce34a975ebff34c8886b6b2819a362,huangfan
0xd98217f21b0e17d2eacfec503e20e7fe6c117834,xnatasx
0xd98ead035c3185d753f849ae8189c244096ca8e0,tonerochi
0xd994fa511bc92859d3d8c4185e47f6cda098189d,Charlie
0xd99a9bf978bee9e994e1dcc2c4915f5b986fd895,Test
0xd99c0cc75f53dc28dc623de2427de2514df95992,0xD99c...5992
0xd9a35b887c0c9bc65f527dfb913c4aaabe921bc1,Notre
0xd9a930af440e6aa67934f184ace7c8d203235618,vaszer97
0xd9ae963ed837de703e166cf37314032407c6ca94,Lorenzo
0xd9b44948a3fd05108beb6cd9484369e842a621e2,mandrigin
0xd9b56391cc9ca0b4b5db95401d747d9e33c1469a,albert
0xd9c394dbac044b8e63151dae131136d5af5a1d43,Alexis
0xd9d1668dfa2892e6007b05b2623f1f8edabf9f92,0xD9d1...9F92
0xd9e33be7fc0d979f395e46dd5fe1ba8063481543,rik
0xd9e95e7b1e9de1992a7f2cc679d3b0cfd8f74b5e,alana
0xd9ed3c104bc54652505fcc17ab2a4b5327827647,Jana
0xd9eddddc0231df4e018935d44b4e89c815f8d537,ui demo group
0xd9fa2f4a35899f7d1e5adb79592fbf51dc0806a4,Gnosis-sub-treasury
0xda044d5150d282219c35e3c14983aad2b201fbb1,Dupes
0xda1523db637fa18f9c03b854a34e31a7be9d1cd8,shayan
0xda1a29b6d338ab0b72015b7d77438b5b9e9c52d3,ServiceGroup-redeemer
0xda2f06bb44ee586d6bcc98fda31495fe3fe3eb76,rockygp
0xda417a862f38ce6cc2ebe61842b1521dc1c11749,Vocdoni
0xda42ca2735eeb613db72b1be018df2f4a4176d96,Will Circles reach at leas - sub
0xda43d07ee6a375c96b26bbf571576228ec86f243,Metri Test Session Participants
0xda606180d3d7ac699f817a2b89d02a076be33f7e,Yarne
0xda8117714b1ca76689a7ece37568b28f57b5a14a,david32988
0xda8571b2438a8c40ec4288f7dae7c06f124b8638,Circles Utrecht
0xda869e0f603864d3dfdbd335b6642f963cefce88,Euro
0xda8b1c9bec05234048f859e9c294a80bfea342b2,Dina
0xda99fdd0aea949ef7c0c6dca5607878e7539158b,Kevin Kunz
0xdaa5535c56e77922860ea8df32577edb42ab6792,Deep's Test Group
0xdaad9cb9a1617d86f081273b52b7ad92219a68a2,paul
0xdab049156888bcfc8b6414702470980e9373a916,GPCRC
0xdab2bcce077e0696094decfbee638fdf065827c4,0xrami
0xdac8843f74dcfbc00df8a2b7b5feff2d80b5eb0d,Janecrypton
0xdaca2c05081382b87d9578571407b4be76faa91b,Test k-sterio-lp
0xdacf91f06aa466276e874f1dee332b48ee0607c4,ATM
0xdadde26dedf514406859cc70d7f4a705ca474e3c,Test Group
0xdae135d38f7e3e73e2849f2639d6feee6eb6997f,tomas
0xdaeea5a2c59708e2f71b4e529ac82bcba12b64fc,MVP
0xdaf2271fdbcb1730d558c9f5691a8553844fb48c,Ohwhallex
0xdaf3f62934133a9390e610e9f60e88255dca403f,Jorge Branco
0xdaf4395d3106c2dcec88665b4756ee786373143c,0xVato
0xdaf4eba36cafce7da6ebd4b8d3fda5d25e5ec00c,Test-group-treasury
0xdafe78ffff143bad39b17fa9bd9407e60eb76975,jere
0xdb258e638170648074aa1bf9e7e4e1153dddb2cd,Pedro
0xdb49592a35975455b16068361943602594466b08,James Kelly
0xdb55516cb2a806a3381a84f0574bde6baa90f3bb,Rita
0xdb610a722132689e2e0ca2f15a57e428da5ef698,KPK
0xdb64161e6408dd0a21f1e90781f92f3891b12584,Daily 100 USDC - June 11
0xdb6673a4445d64cdf5fc4301d10782d2cf4aa4e2,luminaenvisions
0xdb7061c34b3606fe3272a7317119f04c6fa745b2,dunker
0xdb7082d06206ea8ed08b1ab53fcef26384f129e7,zcq
0xdb76e2b16dc43b70d216661c08384339f8c39e5c,Taha
0xdb98469682cc687afec7f165a84014070f8c0e63,3.14159-minter
0xdba04799b2b1b409be8d43bad1549b5ea4b02cf6,Alexandre Jublot
0xdba72b436b8494f7791b6b10c031f19fbfcb4d81,Sex
0xdba94478a2d2103a61ea0646d271ca63b94a90ba,iamblieu
0xdbabbb8fa4c3ce58b61c8067ad3246a4f52c3775,hellno-garage-org
0xdbb3da17d3df75074ac3a563e584cc050cce54d7,Twetch
0xdbbb8228e7668e6ea1ce860b7e45f0570cac5d18,Wolks7
0xdbbcc5be4ed40bb5b94715b1fd8e2c3ae23a51a1,rory.vincent.5@radiant-flow.org
0xdbbe70f084c875fbc51b8f0a5b46fb3a5cec85ed,eylon
0xdbc166dcd406068b27e0cbbec6c4251f38da992a,OleksiiCoW
0xdbc23ce892b349ccd5440a8334c0bacb6915364f,0vni90873
0xdbc65abf77d2b3a79b521f9d4b892a9e635f2d68,Michael
0xdbc8f1d96343ad796f85037b8b16a3b91e31dc47,Shuhan Chang
0xdbcad96f698fcf701f85a7c9b42cb078454935db,TestCreatePopup-LBPStarter
0xdbd6640a5402c0de3070fdb55df7e3dac4fdc003,Kamper
0xdbdf15f840cd5ad0ac513cb5200354837e1b984f,Fabiano Natali Mazuco
0xdbe573bd581a53bf13eca5bbd6ca842d5daff6fd,legacyWalletX
0xdbedca3efe72c017a838677c065d249adc8281b1,PS Kudos Game
0xdc01902922365a8f0be341e5ff2f1195bde42c2b,branngoat
0xdc02455dce7162298812760c4c4fcccbcc509808,Will Circles reach at leas - Yes
0xdc02790ccb9fe4a08ff618c48ee24431871b1600,Gas
0xdc030d7274d1727b7f8b285b8c8e6cce67034a80,justas
0xdc066c65f6b8686c57327118552db1ac7109be8a,Frutero Circles-mint-handler
0xdc06e556165e9f511967bf587c1703ef2f8bdb28,Qureshi
0xdc0ef32c9ac8b2ede50cf5234f489275b6886367,eugenetica
0xdc1558b742a5e4d919af789d0cf9ce22e99a7a56,CRC-SepETH offer cycle
0xdc18c95c3a2ede80fa545a0443287079625b2801,KiwiNews Kiwis
0xdc1b5488aafb7c82009a3b9c475842a3f5295941,Test Group 1233-mint-handler
0xdc22453f82447a386ba4c727feb21a3e7859c79e,test group 123
0xdc228fa44ac16c701d5a208d88bd8bcfcb173e68,test CRC-GNO offer week-2
0xdc22968ec37401cf65e4524b853fee879479cff6,GG
0xdc26beb1cb9934e6ee1e6406ea5237e6741745da,Federico Lappa
0xdc287474114cc0551a81ddc2eb51783fbf34802f,BaseGroupMintRouter
0xdc2971e244db3e1217f5edf17ffafb250b3186be,ITA -mint-handler
0xdc3b34411415f0f9b61276c5ed36904282f8c404,costanza
0xdc48a87565a9ff77735b6c96f204da89e77f28b0,Michael Rau
0xdc4ec6b30b3924eda825f92c367fae4aaac08368,will
0xdc50493dcae954563d2be05c643b3a6b3e47a4fd,Zachary
0xdc5a6dfc5682fb8b9484ab043b10cf98268ba9bd,caronfire
0xdc6ccb2276869f7920c324c0322237b12e06fd7e,Bitcoin
0xdc6ebac32e4e4f01085316e8500b0f68ebcdc409,Márcio Borges
0xdc7dd08583432df6319d9df3cc1ec5fc1392bfe7,Trinity
0xdc7f5f781d33d48f1e4fefec5dce2cf5116f4736,_gw_1
0xdc7fa1dd1155cffdb21809aaa80898a169d21b03,davidswnreal
0xdc815386db44453d5dff9b29523bf6d9b729889e,aylademir
0xdc83569af5cf36bfc134130bf17831a47fa6c82d,slater
0xdc8926961baf146d50fb681087c7efee2484171e,José Ribeiro
0xdc8a670dd5b8f950274fe9ab2b65fae927bf7349,Sigi
0xdc8ad65431942e305b98f6cad879df696bd6a38e,0xfoxx
0xdc8af475b720bf14e9cf22bba33a313d41e6563b,Duncan Leikucs
0xdc8ce73bb09c6348c0b08987cb08893f44833caa,jan
0xdc98618320752f6d7491ba982762c772f05f4fac,pablofullana
0xdca61f633e2e7ef0b81d7b0cf8bfc8cb28aa82b9,TestCESGroup-01-ancillary
0xdca9d42a96ecf8ede1e6920bec08870bba69600e,TestCESSupergroup-01
0xdcb5451e3fa0fce00b433ab8227c78d64159a092,Will more than 1001 humans  - No
0xdccf86afd65fda28235fafb6bf445d6224d7ff13,niraj
0xdcd0da9ec004fce87d758a870e4ecc0213f7e7db,Nicolas
0xdcd16c01b7af7fe4263b9d89fbe1eb92ec8371fa,Will Circles reach at leas - Yes
0xdcd52b9bb967ae59bd977c7390b4ba334748cf06,Aavegotchi-treasury
0xdcf1e4c093bd9e2216e02152885c8e429c7e2320,emilyscotf
0xdcf9587ea5fe3ff1cafb3bb2d8dd066b31ae0d75,shilu
0xdcfb4afc3163d7b045a1ab9d8bd78445029ffa11,Jordon
0xdd032dee3655adfdf3b0cb5635e7cfd6ef769413,Artjoms Kazarcevs
0xdd03767ec53923e80c2e07611984e32daf8d700b,Sent 100 CRC - get 1 EURe
0xdd0ca71f08a89b5faee0186daaec89982dc78e76,empty4-treasury
0xdd1f5bd00dc9b5d2c1e7f79e3206153db4a09cda,Kirill
0xdd321e5a71f4347413876b672554782886f3fc80,Lynn Pham
0xdd40f6a9d54cdcf87f904adcd1e600c5b8802d45,James Kelly
0xdd42aa35ebc2ba2f80adff4f22bb5a56282c1c25,Demo123-mint-handler
0xdd49397e418a81adaf4ee87f85546e0556c68c2c,Nanopresso Portable Coffee Maker
0xdd4b9ce1b0593343613b1c4b22fafccef6ae5b1b,PoH Group (Test)
0xdd56188525855410ff2d3a24fd4bb45f82c021a2,dolandia
0xdd626b9c859cc5643e3fdb1b1470da98ceca4b4b,Fierel
0xdd62880d51a96007bad94e0ef7c4b2e72875c0f3,Chris
0xdd677d0c41a697ed34958ccd9ffa646a0904830d,test09
0xdd72eb582422d7dc96f9d31d6268ed129cb4c9d0,Magik
0xdd7391c7fbdb1331c4c0f1ebfcb79c15ac66c483,nooma42
0xdd8383eb620b5d593e0b1193d913b3cc123ff13d,Gasan
0xdd838f3329f602313002cd912e038d5d4685baaf,Cori
0xdd83d20a27ca9875d1581c39c8b35ca439f59352,Felix
0xdd8b61da52fc7f8b3e142ded0b79f70b91a138cf,laviaan
0xdd94518d7ac055fc7313b588e5264c9e0ae841a0,Jesús
0xdd97d0a605fefb4819bb55841b2e7d852673372b,0xdD97...372b
0xdd9b2c53fbc59de5e0b57db48cef3ed744b95dd8,KiwiNews Kiwis-treasury
0xdda10932c67e98e1ffb8ed766d976eb843c2535c,cedo
0xdda3fc399ea3468ddfe39f48284843b4a2eacf46,testGroup1-treasury
0xdda4d28e8a1edb88d07e95136b6b412c15c6a6dd,ATmosphere-mint-handler
0xdda8a34038af00091a29268c185e68ff8edcf9a6,Damazing
0xddaa2e8b53a8a62a9e142565d830db997d528487,dan
0xddc0a325e49c409bde9ebcd51c152809b04c5898,awesomlylonggroupve-mint-handler
0xddc4b6a09fa49e9458105abb5f17109faf9b169d,Hernández
0xddc526371f2f259151b08c45513d99381983e69a,GGGG-mint-handler
0xddcef61b59843d0f887379429d484f70c0ddccab,UUU Community-mint-handler
0xddcf512aa58ae4d8fda4ea635cf4ff6132fe219d,dsheets.new-lp
0xdddbeebbf8b9c5a2933035ec2575a035fae72f0a,GNO Bonus
0xdde0838ee0c4630f73bdf7cc087145a22ac75282,Frutero Circles-treasury
0xdde6dc8caa1d7bf3b0b5cd7771e7f7bdd521953e,LaborToken
0xddf22bfc4056cca1074626af17f126412610cddc,jhay24
0xddf5261cdc466f496304c3e02534b2dd2e1acab8,SDKGroup-minter
0xddf9e963c0b1dc8ad0f7f4981ffcbc9e55b092e0,petkopetkov
0xddfc63ebe7560ba52a9ad9bbd1f84953ef877a64,Test account
0xde0485d69a1da828b7cc4fae656702b469116051,Funding the Commons-treasury
0xde0ce143e9faa4d0f088bd846eaa6010e0f5b0b2,STYLIANOS KALAITZAKIS
0xde0f58519ec6c97b384417110f8c67b99db9edf0,JohannesK
0xde113841ee415521eaf8f1adefb432ae8f3cf2af,Gnosis en Espanol-mint-handler
0xde18cac2f65c998400f837229d90c0fcd7229fd5,Sem
0xde1902a099f9d7bf7cfbb970172427830f2a3a77,AJIBOLA
0xde3095666805c11d827704e0bdf054c02671dfae,ddy23
0xde3246984cfe1c547bc6b73955117f255ae48272,january
0xde374ece6fa50e781e81aac78e811b33d16912c7,jaensen
0xde498743b88928fff4742205df55e75263de0f10,Flynn
0xde4b2675cfa90a3863c1cf7b5b8bb7b6101b4e9c,f4group
0xde5a77cc4279f03ada0e1f1e85bb23de5ceccb04,symplyab
0xde6c6ecb280c6fa535000f2d5bbb8dfdf460d161,New Dummy Group
0xde6d4970e67e6531a494b9bc44388fb8b78e8ede,Flat Mate
0xde7f9bb6e138c6edfd37ab1ffa2e8ce18af31b55,Jetialice
0xde8e0e4b7cbc3e744228ba61d277111e3346c4de,Iza Koprivec
0xdea04bdbb3d85e049d2a0617d3cf2f5d26037f25,Gnosis-mint-handler
0xdea59a269e894a0383f1fdff6fafb1481456efbc,0x 3D iO
0xdeb48fc342d15a4ef0400489966b1eef0e4038d3,jojorem
0xdeb6821bafb0d9aaf0055dc36432bb68b16f5486,Jake.wilson
0xdec7d14b4b71476df726170a8cf91cde4eba047b,Turkish Crypto Mafia
0xdec8d70e625082d001d2ada833da2c48c0870b71,Ilias Charis
0xdecd4a499cbd605970016f7428758ba97c6a7df3,Witzelda
0xdee0497867128c70fae42bda99848b8d4390871c,Gianfranco
0xdee2a07ede7d058018566357c3e0d36b35d414dc,test-offer-zrm-test-setup
0xdee82e543ffd0995c59699d2c2caaf84a507642c,Muhammad Zubair
0xdee93c354ad9ec22b164cd36c05fc04895956da7,Nickolas-Antoine Brochu
0xdeed3a3f0e1a1c0e7176a97add6fb1d8454db962,tttTestuu
0xdeeea014995fe30075511876284d8a4e648947a8,Gnosis Circle italia
0xdf0b59aae0ddffd150ddf3b288c03ff477c59889,uxio
0xdf1b8724e77536e7f4a193a10f436d1dd8299882,Jordi Pinyana
0xdf1fc6d4561b0f2e5051dc1567c09b9a59b8892a,Polaris
0xdf20df5728fee0fafc35b807acef02262779e0bb,haurog
0xdf234b0d5dcde58fbf3fe22f153134a1bf41c85f,Fredricka
0xdf2b2f6480a730a36afe07218dca3b4c7d06f39d,vb_test_passkey
0xdf2d0640f5a25bbb9ad72d084abacd42fd8e37d6,Filipe Rosa Vieira
0xdf308f329eda489714b38f29abf009f8e0c911fc,paivi
0xdf331c44624e19e6b5d3712010f2082a6a1f27ab,0xdf33...1f27Ab
0xdf33c0086440a0bd8c06dda1ae97a7cabadd47f2,eldora
0xdf3674e65cd0333b60fa57748939be3b61df4be5,Sofia
0xdf3723a9c529a59a8763270663364ec557a4ed54,New Test Group-treasury
0xdf3e3e4fd42d6fe99e3313e6a88437b53b3e5f3f,lovella
0xdf4021b31e598f8ea4dded6c60c4ccfdb0619980,kuzdogan_test
0xdf476c679d2d0e7e21d3437432dcbd1533c52c91,Müller
0xdf53a3fb07fac4bba208094da87b0278ab2aeec6,Evonne
0xdf6b3038898ec740ec419d6b363b6edfade4313b,test-offer
0xdf6d1a8a7f6370e2af602da52d4dac3976976d47,Henry
0xdf6dd6a9003e885dd10e45501d1c032a2442e75c,seiryu | Davide
0xdf6e21bc72a49374dc939e84c99a069f4a7f7c9b,Queen
0xdf6fd807db116c2dc2036c23858f3c4dcae98ecd,All Together
0xdf80d4ae51b3984c0bb1e75e6f87b852200c75b2,tricomma
0xdf81da2f07415cf4114d7abc9833e59da7d27f7d,julioholon
0xdf83456827e2eb8c82aaaf372b119bfd518289ee,ElonLink
0xdf8a652e663acd20c8f8fd3f4a3a5e902ce64537,CRC-984-treasury
0xdf8cc2069d9b8ecc0cbf5df93c229aa3c0a84047,bigkay
0xdf903a3ea9f45b64ac7f43db61b61376730fe522,tam
0xdf973ac5d7ccc910258b5a7e1da54338093bbbf1,testtest32423423
0xdf9c287e457c2e3f9caf86db66ceffad0d3628b2,bernardo test grp 3-mint-handler
0xdfa4c45abee7d3cbb9f6beae5e351d6420ce2e86,encir3
0xdfabd9c2cff1595191655b077b3e00b32ab8628d,miles
0xdfbf32a3836d0263049b8b0ba563a685b56ec9c7,caicrucial
0xdfc67f54e1f3850a62beb0689fd6ec14b48175fe,johan
0xdfc9a044ce7762e4ac7e7522900bdd9bcd4c8f69,sebbaha
0xdfcde9f21cc014d98edb077962a8a6b5b794b395,bitwave
0xdfcf3dc7aa77695ef5720e62c4d6c68d3111b87f,ericmh
0xdfd101c87eca18dded6b5a5041b4ef74301fb300,Jonathan
0xdfd94c5015eb05468f9ff3f34e577fe324eeaf21,vikkyfrank
0xdfd990a08e2e18460460916f3eb2d5ebb2fe4b43,pizajolo
0xdfdf07450ee3e71d350a0a3078aba703e84e58b1,had8699
0xdfdfd3c07b2d2e83a973290363801fc555628545,sashatouille
0xdfed12e34338b55ebd5fe0252f8625c1258e4ea5,Brainer
0xdfef1d59a8dc644f57ec23c349852e40972902a0,Joseph Vormittag
0xdff00dec331e65036aee80f0c984a85076e38459,Imanol
0xdff14ee30efb281c615cad871a554e7f7380c805,kayden
0xdffc7c3e4068c58394f0fa6e6a26f0dc3ba674ca,FOSS-mint-handler
0xe0067d316daca5775244f9d9f58826e885cca3a7,louise
0xe009e21a77431a5a9f6bdcca1fe97ae8b18bcc3d,MoonIque
0xe01696df3cf7843043f2d4e66de0edda12df621e,Will the number of CRC bac - Yes
0xe01f5435f1e03850eea70bf50617bb0018c7a6d5,dummy-score-group_1
0xe033002653191dcc98bd1b9752ce418ce1005935,0vni190283
0xe035c69ba24db9e13a23d722bef2e5eef62913c5,Savelii
0xe046882daa36d07166634106e36040ac7d139e4e,Pims
0xe04da08035172179c4fcb076dcfcd84eb3833413,EzSwim
0xe051338931f99adb794dd2cd44b91b356f8698da,CRC-SepETH offer cycle
0xe0531a5b4deb7a1047f740a93b39399294c61fcb,Raluca Purcarus
0xe06117ef54d8582848061ffc747a6444d3adce19,lananhftu95
0xe06193b867ad0e0ca11baf3c85df1dd1685f96e4,Jose
0xe0623d2cc4d3ffe064c2a481332a4f472003419f,Miguel Lambertini
0xe0759737bbea2252fb902764cde6dacfa30e5806,ghouls6
0xe0830f94fb696c263a426b4bbfc84c5b50ccd1e1,Ava
0xe099f2ea36517821e7118234b4deccb718b8733e,0xfabiom
0xe0b0f7003a829cde7898845211124e995672796d,fistest
0xe0b39687ce639ef545aa5301aad282de1d3d17c6,Peter
0xe0c5e6ad98610271042584aa8095ac2c0f49ca29,sda3
0xe0caa745b96df2f760f3515ff818f86fe93fb405,Aaron Groome
0xe0d156bc79eb23f99a79adecc5d6c4c45f5ef70c,Nader
0xe0d562a12807f5de9836249d35142889a35854fc,Zuitzerland-mint-handler
0xe0da4b2aa4072ffc379f8e0a396c30d6ef898735,Eduard
0xe0da6d0ef23af19e635b03f0443e90191cc96c9f,heartbeat
0xe0dfbc0c983d7b48807ac58d6117b3609d360851,eth
0xe0e32103b833a08ad33b6cc00d749a1370461cc6,CRC-TEST-mint-handler
0xe0e9d6bc9d7f3e65afc42229a8fca0b17c8246f3,Lex
0xe0ee145155b2513dca5f99d765dfe314611d575b,Astronauts-redeemer
0xe0fb72b1f6ece10a718f4ddeff9f3271d4225819,legaltest
0xe0fe71709c1809d76a3e7db340eb1c31957b3dad,CoqMalin
0xe0ff2c5b601ee3795f936536eb9953188dde9148,Dodondawa
0xe1104e5c287ee7934cee68b0dab141b8c9e67ace,Circles Cafe
0xe113f89796bc47e9c72374d57572bc79266c6fed,DYOR
0xe114bf63d78fd24b82cf212a3df8ee9c49e81829,Alex Mercer
0xe12a355062949c1d59b997924258f64aa9fdc69b,Sam
0xe12a5e93de0844b92ace33a6d04e79536424feb0,Lennart Czardybon
0xe12cab94f9c9e568999924aa662a825a0e9e1517,Sau
0xe131c3e4f215bdcabb506ffa27953a4a3e2bf81c,Babette
0xe14aad1c615a20d56293b60245aea4b01cdcd15b,Nathan Donaghy
0xe157ced2ccf53711ff497c7430d202ffbd61605d,Will there be more than 50 - add
0xe171a76de6b645a28b3767f84b177a4f6659a3d7,Gnosis-score-mint-router
0xe17fd22e8d3bb5b26f2b09686cf137fd55b4e0fe,Mindi
0xe18113aa9b70c036b307d0fe279b437e674ca37c,Andrius
0xe185701e6fa945455783a7c1c315680bfc03d759,cherry
0xe186d1ccc21398a6b88d0a5c3d249c0737799427,walzph
0xe198c902cf0a27893a7858e18ef05a93519529e2,Djoke Hoogland
0xe1a234edd06d92b4fffc9fe606a358a714b53705,1xTeebor
0xe1a90ed99a58d015b01a2925ad00b1fd5cbf7bd2,recovery3
0xe1aa2371f43d718007c9988ac628931966f717fe,Laura carolina Angulo contreras
0xe1c34a55c0b6634b587f5829f0911fb8654f46d0,3.16
0xe1c70afe4afaecbeafab65d03d8c6d57fb0d6284,spyros
0xe1c7446cd0c03d7e9edd2c6e74caa28b8d333c72,chere
0xe1fb4a26fa935fbc574b091d5bc172515936e806,vb_test_mar_27
0xe211ddc2be191bbc81adb4a88e3907187633f73a,phamchung
0xe212335c8fb2963b0819b0174493c5c7ea1ece1b,ITALY
0xe2155118ca322959f4cd9c5fa514f374e2bec1e3,Bruno Rodrigues
0xe219aba98cd27eef8cd3b235e051e81f37969820,teeeeeeeest
0xe22e1bbd802a04c6e4c663af37f282ed6ba5e0d9,Cryptainist
0xe24c7763b128e5dcedc461c8229d297b4fd0adf9,Teenage Engineering PO-14
0xe24eca0c2143398cdd7d8ea74a28bac72a727655,xlxoxu28
0xe250af64e65ace0428226e844ac00dc893f2ace9,ilovehotwheels1411
0xe253ba28d3e8e791b7e28649286b9eb7212ce100,llquality
0xe272dea568d06e7a0582b7b1649213498cc72979,❤️
0xe27efa7053ace82a0192b89747d5af5d0b3900a1,faithengs
0xe28ea26919d573eba988e325bdf41d4aefc50e79,bogo
0xe2afee9430bc437886d19b659da8b60ed2d0d376,cyprus
0xe2b8695bb4813560f1aa98318dfc8a607fe51b1e,anastacia bondarenko
0xe2bd3aa4a46420a290a50a54e0f95598fd177b98,jon
0xe2caa228a711b38b10aa90d34252825bc3bb44c2,CRC-1029-mint-handler
0xe2d387c894877fe6e78b0d8ceb96a62f5908d6ff,SafeBase-treasury
0xe2da1e85be4290da82e155ef35ccb2a35254548a,Will more than 100k CRC be - Yes
0xe2e48833e1a6f3ad814659c193353b476e7350fd,ISendCRC
0xe2eefe861e597d67c4f98dd4b9d015949a4bbfcf,Matteo Giuseppe Peirone
0xe2f0ac67a89a3d66d447c2606267f8e83e9b354d,TEST111-treasury
0xe2f4f7c0d63e74b67b5b6b84de00139d95b442a3,TestCreatePopup-LBPStarter
0xe2f812776e3c4ccce1c869890b8dcc4eb9568626,eerher
0xe2fd44cc26a68c569207e97922b94ff8f8bcc5e6,LaborToken-mint-handler
0xe3029846129b2d93761ebd23dcb87b0c1cf4bae5,joysi
0xe3054cb03ec8d33b0e9012d908c55d8624b8beb2,Beyoncé
0xe31b1af563191fdaeb654bda4cbb07fc1dda6eac,wanda
0xe31bccb2d0f1cd36dd38fb3e8baf3df5ae9f6365,Circus Group
0xe3290e22ac78b67ddc807eabc60c74c87b5b76e5,mhenni karkeni amen
0xe33858c89b651d1ee891cb7199b360af8b0238df,oic-test-group-treasury
0xe33e338c1bc8b0144c71ce599659fce72c0e09ed,Canada
0xe33ee43ff05737395e5d4a48d4151f980f614cb7,Gregor Buelow
0xe3405a1281282c3ae7d27756636e9cbce44848e1,SG fam-treasury
0xe3421d3681e1024750df231750015193f5db6eb3,Will
0xe3493994e60f87e680f627297c21fcdeae28150b,Than Paps
0xe3582aa4bebe0f8463d406f52b2e4706388660ca,Tarik
0xe3667fd36811d0fa5081f3a5e753bf5c6bb21495,Adam
0xe367112e71ab8c27a2d0e5fdf139eaa711145589,Oliver
0xe368efec5bcb9fdad18abcb708655bbe9f72268d,Those who know Berlin
0xe37ba1c27e060996312ca0bea869316712155390,Lukas
0xe37d6f3c6be7f5bed7f14132a830b1257326d737,Vincent
0xe3822ff99d3fb779369cea98c0ff6c78ceb7e555,Bence Bendik
0xe383970ea13b080240d4ac4123fc4874fcad9a28,icecreamsky
0xe38dea8fb5609807e6fea73174d07a746504044c,elizabeth
0xe39dec83635ae4b3624dd312f98d83f65ffd3bfb,Kajakkes-lp
0xe3a0085959d4b815d445e3bca14a0db45b6e71a1,Theresa
0xe3a331561a84fd395ede31e99532163beb792420,Khaeljy
0xe3a67a3a7e45c2684a354e79ffa7276f8b4c2d51,NewSDKGroup-minter
0xe3b03afe061d09fc3a155f98bac4d85852d33bce,LG3
0xe3b72bbaabc3fbaca294ae46dc4fec759f348bc1,Nwamaradi Victor
0xe3cb789660e7afecd902b0bbaa446555bfc5d631,Dream BIG Group -treasury
0xe3cdfc23d6c39191f91b913619e93a2e034ce278,Primaris
0xe3ebedc0d125a493e32d7581a0aed89617dc04ff,Bet contract #0 - outcome 1
0xe3f11b9a8220ee5ce68bd163b831b17fb2e18eda,0xe3F1...8Eda
0xe40c9786b70574b457d6837a8968cbd621821a6e,Jerri’s
0xe41e71b6245a45e32cceab1822e97b03742bd579,sk8rboi
0xe43c642691a071051c690dc97d84f49d41224199,kdevwelcomenotifications
0xe4419890fed4fc2975f14ccce4cd838508148352,Aletheia
0xe456fc055c6f73adc238e8f5e525d4cf2c445ffb,Nelly47
0xe45a6815b4aefeedc468f94d5b90889cba2bd2be,Wild Octopus
0xe45c84aa3f30d46a4a6cb3a353592bd4c5d9473c,0xE45c...473C
0xe461ed2be5e362d79c7cd06ce3c19670b608d315,EOS
0xe462255f91bf0a3ca9445b4c1429bf195d66d824,hjortur
0xe46341875e97c573954ce93706452ba5f3353878,Builders Residency-mint-handler
0xe4753a2f06612d91b8217069f49f5f36fe68d2ea,Elisa
0xe47dfe732aec1c6d5e60dd3e76eafed50e84defa,theotokiti
0xe483defc86085a3752372f0ac07b1e76d8bfa3f6,mexcool
0xe496c1dc379db90b65078dca4ee84e56b96a4a0e,Peter Denton
0xe499ad363e0ded755464eadd4213e01456a006e7,dextose
0xe49b056076a698b1e803d05451a81bacda32932c,0xcordelia
0xe49f4df206377b6e8b8bc0a475b47cb7055a5959,mineblocks
0xe4a0fdc86728616750ee53167cdb8f1b229497db,pablo
0xe4cf84f426433297beca9742802f0c2312a57931,em
0xe4d31c37a537a1fb61cb542de3d9443b6bd148ef,Wiktor Starczewski
0xe4d511eadd57944ac60c4aa5418e75f6a273a711,vdscsd
0xe4db224e92b36aabbb8297ac030af8812cbad8d4,astaroth
0xe4e9c03c8dfcf7c05c8b5c32640f6e6f2873df3a,Beauty
0xe4f151b72b73f6eb1d1545a4393c54c8e6c4593f,darkweb
0xe4f651c488e90dea76c4ebc735ec22188e24d104,Rodriguinho
0xe4f8a68b39a2232c588d31d016d39708f8a9cbfa,pablo
0xe504939746d8580ed2aebcb23e38328c154d1b94,dante
0xe50fc0f252fab827618cf94dfd2e141187132747,dgreat
0xe53072b9ae3f625a00c041e0978086b4c0028d79,GNO Bonus
0xe5334bfb957563e106fff3d7592cfd82f55a5434,0xE533...5434
0xe5343031578d64a9c2b4507572f495685955f0b8,Lukas
0xe53e0998182eac7b4a10f165994c5c1f229dbab0,Harizzy1952@armyspy.com
0xe53e27f926b549e7c955b0d7be65e7b610fa2866,TESTUUU
0xe5536fd340108aa0d2272cd36fca986b242cdf30,Full Node Group Owner
0xe56555e28a8eb8c4b37625b872437e13ac95203f,florian
0xe566a9cd442f065c1d2ae8bc5cd7ccb18a783ccd,henk020
0xe56c896f76433e3d706911e9678f9fdac514d14f,Masterclass
0xe56db0e58b1a5ca1eb08bb69229758f638721007,cryptobert
0xe5737b89ba48d7daf1d4110afbdb4ba8c0a28486,ETHCC-LBPStarter
0xe57e0aade93df267ef6d73389b1e53152bd9918b,Dfgfx
0xe57fc31089511e5dea1d3b70852ef2c1db977c2d,arjantupan
0xe58cda7b34cfc545d3ebd5a50008ae4d61feaf07,Bananaplanet2
0xe59fd40583f04fd86921ec6eca05433a0a921ac2,Adrian
0xe5a1f8fbd66e16fb8182bce5cf789eebc6f058af,Ilva Valley
0xe5a31a1ce95441f79e36c0d00702548256620084,Thibault
0xe5af980d4955a7a41a783681af645ce1c89e59a5,margarete
0xe5b0b666b3aee87323546ecc8c9acf19471f7b04,makemake
0xe5b14117b25ab34bcc0e6ed54f261f74d6a86798,christiane
0xe5b9b298ea08603aa59642bca1287adb7cca2d34,falvarado
0xe5c7693fbc9b4c6ba58c9b5c82c719705430e953,dou
0xe5cd02e77efaa1a8659cd5deeb799d812ebd2fba,CLI-treasury
0xe5d385c7139148d58bf31bd9fb06f4d3f0708f28,Vornix
0xe5e5251678ead9643e92e9d35e99f5aa4c41e1af,Bombonchik
0xe5ebb7c32a8396f0e5409546ad72b4f204b3c30e,Waymo
0xe5ec3c3e8245dd8c29b11a68d6c3c104b0be3e2e,Arvind
0xe5f0976d1109ac1dac50e3bf1dc4c8cc22b2ab1a,test-offer
0xe5f10762aecfb01ae2774807f51a358a4f3347d7,derrik
0xe5fc9062726afb77d00c3a7fddd1162de3512384,wieme
0xe5fd88da680e28f32ee759ea8c916c777693b5dd,Athul Andrews
0xe5fec1c19f62580e58ccf73412f0662bec6afff8,Tanguy
0xe60311affaff1596e3408d3d985531267f04c30c,Ironman
0xe6051f2af3226b2379654a6e8d0bd4d6eef47807,Gaynelle
0xe60e08f3cc6ff6cfe9567c93ae700debdf25e0f7,Playboy
0xe616cb0d79a4a16f29d34785e4d1d79c246ef5b4,shaq
0xe618c4bc4d9c68771e8fa9dd1e4d19a6500c3bb7,Foxys Group-minter
0xe61fd69cdd2609fa6f8a7a0a8460755a351046e6,mityaxyz
0xe62ad34cc4e909a29ef832cceb3bf12c0c482eac,rttest
0xe62ff49c49dae049946d94829ba7e43d3cb69756,Pedro Lourenço
0xe638ea0f60a1287c6e683248a3c13b166f94bb5c,MC Satellite-LBPStarter
0xe640efb9a408c1d88273bb8f886018d46c03a765,BNB
0xe645e00222b798997538d8413e13ec8d5db1422a,khaleb
0xe646f32f5a2020aa3bb220d0721b629fd65bd789,1155 callback logger
0xe6486b442959710ba305b0d7e0cac802117f4b00,0xE648...4B00
0xe64c197c5324232cdfa9bd8183ee36fb66bb132a,rerg
0xe64c4d58304181c80c871a2de3716d4dcbcab73c,kujou
0xe656df6b578fdb9b9b97d1e17cb3b76c02bc21fb,OpenMiddleware
0xe65e3c4e6b58b082bae861cdf2abd6c688953345,SafeGrp-mint-handler
0xe6637450017a86038498e515889d235a467c1baf,test physical paygate
0xe66c860ec590df6280921ca17c6deb43cc891b61,mayapatel
0xe67957e94e1fbf1b6d679736013e07ab467004b4,Indeecat
0xe67f808a84d1e51724a1e8998c8e60b7988134bc,Test 1 USDC
0xe68c626fa84d5e1099a9beccb3c09a539fd00d59,036
0xe68ecc53b904363e411cf30b3f5cacd0923844ea,mayonese
0xe691437adc5d84c40d5d6927ec737b608047f8b4,f4group-mint-handler
0xe6971f1236ad07856ded60cb854458fce51a6658,WYC
0xe69d9d0785cd65304d6042c35009f90dc24f1e65,Teo
0xe6a17641f5a990e32c34e35c8107bae464593752,ZSPIDER
0xe6a485bc3b00f082fb9e96b5b2c0d7ef69f658ab,EdgeCity Circles Shop
0xe6a672317377474a8a0d3a8df0d6be486f2dd22d,martinaV
0xe6ae6c3cad233bbcf16a2018009eae15b207b737,Extazik
0xe6b08e8db287dd58af0775756956b94e0a7f95b3,1xxelmar
0xe6c272924f8e367d3d87583ae191e3c7b1c08bcb,george
0xe6c2a8e0109de8445f6247d0c0dd18092e6d9eda,Saskia Bader
0xe6c525921274afe6148c2499e89c45e484a10d5a,nxts
0xe6cb4945cc8e0ddd22a8cfa9119d8141bbef7f5a,Few
0xe6ce1fd8ea5bf1df0a2caad2a27893de4cb7a90b,Guede Pregnon Constant Romeo
0xe6d3e77fe7fc90ecc97c429f2d19387b5119ff61,Alessio Paoluzzi
0xe6dba051e3d71991f145576023d31456ec261a5c,Simo
0xe6e6ac9420c32d0270124ba7437294266e9fa1fd,cargek2004
0xe6e7b372228984a606412e7dd7867a60e5b556a2,10 USDC Lottery
0xe6ea7096e8ed9f2a9f1a897e106f2839253bef5f,Nicolae
0xe6f3bd13810b28780d2385e2aa933114a38c0f9c,0xE6f3...0f9c
0xe6f5025c2dbd5847b4f2c4832b3a759573b2026b,Berlin Full Node-lp
0xe6f5a0dbb4e15386150aa3959d810fd0ab99fd10,Zhombi
0xe6f5fd2d67737f9e8ee65720c63cf331f1687f7a,Mau
0xe6f97b280699b6689cb18bed27400560e6d16502,SG - GM2-redeemer
0xe7011813531bae1537d8494899ed236c34db6f74,Star-struck
0xe70698c7f99a5a28a6b46b1dfc51ed2d9a91f7a5,krlto
0xe709edb5d0f4188e0d0870d091b174214e91c84d,lailakumi
0xe711f26da9a8a043cb33e30ebd8c468c65b6f2cf,aprilme2324
0xe712118c1390ad48f346593d4b7a2166a5b83101,Jamie jordan
0xe72599db9d77b2ec4eaca3bbec6027daf61558fa,Deep's Test Group
0xe726ac0861a31281e03859293fdac0b6cc934fdc,0xSeven
0xe7304187018af4942cc03e1470e0b4f7bce598a5,kelley
0xe732e49eb57e7abeb9d115765b5adb57b29dc3a0,88Jackpot
0xe7372d9c01ae4bc1d70cb47d37582e5d683be7e7,emdot
0xe73e082078120b415f5ab9982b66ae424cfdbaa1,babygirl
0xe751c118ca7a4fc46ff52356a68e56ac4e05eab2,TestGrp-minter
0xe75583253d21d1f3d11c4ab526e9e6b8bc16ef41,anointed
0xe755f89281b7841741edc86ea5b8aaf801b41eff,JohnUnkn
0xe75d991ca628a67c15c6d15389e9ec6d7eec549f,Rupina
0xe75f2c6653cb036b930b7e4470b10959c948d1e7,johba
0xe7626234dc86e7fa80615003e86aa4480d348292,Dimitrios Dimitriadis
0xe77340a2e5b6f11fb474649d6b28609f390bdd46,Test
0xe776ca136865db497c53cddb86d0cfddf22e57ac,test group-minter
0xe787fc23f6aaf61d571965430d0fea1f0468f637,ElieLambertov
0xe7881c6c76f39b8faf576eda29edb8f04e7c2589,Heinrich
0xe788905449f6d41ae4e1120a65e2360c74d5005a,MaeuseBaerenGruppe-minter
0xe7a0eaf968e88490d55a61c9b410ac0175fb8d90,Peter Test Renamed
0xe7a51b366e473bc9d85fd5e6da0f14253cafc8eb,Cambalache-treasury
0xe7a8c7be9d6fccb47ab29287467b9fe5a25319f1,Inner Circle-treasury
0xe7b02830ca97c31263cabf7196c681917e0585cf,yaaar
0xe7ba5ccf038f159cbf7a7f96777ec7120a79bf1d,testCustomMintGroup-mint-handler
0xe7bd675aff456e9a3a068d4f8452d97abe03d2cc,Hillary
0xe7c78eae235c1ee8d50994b639b4ad1a17d75eca,jhoonaa
0xe7d711407b28a149a7d057ec92883accba36d167,szymon
0xe7dc5fae0b2d6f3392d45fca03f58dc224c63e6f,Gnosis-sub-treasury
0xe7dd13146b431d74afd30a67710194ca441b20ad,Brunno
0xe7de4cbf767d02f5bb65a2f29238cf03604713a9,TestOrg
0xe7df3d9aa2a578ca92010f1916e4f398f03eb4b3,DashboardGroup-minter
0xe7e58323921d81f7d2f7bb3459ad1ce74cee6609,qwerty5
0xe7e640cc5ed4c2c4e63d358388382505e1db88b6,wored1960ourrapide
0xe7eb2478cea9682019c3dfe0f5f639d741a0ecbf,jelle
0xe7f2aacb7b0c07f1f6c82ecc5a5030532d9d29c3,trankenny9
0xe7fef05c06a0b7060a1816d8dc6a4937c2691ed2,Circles Trust Station-lp
0xe7ff3070fa515b06715ddd56fb6f688f12a9c48e,pash
0xe80242193c674668ffa106afdd080be041b2522c,James
0xe809fb53033edb29c3705f42cdd2f0bcd1b3397f,My new group 3
0xe81ae6664d1ea453ddf021ca615659b6be827299,adrianleb
0xe82091614a33a7f257b187d1083ea5a72f24ecf1,peanut
0xe82bcc2398ae66cf5540054d19121d1581a6c635,hncicmfkt
0xe83166d8deb895a0f38c2e309b5b0c2292b662f4,Zanti's Lottery
0xe838d112dc6b9d3a25a8f58647a9cc2b32504cec,empty3
0xe839b0ded6692141dcf2e75cf52e270205741105,rdtest
0xe844759af19092660b2d45b862904c8f9e8543b2,x
0xe846cbbfee2c5fa006409ac651cc6842bcdbf8cd,drrake
0xe8561a1abf52ae16151f909b3cd225a0503b4989,catherina
0xe86576b429a15e97b2f52b1e5dbe87547a14be7a,Campechano
0xe86ec37d087010dc6f0afa17533c4c045a3c171b,ETH Prague
0xe870380062bb1ce4e0408fada310249129a0046e,lethis
0xe8804238de0c73021b55e6f943d7ae4dec702555,Daniel Babjak
0xe88dbb3187b9773b5fae75c0c1f1a9bec5931006,pierangelo dipalma
0xe890910f8b1537654142adebc6168d42bad1b805,kerem
0xe893ad376ad8ceb0334ad039317bb20a30685e82,0o0
0xe89b0459784ba3879b57fd9f69e7f4c1e6c57cd6,rgargam
0xe89ba588770bc564032599121244176a6b3fd0d8,jerralyn08
0xe89e92f453c45c6b5811b0c05646164b0dae9005,dunio172
0xe89ea6c91e93ac2609ba04ee8629aab51f57b5bd,aleph0m
0xe8a457c262c9a3556bd0c7a3ddc8c91edf4a44a9,Oleksandr Lastovskyy
0xe8a96511d3b3658eb5ebf4b8826ccde05862a435,yernuj24
0xe8afd179deb97e0c2c35f6e887b75d3d009cbc71,zolarlee
0xe8b6a048131740a8f8fca2720e9408d4255a7c2a,Mother-Earth
0xe8bcdc8cd5607aef6a1cadc3a30c4631da3582ac,MINTHANDLER
0xe8c665556599a022d62599ed78bea94f9e0055f4,joey zhong
0xe8c89edb00ed1082ae03c7d0a2682a8811c4298c,Yield Pot-treasury
0xe8ce4e51abeecea8db009a55a5eaab42402a0876,deepak
0xe8d6b459c366d1bf967fea6c14836f81e9760ccc,shrntest2-lp
0xe8dbb49bc790b2c4c99b15a6e5cf8ab9009ea947,gabr123
0xe8e86dedfbdf9d6426ac7837a9134b2424aa79d1,SG1 - test 1
0xe8ecdfdcb88aa19c5604ac9b4ffded92bf545079,Prome
0xe8fc7a2d0573e5164597b05f14fa9a7fca7b215c,qub1t
0xe902bc9e9cafce77f73ade645982c260691b5a4c,arthur
0xe906041a11056df2f5518b976388da64c89503fb,TobiasGroup
0xe91cb0f3d941781176f0c3f407b371bdea1d1a5b,aricrew
0xe925b2d934616a5314d969c716f384fe3374bdd6,alix
0xe92cdf312566645676b84f6a071a76737be79a97,Andre Chamoun
0xe932a595a723150e2640cfdff67507699fb43cce,TestLottery
0xe937df6740d88ad67414c8e71fa621467139b9f9,Nour
0xe949e7daa34e81d6e9502ab6778b8ec97e2d145a,obada
0xe94ea95e4a2c84bdcb6f2229627b614302c9b340,Luis Jaime
0xe95126a606c604b3a69f84b4c0f89eb257fb9d85,jummy
0xe9593d14eabd20da6603d56edb4e212a41becc86,Tiffany
0xe95c823ec224a9fc2c21426d37a5b524f3834725,Gyarmati Gábor
0xe964cdea60267410bd7989ed6834669dfa4114ef,mia
0xe96f7a79d05ec307e720d9751e9047bee6c75308,Dianseputra
0xe97136d34fe5caad7eac6adf81c4df50996eab79,0xE971...ab79
0xe977622396436875fcd485201c63db0c2447a966,Daily 100 USDC - June 6
0xe98b319c4ee302b10a06f8b69e7b780da9bd73a0,MaiKing
0xe990dbd1823b4df9c1a335fbd82b664d6c56a671,kristof
0xe9a2fec57f55b0490fc0252438ee752c0719f9bd,Cow Swaper 2
0xe9b2fb13a75638cd825c402c7c32f63c3959a400,jonasblx
0xe9bf5b6ce8526cf1f651029ed4ab22f8faed74f8,realalvinsu
0xe9cae8a7abab37a86bf8844bd24d331d6c52d4be,Toms
0xe9d9f672cfae8d40f30ce374f3a56c8666b646a5,0xBoxer
0xe9e1230a7c73024379bc467d2e3a6c94694e1233,martinconic
0xe9e1aa6730663ddd8529f9a9cfea9ed6098b6135,Damian
0xe9e9c8873cfc5e9fe20f3b17152d83d291577c18,taha kashoun
0xe9ec2cac6a399b8085ba877e1b6db69048c32846,matthew
0xe9eedfb820bc9bc7a53c8c05b5077be305c26792,deloras
0xe9f49f6b3e27544489ddebf1ef44becf97659181,Peter
0xea0472adf61505a724b872d5699da9da15cddd56,antonio
0xea19738c7dbd4e0990661abb0479c02562b4cba4,jay
0xea1a2ed1dad45e1f02b36da4c95be10290bff76f,sdfghj
0xea30a748f0dd79916e4555901bbdcfc65045a716,fasteddie
0xea32cfa5ebacbc7ef39f4f780088840ca6daa0a4,Mohanson
0xea464effa74fe79479351848a0f596155542ccb7,peanut
0xea4848cc24f6a403c5f1c35bf499c07f7180f88a,Jorge
0xea5668258b8c2193e2f4b25a3e21a5da3d51111d,affax
0xea56e973cfcfff71bf901c81bd5bccc34aa609e6,test424-treasury
0xea63d27a8e7b20efd997f0ec99ba1f79ee465df1,Edward Hairabedian
0xea67c984c4889563bed4393a42adab4f655f0b63,Fernando
0xea6ba7e9714a57b02a73aa756773d54f4ca25d97,Ofelia
0xea76b19640c956c07d4305d4e2bf84e184ef86e9,joyponader
0xea76bd4a69056b139464b6ab1f38a7492dd3c565,Will the median price of C - Yes
0xea7c198a31880b5e879f7196ac1f3676e9975657,MaeuseBaerenGruppe
0xea7cf1fb603ef916e2847d52cfce13d2ee587172,otacon
0xea80d7e60920b06da91f9b23c5e448c72a5e4b30,Thomas Gunter
0xea87f1705c9173501ba77ae4694ef90e0b676873,davids
0xea9a1533f78041d14303fa115100f495ba0c9378,Nishant
0xea9afe7f246efb7cc991c3379701a09452e0fba6,Strausberg-treasury
0xea9d45ce7680d4655c17aac55c65833dbd7dd263,Kovačić
0xeaa49314d7ebf7ec9f11176003e8b8601895f1d8,paribas71
0xeaa6386f144af00d52e427c4e5113cd215cef105,Florian Siegel
0xeaaa72984bf494d7b61fa8baac8775e6af631adf,NewSDKGroup
0xeaacc22ed632bb0ecbbb4cf19a4c48de658afcb4,tstorgggg
0xeac2488db454cff3c3ec86226e6e4d3d471a6428,New test group
0xeac58d5939970db538c770e334fdaadd8ffea1f3,TestGrp
0xeacba643e548d0730cbc2f35b9ec0bf5b63a8311,jahd
0xeadb654f7cd5a0afe17786427f6463719897c170,Noel
0xeadc09b0930d8c84606ba79acbeb5376c5df319e,Red envelope-mint-handler
0xeaf3adb77eb26fa8749c38e7cf00a012a20f8f57,Allen
0xeaf9b00f895bea317de7d152da1d9756afd8d957,ir0ncl3d
0xeb065a44ac2291ad548ca8b173ea6ada2f80c08c,MicStrat 600k+ BTC by June - Yes
0xeb286d88410cba42d3899320abc6fa15f52f0f0d,AT
0xeb2cbdabedbb4154fd59b290a570d99cf6ad83a8,Students in Dublin
0xeb2d3202db8a20b712752a101a6e208df3c5f4d0,rose
0xeb35940287fecf45da96c1a8c423092cf975c1d4,Hai Luong
0xeb3629c0ffdef3ed98d6dfe28c6b6a8c75261592,elmariachi
0xeb3ec726654dc8bb3903882a9d98f80492a92b2e,peanut-mint-handler
0xeb4372cf2c93d01b6e0cba7bbffece3e0349225b,maybe
0xeb441a743921aa17cc8661b7ded1db05e6531d04,mi familia-LBPStarter
0xeb44aff8ec210df433803a97714d527055cc0099,dummy-score-group_2
0xeb4a01986b8689e6eef7cf75badc776e1238feda,sodiumstar
0xeb4d109635fc8bc545cdfec9dd9d94bbf1ad8ad5,efrwefwefwe-treasury
0xeb561c3453d803d5d2378263d33f21fa23452d68,Will Circles reach 300 or  - sub
0xeb614ef61367687704cd4628a68a02f3b10ce68c,Berlin Full Node
0xeb63d76c50b051122e4e7c9193516aeab2aa783f,Europa
0xeb65c276a0b73271a63603eac7573e9b8af307c4,Vee's Group-minter
0xeb6b1db3d34d7fe805b10285126ad8ce2620bc87,Kavindi
0xeb72add305024d67315331a6be4e310feabb1d6f,0xref
0xeb7672100b39347a5fa608b63e575090f27835fd,casparschwa
0xeb7b660304c3cb3b776dc48628d5bcea299e1310,iii
0xeb8f466f62d383786b21a769f659f4a921553614,Mário Teixeira
0xeb93af7df3aec05393824fd0881db0896aab8f9a,NFT vending machine
0xeb94174e82d6a070dcb0135b09270de4a3a3bce0,bh2smithDEACTIVATED
0xeb9526746d9c719b6d1ce70c0902138f185997af,Cervecero
0xeb9c8d67e1ae5d7ad406e5fc0514ee159ae0c17e,Antonis Alexiadis
0xeba5c457689f0861eee4357325875b8e9cabdef9,mlaouah Jawher
0xebad6ef0b22db38748e9d50ed42f739baa4d1690,Janibubrik
0xebb9cbc247a6aa9238d43eecaa965872966ae147,Izzy
0xebbe0b1698a23a6bfad56da29076d6a24f9751b1,bellepepper
0xebcae08758eb30a50f047188d2bce2f6b99ac240,Vl
0xebd888358036eba82008482c6499ab531dacc5d1,FirstTestGroup-redeemer
0xebdc0ff451c4c478b545bfa0e3487eaede9a7809,Neo
0xebe95c996ea05b5c9a9f44b1cce5f189cbb1a57e,RateYourWorld-mint-handler
0xebf1ff176706a3bb0758aeb59d9489485f25b410,test5
0xebf99de9380bf3276179bdfb78b923460d5d636b,Sergio Miguel de Sousa Gomes
0xebf9bf95dd12f2cd8ed40099d33c568789104d7a,Bread Cooperative
0xebfbf7a3006104fb1d3b68529a7b1b584acf4203,lefterisjp
0xebfd1be8ead94e2ea91f7626f000834ddead5d44,gateway1
0xec044752ecb6b3c435ae2fe9254be405ec56323d,Circles Barcelona-lp
0xec05f953c535e7b88784fc90689f7f1613f0dd32,Barry Bentley
0xec089b7b2574b4214d0a6c3ebe43e8fc45778eca,Blizzard
0xec0ead7a7b670919be26f62b55103a4ee6458b92,gerry
0xec116a15ba4970582f988d65c29813a11a1a2d95,familygifts232
0xec15dac267db450d55c0068d2aec4ff7ca77eaef,Giveth
0xec160ca454422fb0f27a228aa5e8bca336cc0d03,blissfulvibes
0xec178eb4d603cdf4d2c9c2c294697a6188e21c37,Black House
0xec26dc640885d9281384534ad906b93ac5d8ae82,tori
0xec2e82f6c38f7fff86c2c0c4143c3172139c9995,devriesfloraenfauna
0xec2f6f76f3771628eae73bb185ced2819fbae1c4,TestG678-group-treasury
0xec34600d41c83b6a22ddaaa43ebaf04d8d9016d0,Will Circles reach at leas - sub
0xec389b949e1c0578e761abab4326c26fc7f4fa7f,ewffwea
0xec41a60eaa781ce1632e4959670d02b8a3dd8b26,group testing
0xec44d66f6079b6160b4fcf74334c32b6af242427,Deep's Test Group
0xec515385a20b75bd1f8d185ca4bb74d5a3206e6b,Edgaras
0xec6a65d906040e3439a941c081f43e99eaf2b7c2,@muckibaer
0xec6c86302eadb1a7401fada0c2c033802f7a88e0,francesco
0xec6e6dd5dcb45ff24286f3709ea8b292bbb26118,Harpreet Singh
0xec702187f3839c7a39a1d44ce47d26a570283471,John
0xec88c96f63d2b7763f713c762edbc0a89f20bee1,Juan José Miranda
0xec90dba0e95c31b0e2fbd3af79c53996886e828b,kris
0xec98c4851a5c5db23065637a8bd6d35e6356ff7c,feyregy
0xec993f230bf3d77a97fd2d23180bad85dbe79942,Debby
0xec9a46cb390569058a43c58410871966d39aaa3a,Hamdy Alezabi
0xec9ec82de4aaaf8a8e4cac9b8ccaadc65e21176a,group testing-lp
0xeca393de6576e9190797cea8393c43916e8054f3,kanesha
0xeca7260d515706e929ffdfbb9caa507394f08b19,edunwa
0xeca74779a55a9222bc6dfb270707b8ddfde6836b,My new group 4-mint-handler
0xecad0fe918ae6e7648257c661171affafc25c657,nicnode
0xecb2ef367271a7cbdeabb34bac4bb137baf58891,rolands
0xecb3b3bfb637454c7c2d81b3c1f641418c17ccb7,ornella
0xecca461f54ca05fc20092f53617a378ec6e836d7,ABC
0xecd7ec0800f7210acee9f34da51dc125e9e04a0f,ricz8
0xecd875cee8d33b9d11b560945a83c5c6c3ccdb24,TestGroup-treasury
0xecdc63a5477083375d92f1f2450b61974280210b,onchain
0xece4b723669e852c1e9d796fd1f2e510cda2dba5,zajvae
0xecedae11cf64266514e5a07f3eec07b3d965c447,shaft brewer jr
0xecee8a2170b85d940ad6575b6c0a4b50c82f303d,0xtonita
0xecee936ac44c3c1c81e80a49ef46e489b5f46e6a,testdao-treasury
0xecefe4961d1a0dfaac5f7dc14186dce25ee3189c,Samuel
0xecf6b33ccc214e5b053de10eb5fe9f83010cb409,panget69
0xecf9ca4267f4f40e058747b311c7c9a474a17546,Felipe
0xecf9d72511f1e50dc86b4329423e1ed62999ef40,ERICSSON
0xed0fefea5363ff08392ef4db32c37b207854416a,Circles Sustainable Coffee Mug
0xed1afb38731ce824d51e01ef733b0031b69fead9,deep
0xed20fb067685e9aa042dfd4b6497d9b2164e39a8,CFO
0xed24193e175e4a45f14fe02fdb07e84e3e013e6e,mathis
0xed28f995c6535bbc0a73cad70cadfed3b299b99a,Test 2
0xed346ab41ed15f7e6f5de2ba56c6d9ac77e42315,Rúben
0xed35900325144378fe25afdfd29256afea5e725d,HDGL-group-wrapper
0xed3c34e8014e069a3723e054cdf930f307c1e01f,franco
0xed3e137b23fb9e01dc9e8dd8c40f633877636f75,song
0xed4b40b64de12e01e75027cd445775bef767dc3a,nikky
0xed533afc4de2ba6094ca8a2a555fd1a9915a8022,Gardens-LBPStarter
0xed56febf83001cf26fc3e057ec8edcb544cc611d,SafeGrp
0xed5f1808601fb30ab951b7381e3243ae4313658c,Zuitzerland-treasury
0xed60bb4bd7ad87aa7174852f955fb39587e56f86,42Berlin
0xed63d1c3800f3e2de030f80102a07e998919665e,chimil418
0xed6424d6a4ec1bbf62bfb66b468ae7b9c5f31e30,Sofia Sukhinina
0xed64b61521b5247b365e3cc29536329d74e250e7,fhmtest
0xed6620e467b3daae642d1429369ab02d41daf324,seb
0xed6ad4a91d6c37b74723bd5fc15a9e0e682eba6e,siffre
0xed720d8370b6f8b0f0ab45a45771156b37b563d9,TestGroupMM-minter
0xed75da997ef33e53bd1dc2b360e14d47a0c0f488,ManonD
0xed7767a44a8cdeca82303f2a6b00d5951e2d5c41,h-lp
0xed7c25c72dee85068888a88132e88b20374b97d7,Adriano
0xed814356f6b229eb99afe5ac64083e765f09e3a1,omirec
0xed838752d4046251e8d19f24a9a76f281243badd,rob
0xed84574479dbf9e1a0328d0c5834843a7b1f22b7,tommr1412
0xed86b107f8bbb109f2db5fc060bd59cb83d663b1,Sent 100 CRC - get 0.01 GNO
0xed88239564223e50a2f84aa01612be7339b44248,fabian
0xed8afdaab345900ab6b1711520d10019a93c7e92,Will there be more than 50 - add
0xed939460d911cb9da1770a200b4ba348572a42c6,jayjayformentera
0xed99359730dca46959b5784b7c0ef92b01a33e3f,Test Seller
0xeda046c9f8fd29636bb621892718b9754f244b97,jamoncito
0xeda0b7c5c371411ecb7bf78cf069d4a3819cb2d6,Ines
0xeda188e037492abb8b615179d238061161ea6e31,Isha Narang
0xeda58d41f71809d9d76278412a58e1aa4ba52685,Shari
0xeda7a039c342ad8c58b4309bd4d252028ba356af,Khaeljy-mint-handler
0xedaff32d206261a89b07819bc6254b7f51fc18d2,Julian
0xedb143409f06e767f47c695c5ff6c7257d6d999d,Secret Garden Deployer-minter
0xedbb3e6b20d7feab040d3f431a3ec9546817dc61,cryptoraton
0xedbf5c3bac942d61d3b4dbf3a2f0c3698f6005bd,ABC-mint-handler
0xedc0beca5b3cf9c33099a31f51503fa27a0a63bd,bence
0xedc8dfbdd97d4696d4f92fdee6864d4714ba8e80,chandra
0xedcb4b5816e353f990774a4313b6dae883d03e79,Chris brother of Philipp
0xeddee6e54a3c6432e56894170ba4258e1209035b,FLYCDR
0xeddf73dfb5add9f65f91fb9d90d6544b9e172e49,Freshest19
0xede0c2e70e8e2d54609c1bdf79595506b6f623fe,lumoswiz
0xedeb0423ccb85b1a12df56305e3bbd7a9c2aa990,Clem
0xeded6c48434c09e2e13265072ffcad41d98a9ad9,gravithex
0xedf57f79586347d5de33412cfe2ff5e0c8511455,Krystyna
0xedfe3d4f9b68529b7a53035f799e7d7777b56bd5,agvd
0xee00268451bcd6b1abc687cb4a5aabe389b169f6,António Alves
0xee2adbd3e456e15fdda3e76532b8525614280e7b,Test base group-treasury
0xee2fbf6487ca63684facc084fe7ad671fcdd0487,iberico
0xee310371e110ca0a6862e99a2d03d8e07f501ab4,Cow Swaper
0xee388c3517c22b5ed14abec223091f5c41f12eac,righetti nina
0xee3b6dd034183da97f983cac3cfdfd45a313f6cc,RateYourWorld
0xee43430e100afe936311069c6e1d9c30032a9422,yemao
0xee4a6ea711ce1092fcd4dd66040542cfa72fb4ac,2075
0xee4de7682d5acd906f7dcbbbd776554bd2dfb4a2,Vince
0xee4ef0cf9b6f0988d9ae46409d5954992bf758bf,fulldnodetest2
0xee581d45629e99d8373323f928f33a58b40148ec,Test Circle Group-treasury
0xee5b71140ef80e94836182b597c83a18dcd1a4b3,Chanx09
0xee63173da914ed00fca9bd98e9b3d428fef67750,Circles Italia-treasury
0xee657924483b5f68c7b305489d3861d555c9f71e,Kris
0xee6646706ad030be8846b515afb94abaea5f42ec,Dave
0xee66d9d40a634cb39ebc0d0784a909e13219e8be,Qimiao
0xee675e299a950976ac6541f5a276eb961ddea138,BILL
0xee6b397cc1dd029a6c55736aa28827184c6c25cc,aberkane
0xee71df3f1ec3144c21f0b32154a7d35b4453e074,dkball
0xee725b22fbb18fc0d340f0b4a6ac8d56a1c5c07c,ijilana michael
0xee7e9d56875c3b5a12579433f3b24fa859cffce8,citrullin
0xee9bde5aad3681f23e4faac193389c5eb7ab5c85,PerroquetQuete
0xee9c3f8570327b1169c051d115c5568f60bd3660,Ezhil Ganesan
0xee9cd2f3d1d3308c42de5028fa2ea79da9579adc,Circles India
0xee9d2751ca19d6e32578753c51811d2974724dae,L
0xeea055a90009e5e8f64edf8017249eba4ee087c1,Melly
0xeea0b7559b1ea3af87b5c4ab03659f52c66f8696,ngochoa1242
0xeea26a2cee8304fff1aa0a57aa2a8346393b1f27,monadila
0xeea4892c1b5b4ec4dce850f8ec7dd35da03a32ec,Efimov Aleksandr
0xeeaf94b02378fec1d47d977c1f730907bd4b6b35,LogGroup
0xeeaf95d1c53b90d7a949d831f780fb45014d8174,AdvancedTestGroup-minter
0xeeafd6f0d0845a5e2359bfa7ae9575aa06035cfc,wanglin
0xeebb4552affb687799985e3060350164174eae26,Octant
0xeec2eb477360463e0ed60efbca94827bea096fc8,Benjamin
0xeec58354bf961364c340b0e72691e8bae7d58d03,fynnox
0xeecae593589a6ee4a12ae64f19420b47f3112fa9,Builders Residency
0xeedb1b150eaf4d718d7bf14b32b0ed5263e38d19,Khaerul Aminullah
0xeedb580be48c5c09be960640721a6f96d389ef35,BaseLogGroup
0xeedd8d949531113c3fa30e2dc67df3fb0d5d5a98,elarapoon
0xeedf2014e6c112eb2425f8ac1053968e51928e90,testing group sk-minter
0xeee98aba733627978fcd4321cd89deb0caf6502e,Chris
0xeef125dde1b0fd7827eb8f054f803da58375b8fa,Cagtay
0xeefcfc9fa1493c6425087b27fb40409c018e418a,Danisco
0xeefeef9a79d08e19c7175def1af923a0c9f9dfd5,TestLottery
0xef0089d7db2d2de879e9a438a9d65a2edb8ea180,RMU
0xef0b14965f6290b6698b848ffe240863bb139c94,faswfwaeqsf
0xef0fbed069b5f12e8d4d6e35f31b00c4cde4aaaf,Keva
0xef10b83ffd3f0d9b9da8ecc5e714c96a807881db,GroupFromPopup-mint-handler
0xef11a176570c4ce62aba6dc6b54faba80b459598,casemidio
0xef1f005bc7d3c20f14bca9d6a4447879fbae4b2b,Mimi1782
0xef21ada0ec6fff1efb86f1f258e072a70f99e1b2,Bombastic
0xef26444c23c6302a7f811ff33b986458be68b018,xarthon
0xef29d0d0380c8fd5a413a38735f613ee70df2653,Gardens-LBPStarter
0xef2bdd6a41a0f3bd8e96a447b2b488b6ed313804,Kevin Marshal
0xef3a1c53e898f9965000f8afce748aaa12444fc7,Kontox
0xef3d4ec5696c8a8179082405b4c3b8332af34401,Daily 100 USDC - June 6
0xef46b49624f9b1c0826c28ba96d9f3257b4a23eb,henryp
0xef4aafd23b8440dd56bbf9a0915e21fbfb6489fb,oro872gioioso
0xef4da3cccca7cff93ced98ad12fa2ef84cf345c7,Lana Mejía
0xef5c1d4666b09f6388dfe341f5b82947de3e370d,sheldon kennedy
0xef5c1d7023fe976d60beffc136024ca68e33f657,jerwing
0xef63594eea262e3d6cf3b93143773ac65fafc2e6,Circles Amsterdam
0xef66f7c0edb3c32f37f1c2d9c5d44c710ae6427e,criptoconfi
0xef6ec09cd8331dd6e9050d245c9032a4b9985645,Ironman
0xef762529174e8bf02070890eaaf225b52ca3f62f,Bettor-mint-handler
0xef7f4e001100c793b9d09abb27ced1885c478ea8,sapdeutschland
0xef82dbd009426a96d9a7f86b1856d716cff334a4,Caitriona Egan
0xef8323b6c63092177969ba3c243ab2f8623c1e7f,terezabb
0xef9285cee7752529ee42f0108f680815f58ce4f0,catarina
0xef9c6f37225c8305d506476d4448e00c0b28f993,789-treasury
0xefa014e6bfc5c51f4e68281da7c35d72b0811e65,wmitsuda
0xefa0a0aea56c2253474c010d11453ee1eb23cdde,paynet
0xefa270b3ed4dac7ced67268cd507b27eba8b5a53,Gita Alekhya Paul
0xefa8cdb2aae917cb8d987916a19d0166c3fc9cea,Jan Vd Hurk
0xefaae8bdf0b169103f7345515fcfd48c4e481c4e,BaseGroup
0xefd305aabfe6d85fa7758a6d90e3c1ec509cd802,tuan
0xefebbeb378fa02379951969c8e00f2cbf8ea35be,sio
0xefedd902bc1a3aaab3407081ec0e791e3abf3838,zink
0xeffe2d66e3a9081274141fd706e676b760dbda9c,ceaser
0xf004385be867db9cdb74adb2a58db3969d9f6560,Aswin
0xf0049e5424f2de342585b926bfecdf18fffab7cd,jordan
0xf0100583aaf0287b54d593cccadaa5dcefacf7d9,Open Berlin
0xf012850d4a03b5cdf97e9ba853709fdc50fa82f1,rick66677
0xf01a8aec987508a560aed2fa87e519afa97c71de,Yves
0xf01e3021f78332e27f1cd08bafdcb31dd93dfae8,lucianoutn
0xf024778734e159f54c6b2777f87b11e077561b03,RafaelCosta
0xf030f908808a960be9ca9588ff95c6772980bbf0,Severin Deutschmann
0xf0324237a84845facb4c17432369d34fa9772f62,wow
0xf034900a1f0710c2ca638064ca4f879e7b2eb216,Panos
0xf04712e4613a7e55cb275b52a342a29618716cc5,Samuel Alves Lessa
0xf048d5d30a38aec5a6892118947e9fb1db092217,KwameStalwart
0xf049f007160038534221e09e6a590e9d14d4b10b,automationuser2
0xf04cc86758d83b0146d2b2406a5ec8d05f6bb94f,Dozie
0xf066e7e11a179adabb0cbcd9de3d5ba75f2c8172,SilkRoad
0xf069c35881d5073c89ad8fd1cc7845880bfc7ff1,lucemans
0xf070a9d6cdc9e13d6b88b8af66ef72ecfcd170f8,Marko Cip
0xf074cacceac749c7baa06e2075d6c5a4a0962eb4,AtomicPersonalArb
0xf08b9737ef4e83bdb3a8a5146190f19183b66483,raozhi
0xf08e8663dae7389373013a180a0c77332f0d982e,ffbs
0xf08f11bf699b5b3893f34f84117b3edbfd54721e,mrflip
0xf098a051f5479b9e6637b6b1ca7e1b297baf7de3,dayitvagoel
0xf0b44309713289bc2c2261f9ba93070e3b60814e,bun
0xf0b981c30c6ab2a3731c06aa7a09079bede423de,Juliet
0xf0bd08146cb0ee4a58d011f4f2427bc2aa3e8a01,gabriellicabral
0xf0c31b938139f6256bcea828a71ae46afcbefe06,Felipe Carvalho
0xf0df181ffdb2b02ff774e245d6191360bf3be285,Kacie
0xf0e3839583239c7cc839f4007b33c509765ddc44,ooo ITA ooo
0xf0f29a5d046dc34219c87f54ebb94c93f2f02abd,FLAME-treasury
0xf104db2b3e19cf1543b6df742994097b392c5cc8,kerma
0xf10873f4cfd7db36e8998c2c4da360dacdc41ee1,xlababba
0xf1091ed8a6f72a27f97969818ba29031aa6e58bf,CirclesLisboa
0xf10a1dcd1a976bb1d9cf468e0e3db0462d73e772,Grid
0xf118949173a24e78d5d47a241b2bf0abf37d6868,mateo
0xf1224c58931c090296dda2f14eaf45e5893bbfe5,Eve
0xf130574e863e76c13ecb058f5afd05f8651b3fe4,evonne
0xf136aad9761c7c0ef03a674741437d9408b55934,roxanneen
0xf136b8806bdcc0048bb972aeec3d5a21eaf30814,omikawa68
0xf13d86f5af076904bab4d01342ed627bbf8ddb59,TestAcconunt
0xf14ca54931422d8dfa73a3b0e94caba6b82fada4,febo
0xf1519fa7fecbfdaed04e5b3ad37224c7aa08d11b,uuu community-mint-handler
0xf15264fd9ca5f24d6092d719598066558be832ae,dunghoa57872510
0xf155a1a869c9a4ccf6fb0e47cccf4f7554b25c4f,jhorsgno
0xf15ddfab5f3ed2f9638b0235fe18a3d5caf7a2a4,sdfdsfdf
0xf15e8ba37c91106ccda0f5165305ed5a96b4db57,manub
0xf1627a68430ec5e5833a27b987adf0b55f95173a,Anastasia
0xf1702aa7043dd6ec8e15932e30e684215b1222d7,grazeeh24
0xf179e5e7dbc365346a27bbc6a1a0a2dc6fbe5f14,another me
0xf17d5cf424451625db61671fa863609c8a72c91f,vb_test_5jan2
0xf17da3f36e7a059b770deaebbda37471fc504970,.
0xf18a5396b770dacb9a432d4c727393cf801b06dc,nhdng1216
0xf196215a0246f3fd77750f8f02601deae744b6fc,Audrie
0xf19b17479c7e5dd1d313a944578851eec5fe125a,0xF19b...FE125A
0xf1af6027779b76a792faa0103175d45778e02a08,davidcathi
0xf1b9adc2e64ae86d221b520e3a48a1fb5ce765f3,Staking Rewards-mint-handler
0xf1ba2000e669b4278762c6760bfd808f3fb93655,Jkayode
0xf1bb4aa292735be93c6f6e7410403bf2bb72138a,Backers Effective Mint Handler
0xf1c1e58e8e3edecdb014a53ba00e3641f661ef68,Ermelinda Macedo
0xf1c5310eae499e7322608cd94eab368e550c0295,Falanyth48@gustr.com
0xf1c7ead9b5f7a56ab7d190b8d784fb27ab392a5d,Hagbard Elmyr
0xf1d5b2fb10ff538f647e2fd7804eec08f1677a2f,Cryptomato
0xf1d6c43e9e96069f25ede6e810cabacf62a81f5b,vb_test_acc5
0xf1dca3600444517470051d51dfcf67298575e741,testCustomMintGroup
0xf1dce2ea05eba293f9870a87ac72f933b7dc1b9a,skhomuti
0xf1ddb9faf013e1ec6790e9b7b22266fe44153288,ooo ITA ooo
0xf1ecfc113b7c7def0e8e92e173cd6b756af28cb4,tanoeth
0xf1f1ae5c73f43c0000f490bb237692f4c17acdc3,Fem
0xf1fb484e38ac88d1bef43b922bf6e2684ffa3fd3,deep
0xf1fe29c89cc5b42e0b691882dab253e317477e8a,chrisk
0xf20fdb2ee91775c999efcf6e071b4fc0b4882a27,faklzefh
0xf2102e3cc03f19012a26df570770012b0fca2ee4,CoqMalin.fr-treasury
0xf21c73a81eabb5da49fb115301e0f49eb6260963,The Q
0xf227a436e770b0dbec751d64623538e2b7041a50,Kobello
0xf22b635db5118217e23e29e1777d0ed8d36ed80b,org-group-mint-handler
0xf2309493108b745f87b110ace1b43f6cffd52f68,von Vopelius
0xf2372816531f931bf87b71bd9528c6bc952e3b1a,wadfe-treasury
0xf24514903a4777da5a70e7c92c8b5819c7f771e2,Mattin
0xf2451f61fa361d3b17c9276ba4c400dc0620103c,Obeeus
0xf24727ec1662fe25c6d6e592f96a5df57be0e1fc,brinda
0xf249baeab283a0037f603d4cef52bc850214b548,0xno
0xf24ceaa2d85a3b4a90e1fbe9dd7902f7d790543f,Gardens
0xf24d13895f8ac03de9ed85d2a7dc25ec7753a982,Ajtraxler
0xf25f6398a0ee073dbd6a2bf7edbf68861b566703,benz
0xf262466167d45c89d2dac20e4527f6cd40e0f7eb,usermnhcjgr3gjve@sisood.com
0xf268bb6c19187b96021bd5cfc50ed8a7086e5e64,NeuroCircles-lp
0xf272e67ec2aa2b47990e87ab9078190c155160da,rny
0xf2785c16750ea5f5203d32e267329379fd2edac7,HOSSBAKER
0xf2814324a23730ff567cf713accca808fdbaf272,Ant
0xf2826d2ca04573d2377e79f23805815b3e8ed62c,Jerri's-mint-handler
0xf2888dbf7f04491fa3917d345ef48f0bae49e43f,AdvancedTestGroup
0xf299aa624460b98eb77b1dcd57e77cac76dc2169,123
0xf29c08f1fb3ac243deee32fcbb367b3d33cdac34,Tundra
0xf2acf453f758ae2cb4f0ec57fc4fc29b42865c05,FullNode Test 1
0xf2c013bbf0f4efe128b9f7ca8efbb8294ecf6081,jin
0xf2c0d803c467a417ea9594511eede2376c7d5af1,madvil2
0xf2c5af6993ebcf0fdc26b42dd579cbd198bcbb90,chamil
0xf2c7349ad2ea81f15391f0f9318b4854e3869f78,cormac
0xf2c82e79cfda78373bfeb31dd252ef86cda39303,acidjungle
0xf2ccdad39253896555fb9a19b438ca905074c3e9,aslanasx
0xf2cd49c30e2881c4506998f8741c8188fdb418ae,test CRC-GNO offer cycle
0xf2d0b61eea2910109132af4187d2acab084e7a39,brojae
0xf2d4812d3d7377f30d69ecbd2c3e5b61b6309adb,yuxiaolin
0xf2dc1fac250cc0cf528d78cbf7aafb37f1869f23,shubhammadavi
0xf2e02161b6c37f4f991013f387a3c66dbbe02d44,Arbbot Blockscout
0xf2f3b83d585940115d89bb940f0c9a011ba15006,SolarFlareX
0xf2f5fd9972f9b06eb451f0e012fb95f871237dc3,Cosimo Rotunno
0xf2f9bae86a42643c7dd6190c3c73a413b9092f2d,bhupendra das panika
0xf30ef9966deeca19359ae6014f43fadddd5d74c6,TempBaseGroupMintRouter
0xf3183407745fe69a5d45519b27518a49c9f2fff4,Jan
0xf320125c9b7afcc867f2ae1e9013960205d7a028,febisola
0xf32d624146972df4350396f41407b48363498e80,federico
0xf33159a1f6e9e7d68a92e9abd89340e51a9f1943,Diana Deaconu
0xf33a4ce881e9b24ce80317d88ebfaac188168191,Automation main user 6
0xf33b3284d58a20ab9bace28295a301b4ee94f1db,Casmeg
0xf3507acd1b23d96aa894b914b98e23d552bc39f0,yoyo
0xf35128804511ef5c98d3b539592c88e0928bdfa3,vibern_dev_test
0xf35128eca9d901d17023d918b8cd157f608e0922,Kysyl
0xf35c6b3ee7c6d5e23741ccbc7407465d0bc56035,derike
0xf366561ef1ba87f96f4bb61f80595f29660b74f4,Crypto Alchemy
0xf366b6a66ab3a243200774bcee569e37cfea461b,gitana
0xf36aeb7eccece56ebc80925203a3f3487713bbcf,biraud
0xf36ebf844f9a1adba34d9d42093afd2c5b9b63fb,tae
0xf374091aa083225bf5b7053bf557456aa8a88d79,Jeffrey Teo
0xf37e8d3c427e2511690c4a1477c2f7f9d1289577,peanut-treasury
0xf3871d50eddef560b65f956315566faa391dae30,barukimang
0xf3895a1f2e040b30b01e8e4e3af36a391b070d87,efra
0xf3949b027df2da9fff1246115e80aa155511d642,NewSvelteGroup-lp
0xf399d56b0cb21cf1f32a60b3bf7df359706b397b,mlxg
0xf39d9485ac4ba3c61f227be0fafd9298da706d58,test jukebox org
0xf39e9285bd3b21d27eef4465f9e68a669f7bb64c,JhaeyLaine
0xf3a5fd0374c2a272092e0ca49c82d3dd865776a7,carlo
0xf3a69df4829d85edeefddc3b45a184e8c3d319d2,koriant
0xf3a8a84df8cf8fda275cacd5367c4746e141569d,jacinda
0xf3b94eecd6842cd29ca89d782ef13cb4d532df37,GaetanSemp
0xf3bafe147aac3fa5ded38612cc9060463c87052c,nikos
0xf3c41c86b6a2bd59985f1fb432287988c1267354,croco511
0xf3cc9fbc07e3b8ba8148b7aa5199a23b7fc25ad5,0xf3Cc...5ad5
0xf3ccd9bcaec430e621f21b0b9d5bc2f8ff76f0af,jdeeney
0xf3d0e5bdd651d8e18512332800162b26dfd0213e,test-minter
0xf3d6b8857f9b748a82d3c4549b3cb715081e43fd,Gnosis Effective Mint Handler
0xf3e97bf7fd8bb8fce0220783c5fb6c2320964a90,Test POH 2
0xf3eb1b5c6112da6d43ed55b3d45c101aa8e49b25,TestG345
0xf3ec9eb2a918b2517738e642f8b13fd79ed3a417,DevCon 24 Bangkok NFT Tree
0xf3f59984a5bab94938a44229f3ee6f6d2d8e2cbe,SaPhi Sushi &amp; Poké Test
0xf4030492969ac09e2fedee797c3788106f1c7902,Circles 4 UBI-mint-handler
0xf40e15801e30296a3f2d4fcf32de001f3fa493c4,Pay 1 crc win 2 crc maybe
0xf41134699736e8f30723281860e578fe2d4d3691,Will there be more than 8k - Yes
0xf423043ff6433f7f72e8dcac5ffa981359986721,Holuwawalter
0xf4249b6cc711cf014933877c6a2b7f6e574188e4,Mary Rose
0xf42c8cf9f2483c9e044cd6b499c98d4799ec9af9,Ayomide
0xf430b21aa0d58ae488882f7f4e1c1b37764cf393,julien
0xf43bfc0f27181213bebd11851db760641f673c47,Fura Gateway
0xf43fa40670619d655efe1113ceb2647f13a1f40b,Inn(er) Circle
0xf44209d22717813fee955c16523493764df30248,Trustinbeing
0xf44b6b32a6d8250c5036f3850d194f1f224c9a45,Vicente84
0xf45f59f73c1d16198f9bc3a4612bbc40817b2bfa,jeanclaude
0xf4606ed4de9ed8456647787a1ffcced89fd83fe0,BlackFury
0xf4642af98051c421947fac488a598b7a53c53c2c,Cornelius
0xf468ad2cc1811e0d0f47bfd6f84b7edad3945daf,Karim
0xf46d3ef3e310460fe032ad08b04afd7bff0be8f7,Open Internet Club-mint-handler
0xf46d9c1e4694d7bce68a35dbdbf3633c37d2ebf3,Daniel Dennis
0xf476ec5c01d22ab3f2c0ae0d57197673baa5e54a,vuvyvyvyvyv
0xf47e1cc1a83b8ac0e66ad9c30e780e2036fba7b5,zanti
0xf48554937f18885c7f15c432c596b5843648231d,paul
0xf48c600364e56ea0923a8e9a7b3ecb6fc333dc14,Kasper Hammarström
0xf4a7e403337bcea65068ceafeee937d718a87474,soink
0xf4ad5ecfd15bfb7f90af083081aca47a7046a84d,fwcz
0xf4af029b8b911ce010b58a56bce46831f4265418,k-sterio-dev
0xf4b6efd979adc206921537328a7328fdab99e85b,rotki
0xf4bc52ace7bd97a1cddd983bd5e9dfef71b2e955,rKive
0xf4bede2212e0002c4355ab7f87ccb84916152590,Liebertee
0xf4c2f5a4360daeea8fe69cf677fe654111e4824a,nick
0xf4c7095c7f5160ebf9e27c968b43fd015e7d0bfd,Pranshu Rastogi
0xf4cd5856c50fae3cf6eec5c38f817c0e0207c9d4,Najib
0xf4cdb488d325fa731ef7a0b8c8cf166610d7b484,TestCMG-LBP-02
0xf4cdc251455b6a7ecfa7918f57970d32461a6774,Galvoran
0xf4e67582a67d4a95c67451abcd45704dd3eb2453,janheski
0xf4e88b7dd260ff0de05383174f4316c6d82cdc27,0vni0974
0xf4e9918bce43ac9b277ee861afb5b30d004ae91d,Florian
0xf4f2fa4961789c1e0ffc6d9fa2a27694ed9994c0,minineww
0xf4f8fd7b20df2dfa5ea65319b0e3442588eba595,FFFF
0xf4fe220654fa5e99f2b25dea6bd5025b010ecdc8,NewGroup CMG -redeemer
0xf5057436f98b722386002409b86295d61edd1e15,t
0xf5081ccbc5984c8202d05f4051c634a42c313d67,ivansesum
0xf509c3d43665d3cfe85f489ded8f22ea3aa95b21,cryptostan
0xf50c66649d9eaa6c2a77440cd92e4ef8fa716dd8,The Circus Hub
0xf51302158397043de8ecb350e45e804136e8d5f7,KURO
0xf517deee668f21969afdd42a024bce3d7c39acb2,kassandra
0xf51bfab7ead35d9ea2373707bd7849595adad555,bluebird88
0xf53bc5a4f454ed89e559615811e828529e204626,Will more than 1001 humans - sub
0xf53e4efe6baba99b67577930743df41502c5a87b,Frederico Moreira
0xf543261a41b35a47b805e0ab0fc9a20651c79b81,yei
0xf546b16060dcbbff866f31fce05eb1d032c22cdd,Md Mahabub Alam
0xf547f42d76396d44358d0b2fe278a0dfbccaf546,Enrico Pietro
0xf54f4815f62ccc360963329789d62d3497a121ae,troopdegen
0xf561f63af671d4dde1772e4d5948c8fb1df5807e,piezascripto
0xf5623250fa65680e3370dfef14ab2d33c7915d54,Full Node Test Group-minter
0xf56ab32c9f85c432dadb26d287998fbfadb26156,Chinasa
0xf5723371c487f233b87a7377112662206774db35,metaportz
0xf5786365b0e96c76093bc4911110d41f3b23615e,kooka
0xf57cd38da511dad3db8d9f74356a4e2287e1255c,Jordan Enev
0xf58577a8d244690d1fc6a2c9532e57fb731309e2,henna2k
0xf591a1dbef9417d44aef24fee1093892ae440a1a,andrea
0xf591a27f73c644ec174279a26a483a2c85f868cb,Test-treasury
0xf593ec89d3905cf952e1cc0ab6c82752737acec5,test usernamtrue
0xf59477bbb30ffd3ac31664cffa0faad44a0c881f,cenex
0xf59f61dd57481d531ae41e03c9edbb8ddc200edd,maria
0xf5a8aaf595eabf5e858c8ec5f2243ac4a2bfc127,Cannachris
0xf5ad4678689c520d4e393f5b8997de309e7fe709,testmemo-treasury
0xf5aec2ee2f6136cb4555b8805004364b3bef95a9,alfede
0xf5db7f3539e497e13dcc423849dd0aa5bec51649,hemanta
0xf5e4942bf6bea93762d67f897a8aa73e623d7d34,Bob
0xf5ed9d53f6731ec691fe18699e7a21306a0cfd2f,Rebeca
0xf5ee7c72460f05c90b9f126ded218d84bf037c51,0xStella
0xf5ff80db3fae9d074c7c4f868d190e6ea90bf83a,Harpo
0xf6076dc05cd8bd1606dfa12b7bc291db65abec65,0x8696
0xf60b04193d7902fc75d22f72c6891de82bde0f27,Jaqueline S
0xf60e9f39eb861e39584056453919e41e12a5de53,StarryEyes
0xf6177a6b83a446be4833f550eb5c4262d6ba6222,Royce
0xf6209049bcbd1e8bc6646ad3bae61a1d81dd6987,Marcel Bier
0xf632e2069041f909b0cf57d055eba844412984a3,cindy
0xf63351e186f2beccb02cf704a2886df09e4ebdf6,Ademar Arvati Filho
0xf642ffd421805a00fdff5b3a9948fd5f51603f32,tibo
0xf6441398dbab5c839eb306dc25cc620fdfc29081,Florian Hoenl
0xf64ec03ad71d9118cb2245549af402c288d677c7,Test group 2-mint-handler
0xf653cbf6a91f5e6e2b492b8b7ba3825c82d89d30,Vocdoni
0xf658ed9dfdd61e228daecddc16ee187811c6985c,dappcon testing shrn
0xf65dbb2abb28fba8898f786e6845f4117bb4f43b,manda
0xf65ee32fb09f6795d43bacf93ab037d469dde614,TestGroup
0xf678bc064ac72f4714c3c4455b755b78b37fa5ac,clora
0xf68180727bfc9dbd2733e708566cdf36a75e3a4e,THP For Good-LBPStarter
0xf68a5a56b19ffa6e1005b45a87237a59ec2bc9e2,baby
0xf695f3099f83b1c83d537c21cf05a23ae750c0e4,sugh1993
0xf6ab1f9053d55f7ae14c17c5130475dfca7517cd,breadchain demo
0xf6b05bf443d3f07a47d522f7bcfd4f5f6bcd0836,GEORGIOS ROKKAS
0xf6b197d05d68b8a92fbcc979a728c0506d216024,testaccount
0xf6bbe066c7f0eb98e3f79ffe7d1a88d30a5317a6,TestG56457-group-treasury
0xf6bc92e77c95d192578205d68eceec3e19daf55c,Osprey (Old/Inactive)
0xf6bd2a1dcceebd7ede3fbcf1020f4647f1ad03c4,Ömür
0xf6c327260333d1a6ab4cae70571891d2181fb9a3,ggwp
0xf6cc2f6f3406c2c36390876da484f4702cc3f29e,cramjam
0xf6d222cc4db574268ac8fcd6b591b7675f773d70,victoria
0xf6db79de135245acb643f6108c866a62ff2d10d2,djaksnfjkaenf-treasury
0xf6e427ebfcff511bf48e6921572077ef89f86d09,chemacoronas1
0xf6e5030a8e2a7698341fd7861bc1c63a596efe87,deanmccall
0xf6e5f26d647fc0494e749823e7feb33df3641acc,Frutero Circles
0xf6f2a96ce7eabf3e00fddf2ba0c4789623680046,CRC Auto Minter
0xf6f2f58b260f07ee23daab9a3b5b0217462cbe60,Erik
0xf6f38f09ad00cec7754c79cc9e834b0624b0e023,laurence
0xf6fec3445c751092f640158f9c51d0cdeb78cb32,FIFA crypto launch by June - Yes
0xf702900fc2a7319acedceefbfa395f632e44662f,BaseGroup
0xf70f86cd4289f6768d8ded0750ea81c2b832b5ec,siwtest
0xf710c97af02d9dcbbd92c51a0f9e49abbc6dd168,wkmb2
0xf712d3b31de494b5c0ea51a6a407460ca66b12e8,Metri Test Supergroup
0xf71b4f32abf50b2c628985eeec86176f25b641ad,Duncan
0xf72189e4730928911adf2b8f47e210b5105b011e,tricky
0xf7281b025156345a8694d5129d4afc8523866a9c,Timotej Šenk
0xf72ccc13128ac481dc16a8ebacb94ee9f1258292,jaki
0xf72dd52a3a5653ce5a369b70e2d3dd9efd56cf00,JasoonS
0xf73eec1721e39c2d5250c256c1ec691432831e73,TestGroup-treasury
0xf73ff7c8a069d42b2f858de122addc9139a003ef,noel08
0xf7419c172b2207c60f06f014f8cd267ff256dc4b,Gianluca
0xf745475df243ea76d61a7e903278b789def3ceba,mariusdique
0xf745fbb0b5031d66c30c9224158815910c76c18e,max007
0xf752ba67b555559cef42a814e6d3e446ec5e8182,Max
0xf75afc473d0c5b3f4ea74490b062c89de0a18da6,paybis
0xf7610276238e867b4d0f505397e2101db5a08f44,Federico
0xf7671d5ec7934bd973d920da239e05ec46d34be8,FDB and TDS friends-mint-handler
0xf76c4ee2551d97c09e4417add7dfde1a26e421f3,Hellllllll-treasury
0xf76c834c29cc32e7b9083a5cb55da492e4763ed1,ayoub
0xf781ea3003367cabafcbbf73d993b42e4fe90119,easfef
0xf7858f7d57278cc950aaca2b0360333c15618e48,Satoshi
0xf7865197564c307bc4fc3b4982d6aec9bb40bbdb,Dan
0xf7868283796eef9e02711932d826f852a54d3036,tt
0xf787a3f9d27360c1940c6b7bbe5bea8c32d2cef9,vanbolementzel
0xf787c06ed946b26faa81a317ae33cbd48a4eb9eb,test-ticket-01-gateway
0xf78ca7a98960fddedbdc696c8e801667eb8a0467,Thomas Garbo
0xf793b76b98bf77bf83603828a79850a437584c6c,jalbrecht
0xf7a2b69bec2622a3f00cf3aa7e4845b3c41bf3f1,Aqua
0xf7a8b5f350222a7b8d052e9b1067428b1e8b6374,LALA-treasury
0xf7b0b74f292558be19273d3176d180d2b80860cf,dgroup
0xf7b18119ede970697be6680c2ee4355d9cdbf7d5,Paul
0xf7b40423b3b0bba7c59b7bb38fb3d4cc35ab59f9,grasi
0xf7ba6e812fa139dfc5dda7aad2d38985f3b107c4,mescalito
0xf7bbb3ab759f51ebf8b38c102d2896561f6d04e5,Atyra
0xf7bd3d83df90b4682725adf668791d4d1499207f,ace
0xf7bfd8bbcaf9c56adb9c8c1c526681c0a9160739,invitationOracle
0xf7c18d4342ab083e601ded19f0e92889fd6fcebe,momshie20
0xf7c1ce330ba6246664cea71454c4c56383cb0194,Maxine Koh
0xf7c6013ac7e3cbddaaebaa59c5badf09758d1b5b,Mikky
0xf7cb381290bcc82a7d99dc4b80c71a7c5a5a9d22,AndrésPérez
0xf7ce1cc91b648db4c64896487416747db2db0b2b,Darrwalk
0xf7d7a55a9a39fbd4044bbe7264e6add7075e7010,Will there be more than 500 - No
0xf7df2cad44bce19c206535ceb15154fce0e8b499,mi familia
0xf7e65e39e198fdfe5348c112b8e39abc51a9faf6,SG - GM2-minter
0xf7ecace76041588b5f590ccea3b65e39f9e0db65,ablat1949
0xf7fa83b9eb2b76bfddd94c10966324fdb35ce35f,enolife
0xf7fd8ca968b341c2add79160090e2fff00e74d3e,trippy
0xf803cbf94c0d884225b1a873b8e377f11210da5a,0xF803...dA5A
0xf803d04ddad3d967dd600495cf8f8d1bad432bfd,fede
0xf804d667ac2561100f3d8484d08436281745e43d,Metri Testers Group-minter
0xf8068069d966608cf73cf6c2076c08c31f296d22,BTC
0xf806d0c1899146c2ef4f2dfa67417ec4897f92dc,Evangelos
0xf807a555260570f716e70edbbfd910ed67314ccf,test_offer_4
0xf8212f2205c22a984cc59e3509bb2b134466eb1b,Sandara
0xf831262d27d80e779c38cc889cce86a3ea587fbf,pikado
0xf8373cd3cd08eb0810dd3a8db07c661f9728100d,dedra
0xf84b36474e8a3d137ab604b5c352225895df75bb,Goldeneye
0xf854603b07ae84b40305a40cd320712dbc86134d,Daily 100 USDC - June 12th
0xf859bbdc02632de70d9d3ebe0b5d03644a52131e,Dai
0xf85f94b990eae0c91b4257d3aa8b5026ecd08852,NERD
0xf866c62c5ce08daf0eeb173b3afabc0f47367ce9,IvanChu
0xf879574da7553a57fba1c10be483115ce602f588,Christyp
0xf87cd41a0f70cac525769fb711fc364bc3652b6e,Leophiladelphia
0xf87e5f85eb03db0a3f3c089e80d94405c0cec288,test32243242
0xf884d676caaff0373420909a2c515f5f0fc403c4,Deborah Hadley
0xf88a8c54cd23c13b8a7195b0c4bdba949f19edeb,0xF88a...EDeb
0xf88f54c17e8a4674c7d08b2cce16bb90ed908207,suga
0xf8919d0fd99e208bf7a827b86981f912ca70aa0a,diosabelle
0xf891efcb72d8db2e95810b397caa202eeb0da69f,Block Builders
0xf89ef6a44ec5b8a84332dc6acc14eb5e4a74f325,Gibran Zoccoli
0xf89f966992d61f7e96539397249fec93145e85d9,Haischel
0xf8a0356a77c94671cfde38fb24730d1e6b978cf1,gerryh
0xf8a215839d1c6c9f4cf7cc8944cb66d44695c67b,HDGL-group-wrapper
0xf8adee63bfd1efbfa6e9c2de1668594a14624b55,antejon
0xf8b0365079d1facdf088f6d56ecf640834e22c67,Phil
0xf8b4a309fb3d01fc50ad193b05cbf3b996d77dfd,edgaras
0xf8b916ff6dc3e0be7d5113025f1cf4cfd292b01f,Ahzam
0xf8ba6e7bc55a0e4a64724c3a03d71e62b0a8b03f,Sarita
0xf8bd604cc9f3e442a9497ec913bf9859a406b186,yoongi
0xf8bf8fecdb323229d91d064a76a90a69986c8a7c,Block Builders-treasury
0xf8d866269be918d1d2261de701ddf62d7ee14e14,Babsman080
0xf8e3f8dd7c6db29abce7d043e704b824f9ebd356,VladProg
0xf8ec617836ac04bb82a82d4db659269943ef33a8,Jefferdex
0xf8f698c287f8ad47c5685264692834158bb96f32,TestDeployerGroup
0xf8fa1cccec1d4401a47366314581ef05837877c1,0x12155f69
0xf90355416e140fc706cfc7c58727f4449a7651ad,Stephanie
0xf9117e9931e6ab91f025e1afa4e70cafa5e0aa1e,Gnosis
0xf915e6af1014d6cee875e82a793dbac696707253,Tadej
0xf9166ff201a074b66ee18ed91da14cc8ca44a85e,iandreeacia
0xf91fdd5e441d632a3c333c5954828f40d8ccaa85,dummy-score-group-treasury
0xf927af124e62485ec53465372c7bcff62ce679c2,MB
0xf929378797b1267c65480bba3d837ca88f6be9f2,UUU Community-treasury
0xf92bf63b5b07eca3a79780f377be4ac1eff37ece,k
0xf92ecd6d38937e528dd3bfa7229605769872f1e5,albi
0xf935340ce3dbd0bb1d3a88a35048b34088a7c542,Crypto Royale
0xf9372dfc68fd02fe8d5da3af9052146f03826874,hadungf3
0xf94669702fb2599a4b1afc369a82a7a9241a6234,Joost van Selm
0xf94ef92dd58591c2e494ea48820d5a001b761627,KRAKE
0xf94fe40d4b80e9de53fe9a36b360333693c15560,steven
0xf95083b7aa0349bb5e5d4a1c6669846f01d13cf6,Arcade-Org
0xf955562ae943d10f24ea710f4eec93b0b4d62249,ooo ITA ooo-mint-handler
0xf95946f266b06facf3365d84f2a7b746577e9740,Prince
0xf95e56742adaedf576b43895843ef22c35f261af,testCustomMintGroup-mint-handler
0xf95fae6418bde36afe36d4d0e68959da17ec1008,dexion
0xf96131552f5e3ed60f359511ccf6c57662f7f937,CirclesLisboa
0xf96f55059bfea0e392909d1b766e35ec3e850d6c,patricia
0xf9747926076354f63dc7dc91115bc4c8f7fb1497,ynah
0xf97bab4032bad1bc893721c0280c49d6f2af2c7f,markiegonz
0xf97fb2d16c9b37be43c4d6d040207beec7e02194,555
0xf9862cbee3b40791bef0940fd5ddee492cdb427f,Vilius
0xf9865671711bba1876c799ce1f8de1cf23e5531d,Lucas
0xf98a2a1e0b6c1d499df0fdd784b055e3eab5b060,0xf98A...B060
0xf98bac40a62ef5da3bcfa074680879e30df376f2,poop
0xf98d314a01687a7200969b3782a98983843ca142,Matteo Negri
0xf99360d93529593dd5fe3f4223efd9174e082e31,IceFire
0xf99874d591fcb4d72590219be908c1459afd9ab7,guiro
0xf99c4224f27411ed0c0a59529d6358f3b97ed8db,arnav
0xf9a862360d73635d6845b69e04cabb0f533a9c7a,Antonio
0xf9ad634db91e1fc07394c241a70f54d3af42d5be,Circles Group-mint-handler
0xf9ad74d3f6d6a3b2127ea5351188bd741075298e,Karen
0xf9b538a170ddc02b1aa00bd7438dd66d15b5810b,Regenton-treasury
0xf9bed70045adbcddc94ee84261a5e66119d8a000,Stefan-treasury
0xf9c399ed32dd38dfa46e9603743bc35316f8bab7,Stanislav Kadlec
0xf9c39ddc361cf2425dd2f5c9f266cba268aed138,CRC-SepETH offer-26
0xf9d41b5fba26d39180a3b2d5806aae6cec898c6b,btcso
0xf9d7d7407d1270d66af1a366198bb6c742f44b81,Martin
0xf9d9ee69a5c208f571baab1cb8b869df9b1fbb9a,theCodedCoder
0xf9dbd2a304179535d2b37aa01c0d146c8433d481,Junie
0xf9dda1de21ea4bf7aa17ca9c718f8ba2c6baaf7b,Owen
0xf9e074291fb929496dff1df8e9c7ca4f9d7a5b46,mangiacaprini
0xf9e08fbf2f4de72f63a679b493bd44422a929a2e,Potato Salad
0xf9e09abf3918721941bcdd98434cbe2f2ff13685,tatiana
0xf9e178464dc24da2556dbb0e662f86fd935f31d0,0xspartan
0xf9e2ca3b3a9be46bfda7e99234ab5f422af411ea,Paren
0xf9e9ed77c4ff523cba50022003411d4cc9bd500b,Gea Barahona
0xf9fc58ca2416f7d6c0face21dbad121b6cb9eb2f,lamar
0xfa2c819dc7d883572c83f408401ed2db6a88dabf,chocolateboy
0xfa376bdec9003014d907a4f9aae749de0b01dafb,web123
0xfa3deac48b9685cdedab3a6c2c211788cb475268,Alexander Grant Segovia
0xfa4208ecc697397f0134701fd3617f7853f4c403,GIBRALTAR
0xfa5362000a73b791144210faa8d2d377dcf3ff60,Wiebe Hendriks
0xfa57ee01381a9e6a3275c7c514ef87cbd4e79b46,Ovni2009
0xfa6abf6988f94c2e3c84f4e948cd2629d95b6dbb,david
0xfa72f4f1ffa64b73667ce0ab0a9719eaca27bf5c,PrincessRewardsGRP-treasury
0xfa77f5e9f0a5ed4a8fa67da0717ec75d5ded4758,Pablo
0xfa7e3fa9b040692bd52e87fa65a92846cd7ea6e1,shanashana
0xfa83e2119b2e4873ee6a1c039b9b4090ee2412b8,sunflower
0xfa83f2c9c59cb1de0c548818125e809eee5d8734,electriceel21
0xfa86417432220f5131170f2fa9be0787950eff76,sdaesfewf
0xfa8eca7f6284d03e035689957ba1db4cc7aab971,Inet1949@cuvox.de
0xfa8fec2b2d5531344e9add54b2545b0a1c08abf2,abc
0xfaa311c23e0ab41cc375a9f5a82e77d5d1280fb6,Bryce
0xfaa313ca2cba030d7b282e3c42414cfefae5acc2,DIVINE_GRACE
0xfac15a3a5518da31cf781b0427ae4c01ba3f86cf,anedi
0xfac229b2a1ad6b85db8f6e06b1809975b4d60bf1,CoqMalin.fr
0xfac22ef25d7e5d4fe0a52e16200df4b39372c444,BatchGrp-lp
0xfad226fe4140fced3c470bc1ec240a36122c86f9,Hopium
0xfadf0ffdfc3f61eafc056dc7c59289637692d390,miniorg
0xfae01cede23b3d38fbc1fdabbccf008e78752b00,Dappcon25-LBPStarter
0xfaf0d6a77bc934c107fba10982eb26530ebd065b,Vocdoni-mint-handler
0xfb0081655265f7cd45a9ccd598f5a2ba29567f21,mi
0xfb023bb4ce3a0e47e734c71dda708811dfa3a233,rfikki
0xfb189e089045fb9ed4d5611b89706e7c28241039,Automation user
0xfb2f0a8b89970ad899f9a9a16494978e54ae8b19,Circles 4 UBI
0xfb34b489ecf2de0cf4e0d5bc6404f31dab5ac125,Arturito
0xfb3618f118eeef41abf87991b043c355c48a484d,Pi
0xfb406c131101f94182ce69ddd8eb139e172c96dd,TestOdooSeller
0xfb42f21e2f43c0d8ef2b63720d569eb7e3e899e7,mGx
0xfb440ad6d1d3c8e7409889144fc3c804282fe661,nicoya.red
0xfb49256200acaace422a537f07c0269b263bd136,JUAN NICOLAS MICO REYES
0xfb4b9c07c01b57cbcb9330123c98a0568b911bcb,Mxdr
0xfb4c2d9ded21abd8e292d1261171005b80e846a2,Chikabuso
0xfb527cc26276c427a13c8eaa466d9bc393c1e022,aghostraa
0xfb5463493dc8fc0b4c4d6cdb91ad458a58516103,Ethereum France
0xfb5c25fe56f5c254e83c02379328d7ac264c61d3,BobLon
0xfb5ef50b9e6b5c494af7486bac809414181d2749,Jovenil
0xfb6eb8b877a9b3307f0b8f99b9a8e48ee81af3cc,0xMentu
0xfb7257f1bafff94cc1a453ab436f6d754bbfcb33,Latricia
0xfb78705eea7a9f3e83cd0352821ced96fef1cd13,Juliette
0xfb7ea0e8c390b30864e422d675eec0b320150abb,tanguy
0xfb7f777c356fdb412d5a2bcbf342ef2d54aeee26,arun sathyadas
0xfb86b1f876277b9abea860d9c71286c8ff3c3f9b,lea22
0xfb8eddf95b0354b0a46798457fd0cc3582018adf,elenio
0xfb91a5a25ee709f367b3b7bb53bdc8118b3d2096,Vitalik
0xfb991657f59e56f32503f75be1f5928e7f8a9f4d,Zakariat
0xfba0404d1b29df640103b0c77b9103c321adfdda,Mairon
0xfba25aa2f78a5cb608cfe20165cfb6bac651b99c,Samlooptest
0xfba650c5d1c76081ca9da8bfdfd02421ddf620e3,remmer
0xfbad3ce0383d0aa3f4150efe990acea58d327b5f,moo
0xfbb2caa8750be8d2e3057a9fc76af57bd641db8e,test-e2e-group
0xfbb95884a3f1733ba04a2c15317bc62623d900ab,Trader007
0xfbd9a40bf16101e9604a2d5d5d0c84af2179fba5,lynne
0xfbdf7d67008636354c3f8a0be675554f3aae4673,dwdefqwffedsfe-treasury
0xfbe29426d02d98f6da3286321c7bb33e2ef0ad66,AbdiWarsame
0xfbe5aee9cfbf929cb70e3a479d63ad154c7be3ad,SDKGroup-lp
0xfbebd0b90af20e71cbbe32cca4a2f4db0dee5315,HDGL-group-wrapper
0xfbec1a31d0fa4aad2d4739b1ad4419655199c5f7,Devos
0xfbf9c19ceef4143ceab591f3f46e8bafda095f4a,TestLottery
0xfbfbc1382bb821c6f75845b91abd3afc227f3597,NewFuture.eth
0xfbfc926fb6a7222b530e7b56770beae6837624cb,Rasim Muftiev
0xfc00f195cad65797c10fb9ee9efb9cecfa8dda5a,boris
0xfc07d3f5b24b019c3678de1138352ffd729ad0b5,Gabriele
0xfc1954cdd561e7b9b1339288317bfc0209ccd541,Jean-Jacques
0xfc1c47eebf959cc57959e2287a7c5341cdd1c32a,CRCTEST
0xfc22e56c343c1014658c4bac59054709e754283e,tirupal
0xfc25cc0fb5f607666234bd07ce0c97ef04c5d175,Anahita
0xfc2b3211edac2551db6c0ea03babab61d4642a0d,markoiva
0xfc2b93695f41e61b3e6a67f3e3a21ed061584f4f,allison
0xfc3403860d4dc8c9098d7129f72c12de18059800,smartprogrammer
0xfc3d0415932f5cc8fce90728eb32f2d4cdc12721,sarah
0xfc4ee69b1fafba9699fec009819373a3c1b572ea,abc
0xfc5361815724a54896a227bf2c096069980cc02b,Bettor
0xfc54ad817021d3065cef6b0b89045df7d842fd66,Aka_Kwak
0xfc62cf7ff4f71507a96cea490ab3b80b681db032,sdaesfewf-mint-handler
0xfc6d40c7eec039d63409797c1ae8108cb7b7bb8e,Onyx
0xfc8675c0af49efd1387fa550ad00d376093d6e48,kolin
0xfc93c0197742bedb015295669e4452e678036dc2,bijitest2
0xfc94540a635eed7a4a7ccab8aab23dcc71bcc64c,xin
0xfc959ad97c4957773971990cc8797dfcee470c95,demo4247-mint-handler
0xfcb5a5a8616ae2e49ca4394f1c5b7d3e452b7d60,test
0xfcc90b9e68e75c41d5fe48aebb719f60fc6ef0e0,Blockscout-LBPStarter
0xfcd419eb59d4fa7b5d37a6c6d3e6e72351c0d009,kpk DAO
0xfcdd68072f3d757b7f93357aed1cb17edb41251f,katedaddy
0xfcdf01b890771c69183276b918a3485f9000ba85,HDGL-group-wrapper
0xfce91313da1ed69dbe482bca955f86528fbafa47,ancientencoder
0xfceae705584b56739412797995bdd8a216a08811,Will Circles reach at leas - add
0xfcec91d025a78c893ea5214baf5fa8f27b302ba3,laveta
0xfceee796a0041d1f58e52fb48f5ea60b7eef4671,Lynn
0xfcf61b670a03f4658a5d0153eeea088530353666,WWW
0xfcfc447d71780c80317eecf0f25ab89b219a7371,CrossPoolArb
0xfcfd746dafcdb9c48da287cdf7187ad9b878d43f,rodririos18
0xfd090f0d9dce3493645d5528f7ff32e0956b419d,GNO Bonus
0xfd0d31657a4cd58e394b57aa4804ba759bed20f8,1lavas
0xfd0f9571d8ef2f4dccd37471cbcb6c8fd4bef78f,ladu1616
0xfd17d2c3540102e1144ba5b76fb9c843fc9af9cc,medlam
0xfd1a8187ee093038bf0b13dc5244b1b38169b265,pelancho
0xfd1b02474106228d83a028d6f87f9133e5b3c245,capybaras unite-treasury
0xfd1ba896789ff63812f5eebdfd86575be4f5b377,f6group-mint-handler
0xfd20e9822d744f5fca13e480b118170ab77f668a,Ba
0xfd2387516115900e7e7dcdda5611c8fa59d7009d,Subi Group
0xfd2fd5391f9c6e5e9bbdc38e4b22cebd56e2b89e,Elon
0xfd37f4625ca5816157d55a5b3f7dd8dd5f8a0c2f,TimTam
0xfd403abda8ce5fb4702f1041909a334acce0c24c,irving
0xfd405e5ccd4df5420be0080f5e17ea32fc4ffb7a,Angelina
0xfd5fdf7c42067ec142fd16f2c10ccbcf05e9b87b,Vova
0xfd6945243f0b5b1423ab84903b1265dd3b95f8f1,fullnode test 2
0xfd718c7fe10508c6919ff2b2452a67f022d39cf4,test07
0xfd77b6c46b40234d232bcffe94b68c883ecd88e6,SDKGroup2-lp
0xfd793250c555600acde7ed6b580eb4d98b896033,TomCruise
0xfd87127055dc72766e090d583a8a2cc16a1a16a2,Circles Amsterdam Safe
0xfd88a0784904871dd849c7efa9232f19235a857a,0vni19
0xfd8c846b7dac0297d15e38e6d70f2311996c39d5,Luc
0xfd8eb2ed49c2c7a0737c5a8bb14e103d887516df,nukta
0xfd93ac26185877d6fc20bc39c740ec3c94ec6e10,0vni0984
0xfdb1d2f831d0f897348f14c07ffab6a527d40c49,sohan
0xfdba189dd8b95a9e2cace9f161a54fc2477f75d8,Send me group tokens
0xfdc9dcbbbe20f0a24a056b8c008cf008c452cf5b,Malafleur
0xfdd29c1c739aabe461fb52cd424bfeeb19f0f30c,sanchez
0xfde0a7cc4e206907b07ccdcbe0c266e4550dab21,Victoria
0xfdea8140093878bfca93aaa35d3d3087f4ab136d,chim
0xfdf29dfa83f80df977541e7ab6591bcbac1a7638,eyinju
0xfdf875a313ab78f039c246051112bec04365d602,amal
0xfdfc39d07a268969690cb0e2d3e10ff477da6d4e,Custom group-minter
0xfe2ae20b3f392e7d727500ba3fd5b1b2c0a9eb15,Mehdi_Benembarek
0xfe2c6ea8d255287501c9611ea295e6de095735c6,simpleone
0xfe2dc1cf89996aed6924c7dad87e8ed1eba56998,Juozas
0xfe310cc1aeccc5cfff3b6d67aac49735b82a8a88,Lunahashford
0xfe33293bb06526ec5aff1c2c64a29757936bed50,ItsMe
0xfe41f55cfeea1eb737ffa23608be36938cec376c,markus
0xfe473f14e85cce7fc515fc5555a9ad86a1b9d095,msgtest
0xfe488dbbfdb2a05a67570bf11fb255015dae7f9c,Circles Cafe
0xfe588f9491bc7dc24cef017c91ff633535a6782b,Hiroshi
0xfe5aae224276f92a82bccae247fe0fadd2e02ae8,Moon
0xfe6620e5b7b348f1784de87be28dd4aa28cf4345,Robin
0xfe6b0ced7a77f5e3a0e1f17d14c71a495f229b05,The Inner Circle
0xfe7dcc26f3d781d3e7c633a47d0b75c4ee6f7204,chrisvice
0xfea428fadbc6a78e99b79d8618d2f580f2ee9b22,SDKGroup
0xfeae04d1716da70c7a4b317a3b16bbed7eec0f84,Carina da Silva Viana
0xfeaf5d82ed63ba97b96cdce0d14d77222d84bba8,Taghi
0xfeb14a090af32c711742911e445a563d544459fe,simon0x
0xfebeb7058d9a99761d486a0c3612c6adb4f27b51,Ireland Org
0xfec27e13c1f8b0e50186374eca30b610cc51f301,Felix Manuel Rodriguez Taboas
0xfec2c0d6cdbf11e7389c652e0b250b1251c9e190,Joseph
0xfec642df1e1b97c662860bcafb9b28ddf24da66b,Vani
0xfed595bfd3590d68ec4a6c6ef117c6b3a4c90343,Elif
0xfed6943e79856be8e828a0cddc139a18ddbc4c2a,Circles Barcelona
0xfedc06a9005cb3181c6ed22ac85c12fb590d6f38,ming
0xfeddb480ca3e88cfba9e7253bfe1c55e55683695,drv
0xfedecf0096297ae6f77d56db7b36618b8d5e4a7f,K4th4r1n4
0xfee30bcdf3b0fa39648c715f77e3ca824cf0ca5d,FOSS
0xfeee05a1712cb052c30fab0b7939cee373ce17d0,adasterling
0xfef2a4dba80adef0da3954b4a1c7f60482084ba5,test0001
0xfefa078433398af852751b267681e468306fb505,0xFeFA...B505
0xff025b583617f7f3870b407c2218a3bf26429da2,Andrea
0xff0adbf6fbc12230469a640789851ce5a266a86e,Antony Varghese Kallery
0xff182fc4039f516be38dce18c882709787f29d24,CoqMalin.fr-treasury
0xff18aa05ea7d1f002eb72025b2bfc07a8d363227,HELLOWORLD
0xff2b050a715c6b97696e0554e3265f16a681b1aa,Test
0xff330dddc64df8d7c74846b86babbe4b81b8d0ad,Mariano
0xff36d8dabf3a9baa1fb2fd0125e8b89591f27e5e,beelo
0xff3875b49e59f15c08ecd8a8bbf3dc5caf69e9e4,b_nayak
0xff44df0f4255ca7a68fa18887f43b2bb2070156a,Black Thunder
0xff499b556307ebb4ff62894ba65e135b3f07bf39,Raquel
0xff49f8f1f9c6c8ab01b824927a28114c5ac27a59,adsdaTestyy
0xff515429c88cc545b8d6a7965171d87faca3904a,Hunch Pool
0xff52712e0297a859c668bf2eb097ee0683d82915,dexalien
0xff59e8bf44977272a4a2b945c3aab9fd4d374767,Lukas van Amelsvoort
0xff6088c192900b14a10d09afe4bc73fa614d1487,Onchain Fellas-mint-handler
0xff6690f0ef953a381521ec8f7ac72956a09dd5a4,Vocdoni
0xff697f701d9dd59e420ed255c7aef5edf805925c,asdf
0xff6aaae9b073699f0c05fe90aaff01b2ff4d4571,kreilow
0xff76fa89bc174947c641386637f663073c3d48e6,dumbphonedeliverance
0xff7c7a1e0682bc3ec92845694fe7109181e15b0a,0xAkerele
0xff872f9ce694e5b2b296a45e3d41cd468fad1514,CirclesLisboa-minter
0xff8f493b7ca7f94fa45716196c368dcd909462cc,Ghais MOKHTAR-SLIMANE
0xff8fce2bfede117f5993f2734bcad49d3831257b,Amir
0xff93942f005592df25912ffd0eaa0dd49e1655f0,hirschi
0xff944963c9d76c1a2879c94c2cad3369d005c99a,TestLottery
0xffa4584e36fdfecab6e75230f31fe6fdb82ae99b,Af93
0xffa92f58c6ab53b091b63c449cb26d41839a61e2,Kendall
0xffd14cf2c684027191168531c59eb7e45cc1e605,samanta
0xffd25890cdf83262382e004fcc91f95698b9027a,liubin
0xffda59f94b87f7296902a42b6a697e8c794f23a6,juankbo
0xffdd49ca728e34033cdeb6200d1051796d63e4fa,mysest80
0xffe03ef295967fa8dec63a59d9d9663987588158,Panagiotis
0xffe5c3ecb5e2e091b61ee4461bf44de1357e3984,fatso
0xffe6de07bb91d5c0f46347170fc8c5081953e221,oyvind
0xfff11cdce98c396e13af4be8df211bc09527d1c3,Will more than 1000 humans - sub
0xfff535ef0b7ee903f94043d8eb03b9e1977eae2d,Charles
0xfffd39d29eafeb9a11e89724ab7908efc37513fc,Bella
0xfffffdad21f328a353fef9a9aa821354f790a326,Niko
